{
  "timestamp": "2025-05-23 11:12:32",
  "summary_type": "24h_hourly",
  "symbols": {
    "BTCUSDT": {
      "current_price": 110951.5,
      "price_change_24h": -0.550728301798542,
      "volume_change_24h": -86.85694442285936,
      "oi_change_24h": -2.283173396780025,
      "hourly_price_changes": [
        0.0,
        -0.628651223154153,
        -0.016415503450861735,
        0.35903533160250856,
        -0.020314497180240476,
        0.21226669543641385,
        0.20320443981514114,
        -0.49646075855980243,
        -0.10068735541377549,
        -0.2067116898838317,
        0.16183084569929562,
        0.6205958152359914,
        -0.08265965268616782,
        -0.256250761850807,
        -0.0634410003190089,
        -0.1527686736999545,
        -0.08330031338928956
      ],
      "hourly_volume_changes": [
        0.0,
        10.307165527042184,
        14.158077079822373,
        -44.69578405620225,
        9.513137694124318,
        9.331853419484304,
        -46.930386343615815,
        73.40199188393792,
        -43.10896509246075,
        -46.54954938520035,
        14.890600430807055,
        50.57092979301996,
        55.515973755891146,
        -15.027058935468284,
        -24.083934263194017,
        -25.999964680804787,
        -78.15103125004237
      ],
      "hourly_oi_changes": [
        0.0,
        0.03562923648312566,
        0.044524273268020664,
        0.0152404057240485,
        0.0592334538624506,
        -0.024227703206347595,
        0.006862077776692566,
        0.011088038985396231,
        0.02385297089646521,
        0.007929238015003115,
        0.0076252749505512085,
        -0.08311610824434101,
        -0.002944014676320439,
        -0.0014604597253442542,
        -0.018151693113166445,
        -0.0701058808030175,
        0.030680617479017513,
        0.0025139609607593982,
        0.026854304172374555,
        0.054516838979590254,
        0.02957828860692402,
        0.025315217765697895,
        -0.15413060253046673,
        0.4241408941313418,
        0.0699889684017796,
        -0.008614022945596655,
        -0.7772022007052737,
        0.34861822968232925,
        -1.2850846517120207,
        0.7664640264435807,
        -0.9714096200493905,
        0.6331883894205914,
        -0.24240428228703426,
        0.606974122778059,
        -0.4113914834935506,
        0.9549988519433006,
        -1.8049169342653104,
        -0.37383604536930237,
        2.527683412037196,
        -2.6916903939684045,
        1.9841635483976994,
        -1.999039194633101,
        0.9473700767763216,
        -1.3190429105701895,
        0.08361675784427369,
        1.6566241761465816,
        -1.1020522477506844,
        1.3096185986406272,
        -1.6562265441306567,
        0.8157645332020014,
        -0.83530505576761,
        0.4028195954881797,
        -0.19240652485229548,
        -0.04081695115867312,
        0.09761505735002007,
        -0.5881656862793627,
        0.667610663544882,
        -0.3207092545257306,
        0.01257296982828393
      ]
    },
    "ETHUSDT": {
      "current_price": 2712.35,
      "price_change_24h": 2.100727839171701,
      "volume_change_24h": 151.77777442256837,
      "oi_change_24h": 6.6222571523944955,
      "hourly_price_changes": [
        0.0,
        -0.5134131055846813,
        0.847871241614917,
        -0.07390733445882258,
        -0.6960687508682284,
        0.5009470735239052,
        -0.012414228963519847,
        -0.898826521590268,
        0.2353816599722114,
        -0.19202945209110256,
        -0.013281976358081593,
        1.0976165173827157,
        -0.061568032676107,
        0.4778218535881784,
        1.122700762673845,
        0.5952314932916369,
        -0.31533336028489733
      ],
      "hourly_volume_changes": [
        0.0,
        42.56215991573278,
        -0.9732067540469069,
        -34.23397310583094,
        33.35618200801515,
        -43.172509232908865,
        -35.399090219712235,
        70.9349935069652,
        -28.755964836528523,
        -55.194656140181664,
        84.4647133427846,
        6.115811146586503,
        100.77321517646195,
        11.891157496796477,
        148.09952773759028,
        -66.30388695658911,
        -82.38669866256636
      ],
      "hourly_oi_changes": [
        0.0,
        0.03559210925718759,
        -0.014048104018349328,
        -0.034455550701828486,
        -0.01955282828363103,
        -0.030050216775889815,
        -0.012353027512734815,
        -0.0014252022603411518,
        -0.01107570847784789,
        0.020384735049505665,
        -0.07627066731182852,
        -0.020064801365848872,
        0.04273300726107543,
        -0.027964691269466435,
        -0.008494577451279017,
        0.041637260766935746,
        -0.028137604430233942,
        -0.03454992122792211,
        0.02220385265545577,
        0.029225362317975012,
        0.004550259489843889,
        0.02102458319819256,
        3.3284536397309994,
        -0.22146977857007144,
        -3.4855959942617587,
        3.1065778589950854,
        -0.41917051706930053,
        -1.9003652346575972,
        1.6383454073102932,
        0.6842244330690805,
        -1.1879642746381869,
        1.1495983534274945,
        -0.7787044000386212,
        1.1091027257389197,
        -1.0469062920100525,
        1.629263060440378,
        -1.9761719658798804,
        0.10336454199748601,
        0.8138961473847628,
        -1.0609598836934353,
        1.081024623383553,
        -0.8689566884729216,
        -0.06672035573761503,
        -0.22957611182278237,
        0.14908064438805546,
        0.43958646986028693,
        0.005726132881811452,
        0.031335136238253014,
        2.5578037782750807,
        -2.8752532481718274,
        5.013848320222403,
        -4.666114744099414,
        -0.1885608346413381,
        0.08504540705813746,
        -0.40030215162244476,
        0.653366959815016,
        0.3957022058868498,
        2.388862032905381,
        1.7319334798634456
      ]
    },
    "BNBUSDT": {
      "current_price": 687.75,
      "price_change_24h": 0.028485894142649126,
      "volume_change_24h": 106.65858877326065,
      "oi_change_24h": -1.2357423182140503,
      "hourly_price_changes": [
        0.0,
        -0.2719643973879804,
        0.05687452604561383,
        -0.5698794653918426,
        -0.28144239226034484,
        0.0191097783265759,
        0.10434884848842252,
        -0.00880902043693954,
        -0.11012245617125771,
        0.23371698196410495,
        0.24343745417216844,
        0.42863830534263236,
        -0.16897551311745307,
        0.3837567303342837,
        0.1875109017966059,
        -0.16539717083786654,
        -0.052317216724073745
      ],
      "hourly_volume_changes": [
        0.0,
        96.98657335665244,
        -43.600993229679894,
        72.4728525196382,
        2.257123846379905,
        -65.21863071354284,
        -9.117093028828126,
        -31.4848315229589,
        57.50903788016322,
        -5.636402018826425,
        26.16644372823862,
        5.38050527080105,
        3.9317963376730436,
        -13.59616674321138,
        127.53767184600106,
        -40.034849991337595,
        -76.89444876390172
      ],