{
  "timestamp": "2025-05-23 17:24:10",
  "summary_type": "24h_hourly",
  "symbols": {
    "BTCUSDT": {
      "current_price": 110957.4,
      "price_change_24h": -0.6524574580292652,
      "volume_change_24h": 150.48385982520824,
      "oi_change_24h": -0.8963952341275894,
      "hourly_price_changes": [
        0.0,
        -0.49646075855980243,
        -0.10068735541377549,
        -0.2067116898838317,
        0.16183084569929562,
        0.6205958152359914,
        -0.08265965268616782,
        -0.256250761850807,
        -0.0634410003190089,
        -0.1527686736999545,
        -0.2254961997046112,
        0.015073072812876731,
        -0.3019574895113619,
        0.1896344626012736,
        0.18502925413697024,
        0.3535936513662241,
        -0.291780978252576
      ],
      "hourly_volume_changes": [
        0.0,
        73.40199188393792,
        -43.10896509246075,
        -46.54954938520035,
        14.890600430807055,
        50.57092979301996,
        55.515973755891146,
        -15.027058935468284,
        -24.083934263194017,
        -25.999964680804787,
        128.9868109011082,
        -57.71104260424924,
        93.48126648943513,
        -29.97633494091696,
        -20.668706265700308,
        35.799092849519745,
        -39.03725011051623
      ],
      "hourly_oi_changes": [
        0.0,
        0.606974122778059,
        -0.4113914834935506,
        0.9549988519433006,
        -1.8049169342653104,
        -0.37383604536930237,
        2.527683412037196,
        -2.6916903939684045,
        1.9841635483976994,
        -1.999039194633101,
        0.9473700767763216,
        -1.3190429105701895,
        0.08361675784427369,
        1.6566241761465816,
        -1.1020522477506844,
        1.3096185986406272,
        -1.6562265441306567,
        0.8157645332020014,
        -0.83530505576761,
        0.4028195954881797,
        -0.7589704639987871,
        0.5708968778290968,
        -0.6332605138655967,
        0.5962191833712938,
        -0.5469432720823453,
        0.648103085655527,
        0.005181887296257237,
        -0.5933168285662593,
        0.7064250254501081,
        -0.038542090929549744,
        0.16377385420514035,
        -0.4836909494205677,
        0.01257296982828393,
        -0.5360816546798985,
        -0.11954956933835081,
        0.27989496553806337,
        0.7474879012724811,
        0.06677428100663185,
        -0.0795027860045483
      ]
    },
    "ETHUSDT": {
      "current_price": 2665.6,
      "price_change_24h": 0.32795306386521617,
      "volume_change_24h": 329.472536299995,
      "oi_change_24h": 1.1337815010036838,
      "hourly_price_changes": [
        0.0,
        -0.898826521590268,
        0.2353816599722114,
        -0.19202945209110256,
        -0.013281976358081593,
        1.0976165173827157,
        -0.061568032676107,
        0.4778218535881784,
        1.122700762673845,
        0.5952314932916369,
        -0.8871966570253464,
        -0.03263138768684337,
        -1.4744557496355615,
        -0.05534305162339104,
        0.5149377140080347,
        0.5025558770180849,
        -0.6029599853827894
      ],
      "hourly_volume_changes": [
        0.0,
        70.9349935069652,
        -28.755964836528523,
        -55.194656140181664,
        84.4647133427846,
        6.115811146586503,
        100.77321517646195,
        11.891157496796477,
        148.09952773759028,
        -66.30388695658911,
        54.27521694695625,
        -46.33072296797206,
        140.1207128603017,
        -59.658119236322605,
        -5.009273827653216,
        12.638977744967782,
        -38.58916569416857
      ],
      "hourly_oi_changes": [
        0.0,
        1.1091027257389197,
        -1.0469062920100525,
        1.629263060440378,
        -1.9761719658798804,
        0.10336454199748601,
        0.8138961473847628,
        -1.0609598836934353,
        1.081024623383553,
        -0.8689566884729216,
        -0.06672035573761503,
        -0.22957611182278237,
        0.14908064438805546,
        0.43958646986028693,
        0.005726132881811452,
        0.031335136238253014,
        2.5578037782750807,
        -2.8752532481718274,
        5.013848320222403,
        -4.666114744099414,
        3.7129936299536537,
        -3.761876239457207,
        3.1956134195132213,
        -3.01424441348096,
        1.0883956617076418,
        -1.4726693440778371,
        1.46974581349959,
        -0.8045539556047254,
        1.3195824770705356,
        -0.9118476888638538,
        0.7327721999805803,
        1.6440427447355743,
        1.7319334798634456,
        -0.9030427450870016,
        -1.831740001578963,
        -0.8683561206404233,
        0.16385403280434474,
        -0.006817442533990636,
        -0.49337629772300273
      ]
    },
    "BNBUSDT": {
      "current_price": 684.31,
      "price_change_24h": 0.47474218898235776,
      "volume_change_24h": 87.39017682255174,
      "oi_change_24h": 0.37922445166362895,
      "hourly_price_changes": [
        0.0,
        -0.00880902043693954,
        -0.11012245617125771,
        0.23371698196410495,
        0.24343745417216844,
        0.42863830534263236,
        -0.16897551311745307,
        0.3837567303342837,
        0.1875109017966059,
        -0.16539717083786654,
        -0.19473630669515352,
        0.27811348777611045,
        -0.6301910902015373,
        -0.24403074495135124,
        0.3354475808223789,
        0.3138869423031876,
        -0.40750389311755564
      ],
      "hourly_volume_changes": [
        0.0,
        -31.4848315229589,
        57.50903788016322,
        -5.636402018826425,
        26.16644372823862,
        5.38050527080105,
        3.9317963376730436,
        -13.59616674321138,
        127.53767184600106,
        -40.034849991337595,
        13.794309074283252,
        -31.513475613118725,
        105.59533470256794,
        -24.58495241248835,
        -37.34827172925546,
        -17.354250893379554,
        -50.97172109260008
      ],
      "hourly_oi_changes": [
        0.0,
        0.42344637335252067,
        -0.25348934216239405,
        0.507757536821285,
        -0.598079810782981,
        -0.18290685668365114,
        1.5554906067175134,
        -1.7094903433314435,
        1.4233944780629892,
        -1.3649133013206693,
        0.046811663493340205,
        0.04726711031792785,
        -0.06630324684269162,
        0.22232832441595463,
        -0.01761478395696514,
        0.1897883979802284,
        0.39708202749257904,
        -0.5109696914787132,
        0.20345983363974085,
        -0.3731366148898907,
        0.08638072920537088,
        -0.28722397793685683,
        0.3674207127785101,
        -0.3571234971068482,
        0.7291967433886937,
        -0.6314351293145393,
        0.659793137118525,
        -0.7492745143680479,
        0.8118694149098937,
        -0.40613503577067167,
        0.39178877805663426,
        0.30380796249982467,
        -0.402347396592706,
        -0.3480150468746501,
        0.3217821819598621,
        0.41761741396331153,
        -0.3281950068100947,
        -0.0005363715525841251,
        -0.1400690067346777
      ]
    },
    "SOLUSDT": {
      "current_price": 186.18,
      "price_change_24h": 3.845811816191358,
      "volume_change_24h": 306.71403346094064,
      "oi_change_24h": 5.779805144787375,
      "hourly_price_changes": [
        0.0,
        -0.8200379337275465,
        0.3768490916249645,
        -0.2409503530202861,
        0.005617030837501424,
        0.8762075937991387,
        0.6013363028953389,
        1.3227806065972958,
        0.3550554432730779,
        0.664053995210101,
        -1.2923110197901932,
        -0.37797863599013937,
        -0.5993621467062615,
        0.9459534214747878,
        2.0221394125383485,
        0.3330289520330876,
        -0.3265699448578574
      ],