{
  "timestamp": "2025-05-23 14:16:10",
  "summary_type": "24h_hourly",
  "symbols": {
    "BTCUSDT": {
      "current_price": 110689.3,
      "price_change_24h": -0.5004315238354651,
      "volume_change_24h": 96.12113146019095,
      "oi_change_24h": -2.3828777141994384,
      "hourly_price_changes": [
        0.0,
        -0.020314497180240476,
        0.21226669543641385,
        0.20320443981514114,
        -0.49646075855980243,
        -0.10068735541377549,
        -0.2067116898838317,
        0.16183084569929562,
        0.6205958152359914,
        -0.08265965268616782,
        -0.256250761850807,
        -0.0634410003190089,
        -0.1527686736999545,
        -0.2254961997046112,
        0.015073072812876731,
        -0.3019574895113619,
        0.19334568597437762
      ],
      "hourly_volume_changes": [
        0.0,
        9.513137694124318,
        9.331853419484304,
        -46.930386343615815,
        73.40199188393792,
        -43.10896509246075,
        -46.54954938520035,
        14.890600430807055,
        50.57092979301996,
        55.515973755891146,
        -15.027058935468284,
        -24.083934263194017,
        -25.999964680804787,
        128.9868109011082,
        -57.71104260424924,
        93.48126648943513,
        -80.16053160262385
      ],
      "hourly_oi_changes": [
        0.0,
        0.34861822968232925,
        -1.2850846517120207,
        0.7664640264435807,
        -0.9714096200493905,
        0.6331883894205914,
        -0.24240428228703426,
        0.606974122778059,
        -0.4113914834935506,
        0.9549988519433006,
        -1.8049169342653104,
        -0.37383604536930237,
        2.527683412037196,
        -2.6916903939684045,
        1.9841635483976994,
        -1.999039194633101,
        0.9473700767763216,
        -1.3190429105701895,
        0.08361675784427369,
        1.6566241761465816,
        -1.1020522477506844,
        1.3096185986406272,
        -1.6562265441306567,
        0.8157645332020014,
        -0.83530505576761,
        0.4028195954881797,
        -0.7589704639987871,
        0.5708968778290968,
        -0.6332605138655967,
        0.5962191833712938,
        -0.5469432720823453,
        0.648103085655527,
        -0.5881656862793627,
        0.667610663544882,
        -0.3207092545257306,
        0.01257296982828393,
        -0.5360816546798985,
        -0.11954956933835081,
        0.27989496553806337
      ]
    },
    "ETHUSDT": {
      "current_price": 2663.21,
      "price_change_24h": 0.026647361323117735,
      "volume_change_24h": 286.72914634426957,
      "oi_change_24h": 1.06344510071834,
      "hourly_price_changes": [
        0.0,
        -0.6960687508682284,
        0.5009470735239052,
        -0.012414228963519847,
        -0.898826521590268,
        0.2353816599722114,
        -0.19202945209110256,
        -0.013281976358081593,
        1.0976165173827157,
        -0.061568032676107,
        0.4778218535881784,
        1.122700762673845,
        0.5952314932916369,
        -0.8871966570253464,
        -0.03263138768684337,
        -1.4744557496355615,
        0.26542075778568375
      ],
      "hourly_volume_changes": [
        0.0,
        33.35618200801515,
        -43.172509232908865,
        -35.399090219712235,
        70.9349935069652,
        -28.755964836528523,
        -55.194656140181664,
        84.4647133427846,
        6.115811146586503,
        100.77321517646195,
        11.891157496796477,
        148.09952773759028,
        -66.30388695658911,
        54.27521694695625,
        -46.33072296797206,
        140.1207128603017,
        -88.1455535242961
      ],
      "hourly_oi_changes": [
        0.0,
        -1.9003652346575972,
        1.6383454073102932,
        0.6842244330690805,
        -1.1879642746381869,
        1.1495983534274945,
        -0.7787044000386212,
        1.1091027257389197,
        -1.0469062920100525,
        1.629263060440378,
        -1.9761719658798804,
        0.10336454199748601,
        0.8138961473847628,
        -1.0609598836934353,
        1.081024623383553,
        -0.8689566884729216,
        -0.06672035573761503,
        -0.22957611182278237,
        0.14908064438805546,
        0.43958646986028693,
        0.005726132881811452,
        0.031335136238253014,
        2.5578037782750807,
        -2.8752532481718274,
        5.013848320222403,
        -4.666114744099414,
        3.7129936299536537,
        -3.761876239457207,
        3.1956134195132213,
        -3.01424441348096,
        1.0883956617076418,
        -1.4726693440778371,
        0.653366959815016,
        0.3957022058868498,
        2.388862032905381,
        1.7319334798634456,
        -0.9030427450870016,
        -1.831740001578963,
        -0.8683561206404233
      ]
    },
    "BNBUSDT": {
      "current_price": 687.37,
      "price_change_24h": 0.761720908062713,
      "volume_change_24h": 71.65790539011459,
      "oi_change_24h": -0.26625081865457867,
      "hourly_price_changes": [
        0.0,
        -0.28144239226034484,
        0.0191097783265759,
        0.10434884848842252,
        -0.00880902043693954,
        -0.11012245617125771,
        0.23371698196410495,
        0.24343745417216844,
        0.42863830534263236,
        -0.16897551311745307,
        0.3837567303342837,
        0.1875109017966059,
        -0.16539717083786654,
        -0.19473630669515352,
        0.27811348777611045,
        -0.6301910902015373,
        0.44276236958236126
      ],
      "hourly_volume_changes": [
        0.0,
        2.257123846379905,
        -65.21863071354284,
        -9.117093028828126,
        -31.4848315229589,
        57.50903788016322,
        -5.636402018826425,
        26.16644372823862,
        5.38050527080105,
        3.9317963376730436,
        -13.59616674321138,
        127.53767184600106,
        -40.034849991337595,
        13.794309074283252,
        -31.513475613118725,
        105.59533470256794,
        -73.91286766416948
      ],
      "hourly_oi_changes": [
        0.0,
        -0.5285330276922573,
        -1.0978754201582674,
        0.8829326374008462,
        -0.567930127183458,
        0.5178303018136488,
        -0.31364935713735775,
        0.42344637335252067,
        -0.25348934216239405,
        0.507757536821285,
        -0.598079810782981,
        -0.18290685668365114,
        1.5554906067175134,
        -1.7094903433314435,
        1.4233944780629892,
        -1.3649133013206693,
        0.046811663493340205,
        0.04726711031792785,
        -0.06630324684269162,
        0.22232832441595463,
        -0.01761478395696514,
        0.1897883979802284,
        0.39708202749257904,
        -0.5109696914787132,
        0.20345983363974085,
        -0.3731366148898907,
        0.08638072920537088,
        -0.28722397793685683,
        0.3674207127785101,
        -0.3571234971068482,
        0.7291967433886937,
        -0.6314351293145393,
        -0.09442503907349797,
        0.40243709300056274,
        0.6967870260603748,
        -0.402347396592706,
        -0.3480150468746501,
        0.3217821819598621,
        0.41761741396331153
      ]
    },
    "SOLUSDT": {
      "current_price": 181.95,
      "price_change_24h": 1.7042672881801058,
      "volume_change_24h": 212.317069920214,
      "oi_change_24h": 1.1186366126536007,
      "hourly_price_changes": [
        0.0,
        -0.36883871688834224,
        0.3926407897689055,
        0.15644206056542043,
        -0.8200379337275465,
        0.3768490916249645,
        -0.2409503530202861,
        0.005617030837501424,
        0.8762075937991387,
        0.6013363028953389,
        1.3227806065972958,
        0.3550554432730779,
        0.664053995210101,
        -1.2923110197901932,
        -0.37797863599013937,
        -0.5993621467062615,
        0.6527631797311306
      ],