2025-05-25 20:44:20,739 - data_analyzer.anomaly_detector - INFO - 🔧 Khởi tạo OptimizedAnomalyDetector với ngưỡng 2.5
2025-05-25 20:44:20,740 - data_analyzer.anomaly_detector - INFO - 🔍 Phát hiện tất cả anomalies cho BTCUSDT
2025-05-25 20:44:20,740 - data_analyzer.anomaly_detector - INFO - 🔍 Phát hiện anomalies 24h cho BTCUSDT
2025-05-25 20:44:20,749 - data_analyzer.anomaly_detector - INFO - ✅ Phát hiện 0 anomalies 24h cho BTCUSDT
2025-05-25 20:44:20,750 - data_analyzer.anomaly_detector - INFO - 🔍 Phát hiện volume spikes cho BTCUSDT
2025-05-25 20:44:20,767 - data_analyzer.anomaly_detector - INFO - ✅ Phát hiện 0 volume spikes cho BTCUSDT
2025-05-25 20:44:20,768 - data_analyzer.anomaly_detector - INFO - 🔍 Phát hiện OI-Price divergence cho BTCUSDT
2025-05-25 20:44:20,777 - data_analyzer.anomaly_detector - INFO - ✅ Kiểm tra OI divergence cho BTCUSDT: 0 anomalies
2025-05-25 20:44:20,778 - data_analyzer.anomaly_detector - INFO - 🔍 Phát hiện anomalies correlation 24h cho BTCUSDT
2025-05-25 20:44:20,785 - data_analyzer.anomaly_detector - INFO - ✅ Correlation 24h BTCUSDT: 0.384
2025-05-25 20:44:20,785 - data_analyzer.anomaly_detector - INFO - 🔍 Phát hiện anomalies 30d cho BTCUSDT
2025-05-25 20:44:20,805 - data_analyzer.anomaly_detector - ERROR - ❌ Lỗi khi kiểm tra recent anomaly: '>=' not supported between instances of 'int' and 'datetime.datetime'
2025-05-25 20:44:20,805 - data_analyzer.anomaly_detector - ERROR - ❌ Lỗi khi kiểm tra recent anomaly: '>=' not supported between instances of 'int' and 'datetime.datetime'
2025-05-25 20:44:20,806 - data_analyzer.anomaly_detector - INFO - ✅ Phát hiện 3 anomalies 30d cho BTCUSDT
2025-05-25 20:44:20,806 - data_analyzer.anomaly_detector - INFO - 🔍 Phát hiện anomalies correlation 30d cho BTCUSDT
2025-05-25 20:44:20,837 - data_analyzer.anomaly_detector - INFO - ✅ Phát hiện 3 anomalies cho BTCUSDT
2025-05-25 20:44:20,838 - data_analyzer.anomaly_detector - INFO -    - 30d_OI: 1
2025-05-25 20:44:20,838 - data_analyzer.anomaly_detector - INFO -    - 30d_Volume_USDT: 1
2025-05-25 20:44:20,838 - data_analyzer.anomaly_detector - INFO -    - 30d_Volume: 1
2025-05-25 20:44:20,841 - data_analyzer.anomaly_detector - INFO - 🔍 Phát hiện tất cả anomalies cho ETHUSDT
2025-05-25 20:44:20,841 - data_analyzer.anomaly_detector - INFO - 🔍 Phát hiện anomalies 24h cho ETHUSDT
2025-05-25 20:44:20,848 - data_analyzer.anomaly_detector - INFO - ✅ Phát hiện 0 anomalies 24h cho ETHUSDT
2025-05-25 20:44:20,848 - data_analyzer.anomaly_detector - INFO - 🔍 Phát hiện volume spikes cho ETHUSDT
2025-05-25 20:44:20,859 - data_analyzer.anomaly_detector - INFO - ✅ Phát hiện 0 volume spikes cho ETHUSDT
2025-05-25 20:44:20,860 - data_analyzer.anomaly_detector - INFO - 🔍 Phát hiện OI-Price divergence cho ETHUSDT
2025-05-25 20:44:20,864 - data_analyzer.anomaly_detector - INFO - ✅ Kiểm tra OI divergence cho ETHUSDT: 0 anomalies
2025-05-25 20:44:20,865 - data_analyzer.anomaly_detector - INFO - 🔍 Phát hiện anomalies correlation 24h cho ETHUSDT
2025-05-25 20:44:20,869 - data_analyzer.anomaly_detector - INFO - ✅ Correlation 24h ETHUSDT: 0.387
2025-05-25 20:44:20,870 - data_analyzer.anomaly_detector - INFO - 🔍 Phát hiện anomalies 30d cho ETHUSDT
2025-05-25 20:44:20,883 - data_analyzer.anomaly_detector - ERROR - ❌ Lỗi khi kiểm tra recent anomaly: '>=' not supported between instances of 'int' and 'datetime.datetime'
2025-05-25 20:44:20,884 - data_analyzer.anomaly_detector - INFO - ✅ Phát hiện 1 anomalies 30d cho ETHUSDT
2025-05-25 20:44:20,884 - data_analyzer.anomaly_detector - INFO - 🔍 Phát hiện anomalies correlation 30d cho ETHUSDT
2025-05-25 20:44:20,904 - data_analyzer.anomaly_detector - INFO - ✅ Phát hiện 1 anomalies cho ETHUSDT
2025-05-25 20:44:20,904 - data_analyzer.anomaly_detector - INFO -    - 30d_Volume: 1
2025-05-25 20:44:20,906 - data_analyzer.anomaly_detector - INFO - 🔍 Phát hiện tất cả anomalies cho BNBUSDT
2025-05-25 20:44:20,906 - data_analyzer.anomaly_detector - INFO - 🔍 Phát hiện anomalies 24h cho BNBUSDT
2025-05-25 20:44:20,913 - data_analyzer.anomaly_detector - INFO - ✅ Phát hiện 0 anomalies 24h cho BNBUSDT
2025-05-25 20:44:20,913 - data_analyzer.anomaly_detector - INFO - 🔍 Phát hiện volume spikes cho BNBUSDT
2025-05-25 20:44:20,926 - data_analyzer.anomaly_detector - INFO - ✅ Phát hiện 0 volume spikes cho BNBUSDT
2025-05-25 20:44:20,926 - data_analyzer.anomaly_detector - INFO - 🔍 Phát hiện OI-Price divergence cho BNBUSDT
2025-05-25 20:44:20,932 - data_analyzer.anomaly_detector - INFO - ✅ Kiểm tra OI divergence cho BNBUSDT: 0 anomalies
2025-05-25 20:44:20,932 - data_analyzer.anomaly_detector - INFO - 🔍 Phát hiện anomalies correlation 24h cho BNBUSDT
2025-05-25 20:44:20,938 - data_analyzer.anomaly_detector - INFO - ✅ Correlation 24h BNBUSDT: 0.377
2025-05-25 20:44:20,938 - data_analyzer.anomaly_detector - INFO - 🔍 Phát hiện anomalies 30d cho BNBUSDT
2025-05-25 20:44:20,953 - data_analyzer.anomaly_detector - ERROR - ❌ Lỗi khi kiểm tra recent anomaly: '>=' not supported between instances of 'int' and 'datetime.datetime'
2025-05-25 20:44:20,953 - data_analyzer.anomaly_detector - ERROR - ❌ Lỗi khi kiểm tra recent anomaly: '>=' not supported between instances of 'int' and 'datetime.datetime'
2025-05-25 20:44:20,954 - data_analyzer.anomaly_detector - INFO - ✅ Phát hiện 2 anomalies 30d cho BNBUSDT
2025-05-25 20:44:20,954 - data_analyzer.anomaly_detector - INFO - 🔍 Phát hiện anomalies correlation 30d cho BNBUSDT
2025-05-25 20:44:20,976 - data_analyzer.anomaly_detector - INFO - ✅ Phát hiện 2 anomalies cho BNBUSDT
2025-05-25 20:44:20,977 - data_analyzer.anomaly_detector - INFO -    - 30d_Volume_USDT: 1
2025-05-25 20:44:20,977 - data_analyzer.anomaly_detector - INFO -    - 30d_Volume: 1
2025-05-25 20:44:20,978 - data_analyzer.anomaly_detector - INFO - 🔍 Phát hiện tất cả anomalies cho SOLUSDT
2025-05-25 20:44:20,979 - data_analyzer.anomaly_detector - INFO - 🔍 Phát hiện anomalies 24h cho SOLUSDT
2025-05-25 20:44:20,985 - data_analyzer.anomaly_detector - INFO - ✅ Phát hiện 0 anomalies 24h cho SOLUSDT
2025-05-25 20:44:20,985 - data_analyzer.anomaly_detector - INFO - 🔍 Phát hiện volume spikes cho SOLUSDT
2025-05-25 20:44:20,997 - data_analyzer.anomaly_detector - INFO - ✅ Phát hiện 0 volume spikes cho SOLUSDT
2025-05-25 20:44:20,998 - data_analyzer.anomaly_detector - INFO - 🔍 Phát hiện OI-Price divergence cho SOLUSDT
2025-05-25 20:44:21,002 - data_analyzer.anomaly_detector - INFO - ✅ Kiểm tra OI divergence cho SOLUSDT: 0 anomalies
2025-05-25 20:44:21,003 - data_analyzer.anomaly_detector - INFO - 🔍 Phát hiện anomalies correlation 24h cho SOLUSDT
2025-05-25 20:44:21,008 - data_analyzer.anomaly_detector - INFO - ✅ Correlation 24h SOLUSDT: 0.381
2025-05-25 20:44:21,008 - data_analyzer.anomaly_detector - INFO - 🔍 Phát hiện anomalies 30d cho SOLUSDT
2025-05-25 20:44:21,024 - data_analyzer.anomaly_detector - INFO - ✅ Phát hiện 4 anomalies 30d cho SOLUSDT
2025-05-25 20:44:21,024 - data_analyzer.anomaly_detector - INFO - 🔍 Phát hiện anomalies correlation 30d cho SOLUSDT
2025-05-25 20:44:21,055 - data_analyzer.anomaly_detector - INFO - ✅ Phát hiện 4 anomalies cho SOLUSDT
2025-05-25 20:44:21,055 - data_analyzer.anomaly_detector - INFO -    - 30d_OI_Value: 2
2025-05-25 20:44:21,056 - data_analyzer.anomaly_detector - INFO -    - 30d_Avg_OI_Value: 2
2025-05-25 20:44:21,058 - data_analyzer.anomaly_detector - INFO - 🔍 Phát hiện tất cả anomalies cho DOGEUSDT
2025-05-25 20:44:21,059 - data_analyzer.anomaly_detector - INFO - 🔍 Phát hiện anomalies 24h cho DOGEUSDT
2025-05-25 20:44:21,066 - data_analyzer.anomaly_detector - INFO - ✅ Phát hiện 0 anomalies 24h cho DOGEUSDT
2025-05-25 20:44:21,066 - data_analyzer.anomaly_detector - INFO - 🔍 Phát hiện volume spikes cho DOGEUSDT
2025-05-25 20:44:21,081 - data_analyzer.anomaly_detector - INFO - ✅ Phát hiện 0 volume spikes cho DOGEUSDT
2025-05-25 20:44:21,082 - data_analyzer.anomaly_detector - INFO - 🔍 Phát hiện OI-Price divergence cho DOGEUSDT
2025-05-25 20:44:21,089 - data_analyzer.anomaly_detector - INFO - ✅ Kiểm tra OI divergence cho DOGEUSDT: 0 anomalies
2025-05-25 20:44:21,089 - data_analyzer.anomaly_detector - INFO - 🔍 Phát hiện anomalies correlation 24h cho DOGEUSDT
2025-05-25 20:44:21,095 - data_analyzer.anomaly_detector - INFO - ✅ Correlation 24h DOGEUSDT: 0.370
2025-05-25 20:44:21,096 - data_analyzer.anomaly_detector - INFO - 🔍 Phát hiện anomalies 30d cho DOGEUSDT
2025-05-25 20:44:21,110 - data_analyzer.anomaly_detector - ERROR - ❌ Lỗi khi kiểm tra recent anomaly: '>=' not supported between instances of 'int' and 'datetime.datetime'
2025-05-25 20:44:21,110 - data_analyzer.anomaly_detector - ERROR - ❌ Lỗi khi kiểm tra recent anomaly: '>=' not supported between instances of 'int' and 'datetime.datetime'
2025-05-25 20:44:21,111 - data_analyzer.anomaly_detector - INFO - ✅ Phát hiện 2 anomalies 30d cho DOGEUSDT
2025-05-25 20:44:21,111 - data_analyzer.anomaly_detector - INFO - 🔍 Phát hiện anomalies correlation 30d cho DOGEUSDT
2025-05-25 20:44:21,133 - data_analyzer.anomaly_detector - INFO - ✅ Phát hiện 2 anomalies cho DOGEUSDT
2025-05-25 20:44:21,134 - data_analyzer.anomaly_detector - INFO -    - 30d_Volume_USDT: 1
2025-05-25 20:44:21,134 - data_analyzer.anomaly_detector - INFO -    - 30d_Volume: 1
2025-05-25 20:59:42,876 - data_analyzer.anomaly_detector - INFO - 🔧 Khởi tạo OptimizedAnomalyDetector với ngưỡng 2.5
2025-05-25 20:59:42,877 - data_analyzer.anomaly_detector - INFO - 🔍 Phát hiện tất cả anomalies cho BTCUSDT
2025-05-25 20:59:42,878 - data_analyzer.anomaly_detector - INFO - 🔍 Phát hiện anomalies 24h cho BTCUSDT
2025-05-25 20:59:42,890 - data_analyzer.anomaly_detector - INFO - ✅ Phát hiện 0 anomalies 24h cho BTCUSDT
2025-05-25 20:59:42,890 - data_analyzer.anomaly_detector - INFO - 🔍 Phát hiện volume spikes cho BTCUSDT
2025-05-25 20:59:42,913 - data_analyzer.anomaly_detector - INFO - ✅ Phát hiện 0 volume spikes cho BTCUSDT
2025-05-25 20:59:42,914 - data_analyzer.anomaly_detector - INFO - 🔍 Phát hiện OI-Price divergence cho BTCUSDT
2025-05-25 20:59:42,924 - data_analyzer.anomaly_detector - INFO - ✅ Kiểm tra OI divergence cho BTCUSDT: 0 anomalies
2025-05-25 20:59:42,925 - data_analyzer.anomaly_detector - INFO - 🔍 Phát hiện anomalies correlation 24h cho BTCUSDT
2025-05-25 20:59:42,936 - data_analyzer.anomaly_detector - INFO - ✅ Correlation 24h BTCUSDT: 0.384
2025-05-25 20:59:42,937 - data_analyzer.anomaly_detector - INFO - 🔍 Phát hiện anomalies 30d cho BTCUSDT
2025-05-25 20:59:42,957 - data_analyzer.anomaly_detector - ERROR - ❌ Lỗi khi kiểm tra recent anomaly: '>=' not supported between instances of 'int' and 'datetime.datetime'
2025-05-25 20:59:42,958 - data_analyzer.anomaly_detector - ERROR - ❌ Lỗi khi kiểm tra recent anomaly: '>=' not supported between instances of 'int' and 'datetime.datetime'
2025-05-25 20:59:42,958 - data_analyzer.anomaly_detector - INFO - ✅ Phát hiện 2 anomalies 30d cho BTCUSDT
2025-05-25 20:59:42,959 - data_analyzer.anomaly_detector - INFO - 🔍 Phát hiện anomalies correlation 30d cho BTCUSDT
2025-05-25 20:59:42,990 - data_analyzer.anomaly_detector - INFO - ✅ Phát hiện 2 anomalies cho BTCUSDT
2025-05-25 20:59:42,991 - data_analyzer.anomaly_detector - INFO -    - 30d_Volume_USDT: 1
2025-05-25 20:59:42,991 - data_analyzer.anomaly_detector - INFO -    - 30d_Volume: 1
2025-05-25 20:59:42,995 - data_analyzer.anomaly_detector - INFO - 🔍 Phát hiện tất cả anomalies cho ETHUSDT
2025-05-25 20:59:42,996 - data_analyzer.anomaly_detector - INFO - 🔍 Phát hiện anomalies 24h cho ETHUSDT
2025-05-25 20:59:43,007 - data_analyzer.anomaly_detector - INFO - ✅ Phát hiện 0 anomalies 24h cho ETHUSDT
2025-05-25 20:59:43,008 - data_analyzer.anomaly_detector - INFO - 🔍 Phát hiện volume spikes cho ETHUSDT
2025-05-25 20:59:43,022 - data_analyzer.anomaly_detector - INFO - ✅ Phát hiện 0 volume spikes cho ETHUSDT
2025-05-25 20:59:43,022 - data_analyzer.anomaly_detector - INFO - 🔍 Phát hiện OI-Price divergence cho ETHUSDT
2025-05-25 20:59:43,028 - data_analyzer.anomaly_detector - INFO - ✅ Kiểm tra OI divergence cho ETHUSDT: 0 anomalies
2025-05-25 20:59:43,028 - data_analyzer.anomaly_detector - INFO - 🔍 Phát hiện anomalies correlation 24h cho ETHUSDT
2025-05-25 20:59:43,034 - data_analyzer.anomaly_detector - INFO - ✅ Correlation 24h ETHUSDT: 0.387
2025-05-25 20:59:43,035 - data_analyzer.anomaly_detector - INFO - 🔍 Phát hiện anomalies 30d cho ETHUSDT
2025-05-25 20:59:43,050 - data_analyzer.anomaly_detector - ERROR - ❌ Lỗi khi kiểm tra recent anomaly: '>=' not supported between instances of 'int' and 'datetime.datetime'
2025-05-25 20:59:43,051 - data_analyzer.anomaly_detector - INFO - ✅ Phát hiện 1 anomalies 30d cho ETHUSDT
2025-05-25 20:59:43,051 - data_analyzer.anomaly_detector - INFO - 🔍 Phát hiện anomalies correlation 30d cho ETHUSDT
2025-05-25 20:59:43,073 - data_analyzer.anomaly_detector - INFO - ✅ Phát hiện 1 anomalies cho ETHUSDT
2025-05-25 20:59:43,073 - data_analyzer.anomaly_detector - INFO -    - 30d_Volume: 1
2025-05-25 20:59:43,075 - data_analyzer.anomaly_detector - INFO - 🔍 Phát hiện tất cả anomalies cho BNBUSDT
2025-05-25 20:59:43,075 - data_analyzer.anomaly_detector - INFO - 🔍 Phát hiện anomalies 24h cho BNBUSDT
2025-05-25 20:59:43,083 - data_analyzer.anomaly_detector - INFO - ✅ Phát hiện 0 anomalies 24h cho BNBUSDT
2025-05-25 20:59:43,083 - data_analyzer.anomaly_detector - INFO - 🔍 Phát hiện volume spikes cho BNBUSDT
2025-05-25 20:59:43,097 - data_analyzer.anomaly_detector - INFO - ✅ Phát hiện 0 volume spikes cho BNBUSDT
2025-05-25 20:59:43,098 - data_analyzer.anomaly_detector - INFO - 🔍 Phát hiện OI-Price divergence cho BNBUSDT
2025-05-25 20:59:43,103 - data_analyzer.anomaly_detector - INFO - ✅ Kiểm tra OI divergence cho BNBUSDT: 0 anomalies
2025-05-25 20:59:43,104 - data_analyzer.anomaly_detector - INFO - 🔍 Phát hiện anomalies correlation 24h cho BNBUSDT
2025-05-25 20:59:43,110 - data_analyzer.anomaly_detector - INFO - ✅ Correlation 24h BNBUSDT: 0.377
2025-05-25 20:59:43,110 - data_analyzer.anomaly_detector - INFO - 🔍 Phát hiện anomalies 30d cho BNBUSDT
2025-05-25 20:59:43,127 - data_analyzer.anomaly_detector - ERROR - ❌ Lỗi khi kiểm tra recent anomaly: '>=' not supported between instances of 'int' and 'datetime.datetime'
2025-05-25 20:59:43,127 - data_analyzer.anomaly_detector - ERROR - ❌ Lỗi khi kiểm tra recent anomaly: '>=' not supported between instances of 'int' and 'datetime.datetime'
2025-05-25 20:59:43,128 - data_analyzer.anomaly_detector - INFO - ✅ Phát hiện 2 anomalies 30d cho BNBUSDT
2025-05-25 20:59:43,128 - data_analyzer.anomaly_detector - INFO - 🔍 Phát hiện anomalies correlation 30d cho BNBUSDT
2025-05-25 20:59:43,154 - data_analyzer.anomaly_detector - INFO - ✅ Phát hiện 2 anomalies cho BNBUSDT
2025-05-25 20:59:43,155 - data_analyzer.anomaly_detector - INFO -    - 30d_Volume_USDT: 1
2025-05-25 20:59:43,156 - data_analyzer.anomaly_detector - INFO -    - 30d_Volume: 1
2025-05-25 20:59:43,159 - data_analyzer.anomaly_detector - INFO - 🔍 Phát hiện tất cả anomalies cho SOLUSDT
2025-05-25 20:59:43,159 - data_analyzer.anomaly_detector - INFO - 🔍 Phát hiện anomalies 24h cho SOLUSDT
2025-05-25 20:59:43,172 - data_analyzer.anomaly_detector - INFO - ✅ Phát hiện 0 anomalies 24h cho SOLUSDT
2025-05-25 20:59:43,172 - data_analyzer.anomaly_detector - INFO - 🔍 Phát hiện volume spikes cho SOLUSDT
2025-05-25 20:59:43,192 - data_analyzer.anomaly_detector - INFO - ✅ Phát hiện 0 volume spikes cho SOLUSDT
2025-05-25 20:59:43,192 - data_analyzer.anomaly_detector - INFO - 🔍 Phát hiện OI-Price divergence cho SOLUSDT
2025-05-25 20:59:43,197 - data_analyzer.anomaly_detector - INFO - ✅ Kiểm tra OI divergence cho SOLUSDT: 0 anomalies
2025-05-25 20:59:43,198 - data_analyzer.anomaly_detector - INFO - 🔍 Phát hiện anomalies correlation 24h cho SOLUSDT
2025-05-25 20:59:43,204 - data_analyzer.anomaly_detector - INFO - ✅ Correlation 24h SOLUSDT: 0.381
2025-05-25 20:59:43,204 - data_analyzer.anomaly_detector - INFO - 🔍 Phát hiện anomalies 30d cho SOLUSDT
2025-05-25 20:59:43,220 - data_analyzer.anomaly_detector - INFO - ✅ Phát hiện 4 anomalies 30d cho SOLUSDT
2025-05-25 20:59:43,221 - data_analyzer.anomaly_detector - INFO - 🔍 Phát hiện anomalies correlation 30d cho SOLUSDT
2025-05-25 20:59:43,257 - data_analyzer.anomaly_detector - INFO - ✅ Phát hiện 4 anomalies cho SOLUSDT
2025-05-25 20:59:43,257 - data_analyzer.anomaly_detector - INFO -    - 30d_OI_Value: 2
2025-05-25 20:59:43,258 - data_analyzer.anomaly_detector - INFO -    - 30d_Avg_OI_Value: 2
2025-05-25 20:59:43,262 - data_analyzer.anomaly_detector - INFO - 🔍 Phát hiện tất cả anomalies cho DOGEUSDT
2025-05-25 20:59:43,262 - data_analyzer.anomaly_detector - INFO - 🔍 Phát hiện anomalies 24h cho DOGEUSDT
2025-05-25 20:59:43,275 - data_analyzer.anomaly_detector - INFO - ✅ Phát hiện 0 anomalies 24h cho DOGEUSDT
2025-05-25 20:59:43,276 - data_analyzer.anomaly_detector - INFO - 🔍 Phát hiện volume spikes cho DOGEUSDT
2025-05-25 20:59:43,289 - data_analyzer.anomaly_detector - INFO - ✅ Phát hiện 0 volume spikes cho DOGEUSDT
2025-05-25 20:59:43,290 - data_analyzer.anomaly_detector - INFO - 🔍 Phát hiện OI-Price divergence cho DOGEUSDT
2025-05-25 20:59:43,296 - data_analyzer.anomaly_detector - INFO - ✅ Kiểm tra OI divergence cho DOGEUSDT: 0 anomalies
2025-05-25 20:59:43,296 - data_analyzer.anomaly_detector - INFO - 🔍 Phát hiện anomalies correlation 24h cho DOGEUSDT
2025-05-25 20:59:43,302 - data_analyzer.anomaly_detector - INFO - ✅ Correlation 24h DOGEUSDT: 0.370
2025-05-25 20:59:43,302 - data_analyzer.anomaly_detector - INFO - 🔍 Phát hiện anomalies 30d cho DOGEUSDT
2025-05-25 20:59:43,318 - data_analyzer.anomaly_detector - ERROR - ❌ Lỗi khi kiểm tra recent anomaly: '>=' not supported between instances of 'int' and 'datetime.datetime'
2025-05-25 20:59:43,319 - data_analyzer.anomaly_detector - ERROR - ❌ Lỗi khi kiểm tra recent anomaly: '>=' not supported between instances of 'int' and 'datetime.datetime'
2025-05-25 20:59:43,319 - data_analyzer.anomaly_detector - INFO - ✅ Phát hiện 2 anomalies 30d cho DOGEUSDT
2025-05-25 20:59:43,320 - data_analyzer.anomaly_detector - INFO - 🔍 Phát hiện anomalies correlation 30d cho DOGEUSDT
2025-05-25 20:59:43,351 - data_analyzer.anomaly_detector - INFO - ✅ Phát hiện 2 anomalies cho DOGEUSDT
2025-05-25 20:59:43,352 - data_analyzer.anomaly_detector - INFO -    - 30d_Volume_USDT: 1
2025-05-25 20:59:43,353 - data_analyzer.anomaly_detector - INFO -    - 30d_Volume: 1
2025-05-26 01:49:54,422 - data_analyzer.anomaly_detector - INFO - 🔧 Khởi tạo OptimizedAnomalyDetector với ngưỡng 2.5
2025-05-26 01:49:54,423 - data_analyzer.anomaly_detector - INFO - 🔍 Phát hiện tất cả anomalies cho BTCUSDT
2025-05-26 01:49:54,424 - data_analyzer.anomaly_detector - INFO - 🔍 Phát hiện anomalies 24h cho BTCUSDT
2025-05-26 01:49:54,433 - data_analyzer.anomaly_detector - INFO - ✅ Phát hiện 0 anomalies 24h cho BTCUSDT
2025-05-26 01:49:54,433 - data_analyzer.anomaly_detector - INFO - 🔍 Phát hiện volume spikes cho BTCUSDT
2025-05-26 01:49:54,449 - data_analyzer.anomaly_detector - INFO - ✅ Phát hiện 0 volume spikes cho BTCUSDT
2025-05-26 01:49:54,450 - data_analyzer.anomaly_detector - INFO - 🔍 Phát hiện OI-Price divergence cho BTCUSDT
2025-05-26 01:49:54,455 - data_analyzer.anomaly_detector - INFO - ✅ Kiểm tra OI divergence cho BTCUSDT: 0 anomalies
2025-05-26 01:49:54,456 - data_analyzer.anomaly_detector - INFO - 🔍 Phát hiện anomalies correlation 24h cho BTCUSDT
2025-05-26 01:49:54,462 - data_analyzer.anomaly_detector - INFO - ✅ Correlation 24h BTCUSDT: 0.549
2025-05-26 01:49:54,463 - data_analyzer.anomaly_detector - INFO - 🔍 Phát hiện anomalies 30d cho BTCUSDT
2025-05-26 01:49:54,481 - data_analyzer.anomaly_detector - ERROR - ❌ Lỗi khi kiểm tra recent anomaly: '>=' not supported between instances of 'int' and 'datetime.datetime'
2025-05-26 01:49:54,481 - data_analyzer.anomaly_detector - ERROR - ❌ Lỗi khi kiểm tra recent anomaly: '>=' not supported between instances of 'int' and 'datetime.datetime'
2025-05-26 01:49:54,482 - data_analyzer.anomaly_detector - INFO - ✅ Phát hiện 2 anomalies 30d cho BTCUSDT
2025-05-26 01:49:54,483 - data_analyzer.anomaly_detector - INFO - 🔍 Phát hiện anomalies correlation 30d cho BTCUSDT
2025-05-26 01:49:54,515 - data_analyzer.anomaly_detector - INFO - ✅ Phát hiện 2 anomalies cho BTCUSDT
2025-05-26 01:49:54,516 - data_analyzer.anomaly_detector - INFO -    - 30d_Volume_USDT: 1
2025-05-26 01:49:54,516 - data_analyzer.anomaly_detector - INFO -    - 30d_Volume: 1
2025-05-26 01:49:54,518 - data_analyzer.anomaly_detector - INFO - 🔍 Phát hiện tất cả anomalies cho ETHUSDT
2025-05-26 01:49:54,519 - data_analyzer.anomaly_detector - INFO - 🔍 Phát hiện anomalies 24h cho ETHUSDT
2025-05-26 01:49:54,525 - data_analyzer.anomaly_detector - INFO - ✅ Phát hiện 0 anomalies 24h cho ETHUSDT
2025-05-26 01:49:54,526 - data_analyzer.anomaly_detector - INFO - 🔍 Phát hiện volume spikes cho ETHUSDT
2025-05-26 01:49:54,540 - data_analyzer.anomaly_detector - INFO - ✅ Phát hiện 0 volume spikes cho ETHUSDT
2025-05-26 01:49:54,540 - data_analyzer.anomaly_detector - INFO - 🔍 Phát hiện OI-Price divergence cho ETHUSDT
2025-05-26 01:49:54,545 - data_analyzer.anomaly_detector - INFO - ✅ Kiểm tra OI divergence cho ETHUSDT: 0 anomalies
2025-05-26 01:49:54,546 - data_analyzer.anomaly_detector - INFO - 🔍 Phát hiện anomalies correlation 24h cho ETHUSDT
2025-05-26 01:49:54,551 - data_analyzer.anomaly_detector - INFO - ✅ Correlation 24h ETHUSDT: 0.555
2025-05-26 01:49:54,552 - data_analyzer.anomaly_detector - INFO - 🔍 Phát hiện anomalies 30d cho ETHUSDT
2025-05-26 01:49:54,568 - data_analyzer.anomaly_detector - ERROR - ❌ Lỗi khi kiểm tra recent anomaly: '>=' not supported between instances of 'int' and 'datetime.datetime'
2025-05-26 01:49:54,568 - data_analyzer.anomaly_detector - INFO - ✅ Phát hiện 1 anomalies 30d cho ETHUSDT
2025-05-26 01:49:54,569 - data_analyzer.anomaly_detector - INFO - 🔍 Phát hiện anomalies correlation 30d cho ETHUSDT
2025-05-26 01:49:54,590 - data_analyzer.anomaly_detector - INFO - ✅ Phát hiện 1 anomalies cho ETHUSDT
2025-05-26 01:49:54,591 - data_analyzer.anomaly_detector - INFO -    - 30d_Volume: 1
2025-05-26 01:49:54,592 - data_analyzer.anomaly_detector - INFO - 🔍 Phát hiện tất cả anomalies cho BNBUSDT
2025-05-26 01:49:54,593 - data_analyzer.anomaly_detector - INFO - 🔍 Phát hiện anomalies 24h cho BNBUSDT
2025-05-26 01:49:54,599 - data_analyzer.anomaly_detector - INFO - ✅ Phát hiện 0 anomalies 24h cho BNBUSDT
2025-05-26 01:49:54,600 - data_analyzer.anomaly_detector - INFO - 🔍 Phát hiện volume spikes cho BNBUSDT
2025-05-26 01:49:54,613 - data_analyzer.anomaly_detector - INFO - ✅ Phát hiện 0 volume spikes cho BNBUSDT
2025-05-26 01:49:54,614 - data_analyzer.anomaly_detector - INFO - 🔍 Phát hiện OI-Price divergence cho BNBUSDT
2025-05-26 01:49:54,618 - data_analyzer.anomaly_detector - INFO - ✅ Kiểm tra OI divergence cho BNBUSDT: 0 anomalies
2025-05-26 01:49:54,619 - data_analyzer.anomaly_detector - INFO - 🔍 Phát hiện anomalies correlation 24h cho BNBUSDT
2025-05-26 01:49:54,624 - data_analyzer.anomaly_detector - INFO - ✅ Correlation 24h BNBUSDT: 0.545
2025-05-26 01:49:54,624 - data_analyzer.anomaly_detector - INFO - 🔍 Phát hiện anomalies 30d cho BNBUSDT
2025-05-26 01:49:54,641 - data_analyzer.anomaly_detector - ERROR - ❌ Lỗi khi kiểm tra recent anomaly: '>=' not supported between instances of 'int' and 'datetime.datetime'
2025-05-26 01:49:54,642 - data_analyzer.anomaly_detector - ERROR - ❌ Lỗi khi kiểm tra recent anomaly: '>=' not supported between instances of 'int' and 'datetime.datetime'
2025-05-26 01:49:54,642 - data_analyzer.anomaly_detector - INFO - ✅ Phát hiện 2 anomalies 30d cho BNBUSDT
2025-05-26 01:49:54,643 - data_analyzer.anomaly_detector - INFO - 🔍 Phát hiện anomalies correlation 30d cho BNBUSDT
2025-05-26 01:49:54,669 - data_analyzer.anomaly_detector - INFO - ✅ Phát hiện 2 anomalies cho BNBUSDT
2025-05-26 01:49:54,670 - data_analyzer.anomaly_detector - INFO -    - 30d_Volume_USDT: 1
2025-05-26 01:49:54,670 - data_analyzer.anomaly_detector - INFO -    - 30d_Volume: 1
2025-05-26 01:49:54,672 - data_analyzer.anomaly_detector - INFO - 🔍 Phát hiện tất cả anomalies cho SOLUSDT
2025-05-26 01:49:54,673 - data_analyzer.anomaly_detector - INFO - 🔍 Phát hiện anomalies 24h cho SOLUSDT
2025-05-26 01:49:54,679 - data_analyzer.anomaly_detector - INFO - ✅ Phát hiện 0 anomalies 24h cho SOLUSDT
2025-05-26 01:49:54,680 - data_analyzer.anomaly_detector - INFO - 🔍 Phát hiện volume spikes cho SOLUSDT
2025-05-26 01:49:54,693 - data_analyzer.anomaly_detector - INFO - ✅ Phát hiện 0 volume spikes cho SOLUSDT
2025-05-26 01:49:54,694 - data_analyzer.anomaly_detector - INFO - 🔍 Phát hiện OI-Price divergence cho SOLUSDT
2025-05-26 01:49:54,698 - data_analyzer.anomaly_detector - INFO - ✅ Kiểm tra OI divergence cho SOLUSDT: 0 anomalies
2025-05-26 01:49:54,699 - data_analyzer.anomaly_detector - INFO - 🔍 Phát hiện anomalies correlation 24h cho SOLUSDT
2025-05-26 01:49:54,704 - data_analyzer.anomaly_detector - INFO - ✅ Correlation 24h SOLUSDT: 0.564
2025-05-26 01:49:54,704 - data_analyzer.anomaly_detector - INFO - 🔍 Phát hiện anomalies 30d cho SOLUSDT
2025-05-26 01:49:54,724 - data_analyzer.anomaly_detector - INFO - ✅ Phát hiện 1 anomalies 30d cho SOLUSDT
2025-05-26 01:49:54,724 - data_analyzer.anomaly_detector - INFO - 🔍 Phát hiện anomalies correlation 30d cho SOLUSDT
2025-05-26 01:49:54,747 - data_analyzer.anomaly_detector - INFO - ✅ Phát hiện 1 anomalies cho SOLUSDT
2025-05-26 01:49:54,747 - data_analyzer.anomaly_detector - INFO -    - 30d_OI: 1
2025-05-26 01:49:54,749 - data_analyzer.anomaly_detector - INFO - 🔍 Phát hiện tất cả anomalies cho DOGEUSDT
2025-05-26 01:49:54,749 - data_analyzer.anomaly_detector - INFO - 🔍 Phát hiện anomalies 24h cho DOGEUSDT
2025-05-26 01:49:54,755 - data_analyzer.anomaly_detector - INFO - ✅ Phát hiện 0 anomalies 24h cho DOGEUSDT
2025-05-26 01:49:54,756 - data_analyzer.anomaly_detector - INFO - 🔍 Phát hiện volume spikes cho DOGEUSDT
2025-05-26 01:49:54,768 - data_analyzer.anomaly_detector - INFO - ✅ Phát hiện 0 volume spikes cho DOGEUSDT
2025-05-26 01:49:54,769 - data_analyzer.anomaly_detector - INFO - 🔍 Phát hiện OI-Price divergence cho DOGEUSDT
2025-05-26 01:49:54,773 - data_analyzer.anomaly_detector - INFO - ✅ Kiểm tra OI divergence cho DOGEUSDT: 0 anomalies
2025-05-26 01:49:54,774 - data_analyzer.anomaly_detector - INFO - 🔍 Phát hiện anomalies correlation 24h cho DOGEUSDT
2025-05-26 01:49:54,778 - data_analyzer.anomaly_detector - INFO - ✅ Correlation 24h DOGEUSDT: 0.544
2025-05-26 01:49:54,779 - data_analyzer.anomaly_detector - INFO - 🔍 Phát hiện anomalies 30d cho DOGEUSDT
2025-05-26 01:49:54,794 - data_analyzer.anomaly_detector - ERROR - ❌ Lỗi khi kiểm tra recent anomaly: '>=' not supported between instances of 'int' and 'datetime.datetime'
2025-05-26 01:49:54,795 - data_analyzer.anomaly_detector - ERROR - ❌ Lỗi khi kiểm tra recent anomaly: '>=' not supported between instances of 'int' and 'datetime.datetime'
2025-05-26 01:49:54,795 - data_analyzer.anomaly_detector - INFO - ✅ Phát hiện 2 anomalies 30d cho DOGEUSDT
2025-05-26 01:49:54,796 - data_analyzer.anomaly_detector - INFO - 🔍 Phát hiện anomalies correlation 30d cho DOGEUSDT
2025-05-26 01:49:54,819 - data_analyzer.anomaly_detector - INFO - ✅ Phát hiện 2 anomalies cho DOGEUSDT
2025-05-26 01:49:54,820 - data_analyzer.anomaly_detector - INFO -    - 30d_Volume_USDT: 1
2025-05-26 01:49:54,820 - data_analyzer.anomaly_detector - INFO -    - 30d_Volume: 1
2025-05-26 02:26:34,570 - data_analyzer.anomaly_detector - INFO - 🔧 Khởi tạo OptimizedAnomalyDetector với ngưỡng 2.5
2025-05-26 02:26:34,573 - data_analyzer.anomaly_detector - INFO - 🔍 Phát hiện tất cả anomalies cho BTCUSDT
2025-05-26 02:26:34,574 - data_analyzer.anomaly_detector - INFO - 🔍 Phát hiện anomalies 24h cho BTCUSDT
2025-05-26 02:26:34,588 - data_analyzer.anomaly_detector - INFO - ✅ Phát hiện 0 anomalies 24h cho BTCUSDT
2025-05-26 02:26:34,589 - data_analyzer.anomaly_detector - INFO - 🔍 Phát hiện volume spikes cho BTCUSDT
2025-05-26 02:26:34,614 - data_analyzer.anomaly_detector - INFO - ✅ Phát hiện 0 volume spikes cho BTCUSDT
2025-05-26 02:26:34,615 - data_analyzer.anomaly_detector - INFO - 🔍 Phát hiện OI-Price divergence cho BTCUSDT
2025-05-26 02:26:34,621 - data_analyzer.anomaly_detector - INFO - ✅ Kiểm tra OI divergence cho BTCUSDT: 0 anomalies
2025-05-26 02:26:34,622 - data_analyzer.anomaly_detector - INFO - 🔍 Phát hiện anomalies correlation 24h cho BTCUSDT
2025-05-26 02:26:34,631 - data_analyzer.anomaly_detector - INFO - ✅ Correlation 24h BTCUSDT: 0.601
2025-05-26 02:26:34,631 - data_analyzer.anomaly_detector - INFO - 🔍 Phát hiện anomalies 30d cho BTCUSDT
2025-05-26 02:26:34,651 - data_analyzer.anomaly_detector - ERROR - ❌ Lỗi khi kiểm tra recent anomaly: '>=' not supported between instances of 'int' and 'datetime.datetime'
2025-05-26 02:26:34,651 - data_analyzer.anomaly_detector - ERROR - ❌ Lỗi khi kiểm tra recent anomaly: '>=' not supported between instances of 'int' and 'datetime.datetime'
2025-05-26 02:26:34,652 - data_analyzer.anomaly_detector - INFO - ✅ Phát hiện 2 anomalies 30d cho BTCUSDT
2025-05-26 02:26:34,653 - data_analyzer.anomaly_detector - INFO - 🔍 Phát hiện anomalies correlation 30d cho BTCUSDT
2025-05-26 02:26:34,685 - data_analyzer.anomaly_detector - INFO - ✅ Phát hiện 2 anomalies cho BTCUSDT
2025-05-26 02:26:34,686 - data_analyzer.anomaly_detector - INFO -    - 30d_Volume_USDT: 1
2025-05-26 02:26:34,686 - data_analyzer.anomaly_detector - INFO -    - 30d_Volume: 1
2025-05-26 02:26:34,688 - data_analyzer.anomaly_detector - INFO - 🔍 Phát hiện tất cả anomalies cho ETHUSDT
2025-05-26 02:26:34,689 - data_analyzer.anomaly_detector - INFO - 🔍 Phát hiện anomalies 24h cho ETHUSDT
2025-05-26 02:26:34,695 - data_analyzer.anomaly_detector - INFO - ✅ Phát hiện 0 anomalies 24h cho ETHUSDT
2025-05-26 02:26:34,696 - data_analyzer.anomaly_detector - INFO - 🔍 Phát hiện volume spikes cho ETHUSDT
2025-05-26 02:26:34,709 - data_analyzer.anomaly_detector - INFO - ✅ Phát hiện 0 volume spikes cho ETHUSDT
2025-05-26 02:26:34,710 - data_analyzer.anomaly_detector - INFO - 🔍 Phát hiện OI-Price divergence cho ETHUSDT
2025-05-26 02:26:34,715 - data_analyzer.anomaly_detector - INFO - ✅ Kiểm tra OI divergence cho ETHUSDT: 0 anomalies
2025-05-26 02:26:34,716 - data_analyzer.anomaly_detector - INFO - 🔍 Phát hiện anomalies correlation 24h cho ETHUSDT
2025-05-26 02:26:34,721 - data_analyzer.anomaly_detector - INFO - ✅ Correlation 24h ETHUSDT: 0.601
2025-05-26 02:26:34,722 - data_analyzer.anomaly_detector - INFO - 🔍 Phát hiện anomalies 30d cho ETHUSDT
2025-05-26 02:26:34,738 - data_analyzer.anomaly_detector - ERROR - ❌ Lỗi khi kiểm tra recent anomaly: '>=' not supported between instances of 'int' and 'datetime.datetime'
2025-05-26 02:26:34,739 - data_analyzer.anomaly_detector - INFO - ✅ Phát hiện 1 anomalies 30d cho ETHUSDT
2025-05-26 02:26:34,740 - data_analyzer.anomaly_detector - INFO - 🔍 Phát hiện anomalies correlation 30d cho ETHUSDT
2025-05-26 02:26:34,761 - data_analyzer.anomaly_detector - INFO - ✅ Phát hiện 1 anomalies cho ETHUSDT
2025-05-26 02:26:34,761 - data_analyzer.anomaly_detector - INFO -    - 30d_Volume: 1
2025-05-26 02:26:34,763 - data_analyzer.anomaly_detector - INFO - 🔍 Phát hiện tất cả anomalies cho BNBUSDT
2025-05-26 02:26:34,763 - data_analyzer.anomaly_detector - INFO - 🔍 Phát hiện anomalies 24h cho BNBUSDT
2025-05-26 02:26:34,770 - data_analyzer.anomaly_detector - INFO - ✅ Phát hiện 0 anomalies 24h cho BNBUSDT
2025-05-26 02:26:34,770 - data_analyzer.anomaly_detector - INFO - 🔍 Phát hiện volume spikes cho BNBUSDT
2025-05-26 02:26:34,783 - data_analyzer.anomaly_detector - INFO - ✅ Phát hiện 0 volume spikes cho BNBUSDT
2025-05-26 02:26:34,784 - data_analyzer.anomaly_detector - INFO - 🔍 Phát hiện OI-Price divergence cho BNBUSDT
2025-05-26 02:26:34,789 - data_analyzer.anomaly_detector - INFO - ✅ Kiểm tra OI divergence cho BNBUSDT: 0 anomalies
2025-05-26 02:26:34,789 - data_analyzer.anomaly_detector - INFO - 🔍 Phát hiện anomalies correlation 24h cho BNBUSDT
2025-05-26 02:26:34,794 - data_analyzer.anomaly_detector - INFO - ✅ Correlation 24h BNBUSDT: 0.596
2025-05-26 02:26:34,795 - data_analyzer.anomaly_detector - INFO - 🔍 Phát hiện anomalies 30d cho BNBUSDT
2025-05-26 02:26:34,811 - data_analyzer.anomaly_detector - ERROR - ❌ Lỗi khi kiểm tra recent anomaly: '>=' not supported between instances of 'int' and 'datetime.datetime'
2025-05-26 02:26:34,811 - data_analyzer.anomaly_detector - ERROR - ❌ Lỗi khi kiểm tra recent anomaly: '>=' not supported between instances of 'int' and 'datetime.datetime'
2025-05-26 02:26:34,812 - data_analyzer.anomaly_detector - INFO - ✅ Phát hiện 2 anomalies 30d cho BNBUSDT
2025-05-26 02:26:34,812 - data_analyzer.anomaly_detector - INFO - 🔍 Phát hiện anomalies correlation 30d cho BNBUSDT
2025-05-26 02:26:34,837 - data_analyzer.anomaly_detector - INFO - ✅ Phát hiện 2 anomalies cho BNBUSDT
2025-05-26 02:26:34,838 - data_analyzer.anomaly_detector - INFO -    - 30d_Volume_USDT: 1
2025-05-26 02:26:34,838 - data_analyzer.anomaly_detector - INFO -    - 30d_Volume: 1
2025-05-26 02:26:34,840 - data_analyzer.anomaly_detector - INFO - 🔍 Phát hiện tất cả anomalies cho SOLUSDT
2025-05-26 02:26:34,841 - data_analyzer.anomaly_detector - INFO - 🔍 Phát hiện anomalies 24h cho SOLUSDT
2025-05-26 02:26:34,847 - data_analyzer.anomaly_detector - INFO - ✅ Phát hiện 0 anomalies 24h cho SOLUSDT
2025-05-26 02:26:34,848 - data_analyzer.anomaly_detector - INFO - 🔍 Phát hiện volume spikes cho SOLUSDT
2025-05-26 02:26:34,861 - data_analyzer.anomaly_detector - INFO - ✅ Phát hiện 0 volume spikes cho SOLUSDT
2025-05-26 02:26:34,861 - data_analyzer.anomaly_detector - INFO - 🔍 Phát hiện OI-Price divergence cho SOLUSDT
2025-05-26 02:26:34,866 - data_analyzer.anomaly_detector - INFO - ✅ Kiểm tra OI divergence cho SOLUSDT: 0 anomalies
2025-05-26 02:26:34,866 - data_analyzer.anomaly_detector - INFO - 🔍 Phát hiện anomalies correlation 24h cho SOLUSDT
2025-05-26 02:26:34,871 - data_analyzer.anomaly_detector - INFO - ✅ Correlation 24h SOLUSDT: 0.609
2025-05-26 02:26:34,871 - data_analyzer.anomaly_detector - INFO - 🔍 Phát hiện anomalies 30d cho SOLUSDT
2025-05-26 02:26:34,887 - data_analyzer.anomaly_detector - INFO - ✅ Phát hiện 1 anomalies 30d cho SOLUSDT
2025-05-26 02:26:34,887 - data_analyzer.anomaly_detector - INFO - 🔍 Phát hiện anomalies correlation 30d cho SOLUSDT
2025-05-26 02:26:34,909 - data_analyzer.anomaly_detector - INFO - ✅ Phát hiện 1 anomalies cho SOLUSDT
2025-05-26 02:26:34,909 - data_analyzer.anomaly_detector - INFO -    - 30d_OI: 1
2025-05-26 02:26:34,911 - data_analyzer.anomaly_detector - INFO - 🔍 Phát hiện tất cả anomalies cho DOGEUSDT
2025-05-26 02:26:34,911 - data_analyzer.anomaly_detector - INFO - 🔍 Phát hiện anomalies 24h cho DOGEUSDT
2025-05-26 02:26:34,917 - data_analyzer.anomaly_detector - INFO - ✅ Phát hiện 0 anomalies 24h cho DOGEUSDT
2025-05-26 02:26:34,918 - data_analyzer.anomaly_detector - INFO - 🔍 Phát hiện volume spikes cho DOGEUSDT
2025-05-26 02:26:34,933 - data_analyzer.anomaly_detector - INFO - ✅ Phát hiện 0 volume spikes cho DOGEUSDT
2025-05-26 02:26:34,934 - data_analyzer.anomaly_detector - INFO - 🔍 Phát hiện OI-Price divergence cho DOGEUSDT
2025-05-26 02:26:34,938 - data_analyzer.anomaly_detector - INFO - ✅ Kiểm tra OI divergence cho DOGEUSDT: 0 anomalies
2025-05-26 02:26:34,939 - data_analyzer.anomaly_detector - INFO - 🔍 Phát hiện anomalies correlation 24h cho DOGEUSDT
2025-05-26 02:26:34,944 - data_analyzer.anomaly_detector - INFO - ✅ Correlation 24h DOGEUSDT: 0.593
2025-05-26 02:26:34,945 - data_analyzer.anomaly_detector - INFO - 🔍 Phát hiện anomalies 30d cho DOGEUSDT
2025-05-26 02:26:34,960 - data_analyzer.anomaly_detector - ERROR - ❌ Lỗi khi kiểm tra recent anomaly: '>=' not supported between instances of 'int' and 'datetime.datetime'
2025-05-26 02:26:34,961 - data_analyzer.anomaly_detector - ERROR - ❌ Lỗi khi kiểm tra recent anomaly: '>=' not supported between instances of 'int' and 'datetime.datetime'
2025-05-26 02:26:34,961 - data_analyzer.anomaly_detector - INFO - ✅ Phát hiện 2 anomalies 30d cho DOGEUSDT
2025-05-26 02:26:34,962 - data_analyzer.anomaly_detector - INFO - 🔍 Phát hiện anomalies correlation 30d cho DOGEUSDT
2025-05-26 02:26:34,987 - data_analyzer.anomaly_detector - INFO - ✅ Phát hiện 2 anomalies cho DOGEUSDT
2025-05-26 02:26:34,987 - data_analyzer.anomaly_detector - INFO -    - 30d_Volume_USDT: 1
2025-05-26 02:26:34,988 - data_analyzer.anomaly_detector - INFO -    - 30d_Volume: 1
2025-05-26 02:41:56,102 - data_analyzer.anomaly_detector - INFO - 🔧 Khởi tạo OptimizedAnomalyDetector với ngưỡng 2.5
2025-05-26 02:41:56,104 - data_analyzer.anomaly_detector - INFO - 🔍 Phát hiện tất cả anomalies cho BTCUSDT
2025-05-26 02:41:56,105 - data_analyzer.anomaly_detector - INFO - 🔍 Phát hiện anomalies 24h cho BTCUSDT
2025-05-26 02:41:56,118 - data_analyzer.anomaly_detector - INFO - ✅ Phát hiện 0 anomalies 24h cho BTCUSDT
2025-05-26 02:41:56,119 - data_analyzer.anomaly_detector - INFO - 🔍 Phát hiện volume spikes cho BTCUSDT
2025-05-26 02:41:56,138 - data_analyzer.anomaly_detector - INFO - ✅ Phát hiện 0 volume spikes cho BTCUSDT
2025-05-26 02:41:56,139 - data_analyzer.anomaly_detector - INFO - 🔍 Phát hiện OI-Price divergence cho BTCUSDT
2025-05-26 02:41:56,147 - data_analyzer.anomaly_detector - INFO - ✅ Kiểm tra OI divergence cho BTCUSDT: 0 anomalies
2025-05-26 02:41:56,147 - data_analyzer.anomaly_detector - INFO - 🔍 Phát hiện anomalies correlation 24h cho BTCUSDT
2025-05-26 02:41:56,154 - data_analyzer.anomaly_detector - INFO - ✅ Correlation 24h BTCUSDT: 0.601
2025-05-26 02:41:56,155 - data_analyzer.anomaly_detector - INFO - 🔍 Phát hiện anomalies 30d cho BTCUSDT
2025-05-26 02:41:56,175 - data_analyzer.anomaly_detector - ERROR - ❌ Lỗi khi kiểm tra recent anomaly: '>=' not supported between instances of 'int' and 'datetime.datetime'
2025-05-26 02:41:56,176 - data_analyzer.anomaly_detector - ERROR - ❌ Lỗi khi kiểm tra recent anomaly: '>=' not supported between instances of 'int' and 'datetime.datetime'
2025-05-26 02:41:56,177 - data_analyzer.anomaly_detector - INFO - ✅ Phát hiện 2 anomalies 30d cho BTCUSDT
2025-05-26 02:41:56,178 - data_analyzer.anomaly_detector - INFO - 🔍 Phát hiện anomalies correlation 30d cho BTCUSDT
2025-05-26 02:41:56,209 - data_analyzer.anomaly_detector - INFO - ✅ Phát hiện 2 anomalies cho BTCUSDT
2025-05-26 02:41:56,209 - data_analyzer.anomaly_detector - INFO -    - 30d_Volume_USDT: 1
2025-05-26 02:41:56,210 - data_analyzer.anomaly_detector - INFO -    - 30d_Volume: 1
2025-05-26 02:41:56,213 - data_analyzer.anomaly_detector - INFO - 🔍 Phát hiện tất cả anomalies cho ETHUSDT
2025-05-26 02:41:56,213 - data_analyzer.anomaly_detector - INFO - 🔍 Phát hiện anomalies 24h cho ETHUSDT
2025-05-26 02:41:56,220 - data_analyzer.anomaly_detector - INFO - ✅ Phát hiện 0 anomalies 24h cho ETHUSDT
2025-05-26 02:41:56,221 - data_analyzer.anomaly_detector - INFO - 🔍 Phát hiện volume spikes cho ETHUSDT
2025-05-26 02:41:56,235 - data_analyzer.anomaly_detector - INFO - ✅ Phát hiện 0 volume spikes cho ETHUSDT
2025-05-26 02:41:56,236 - data_analyzer.anomaly_detector - INFO - 🔍 Phát hiện OI-Price divergence cho ETHUSDT
2025-05-26 02:41:56,241 - data_analyzer.anomaly_detector - INFO - ✅ Kiểm tra OI divergence cho ETHUSDT: 0 anomalies
2025-05-26 02:41:56,242 - data_analyzer.anomaly_detector - INFO - 🔍 Phát hiện anomalies correlation 24h cho ETHUSDT
2025-05-26 02:41:56,247 - data_analyzer.anomaly_detector - INFO - ✅ Correlation 24h ETHUSDT: 0.601
2025-05-26 02:41:56,248 - data_analyzer.anomaly_detector - INFO - 🔍 Phát hiện anomalies 30d cho ETHUSDT
2025-05-26 02:41:56,265 - data_analyzer.anomaly_detector - ERROR - ❌ Lỗi khi kiểm tra recent anomaly: '>=' not supported between instances of 'int' and 'datetime.datetime'
2025-05-26 02:41:56,265 - data_analyzer.anomaly_detector - INFO - ✅ Phát hiện 1 anomalies 30d cho ETHUSDT
2025-05-26 02:41:56,266 - data_analyzer.anomaly_detector - INFO - 🔍 Phát hiện anomalies correlation 30d cho ETHUSDT
2025-05-26 02:41:56,289 - data_analyzer.anomaly_detector - INFO - ✅ Phát hiện 1 anomalies cho ETHUSDT
2025-05-26 02:41:56,289 - data_analyzer.anomaly_detector - INFO -    - 30d_Volume: 1
2025-05-26 02:41:56,292 - data_analyzer.anomaly_detector - INFO - 🔍 Phát hiện tất cả anomalies cho BNBUSDT
2025-05-26 02:41:56,292 - data_analyzer.anomaly_detector - INFO - 🔍 Phát hiện anomalies 24h cho BNBUSDT
2025-05-26 02:41:56,299 - data_analyzer.anomaly_detector - INFO - ✅ Phát hiện 0 anomalies 24h cho BNBUSDT
2025-05-26 02:41:56,299 - data_analyzer.anomaly_detector - INFO - 🔍 Phát hiện volume spikes cho BNBUSDT
2025-05-26 02:41:56,313 - data_analyzer.anomaly_detector - INFO - ✅ Phát hiện 0 volume spikes cho BNBUSDT
2025-05-26 02:41:56,314 - data_analyzer.anomaly_detector - INFO - 🔍 Phát hiện OI-Price divergence cho BNBUSDT
2025-05-26 02:41:56,319 - data_analyzer.anomaly_detector - INFO - ✅ Kiểm tra OI divergence cho BNBUSDT: 0 anomalies
2025-05-26 02:41:56,319 - data_analyzer.anomaly_detector - INFO - 🔍 Phát hiện anomalies correlation 24h cho BNBUSDT
2025-05-26 02:41:56,325 - data_analyzer.anomaly_detector - INFO - ✅ Correlation 24h BNBUSDT: 0.596
2025-05-26 02:41:56,326 - data_analyzer.anomaly_detector - INFO - 🔍 Phát hiện anomalies 30d cho BNBUSDT
2025-05-26 02:41:56,342 - data_analyzer.anomaly_detector - ERROR - ❌ Lỗi khi kiểm tra recent anomaly: '>=' not supported between instances of 'int' and 'datetime.datetime'
2025-05-26 02:41:56,343 - data_analyzer.anomaly_detector - ERROR - ❌ Lỗi khi kiểm tra recent anomaly: '>=' not supported between instances of 'int' and 'datetime.datetime'
2025-05-26 02:41:56,344 - data_analyzer.anomaly_detector - INFO - ✅ Phát hiện 2 anomalies 30d cho BNBUSDT
2025-05-26 02:41:56,344 - data_analyzer.anomaly_detector - INFO - 🔍 Phát hiện anomalies correlation 30d cho BNBUSDT
2025-05-26 02:41:56,370 - data_analyzer.anomaly_detector - INFO - ✅ Phát hiện 2 anomalies cho BNBUSDT
2025-05-26 02:41:56,371 - data_analyzer.anomaly_detector - INFO -    - 30d_Volume_USDT: 1
2025-05-26 02:41:56,372 - data_analyzer.anomaly_detector - INFO -    - 30d_Volume: 1
2025-05-26 02:41:56,374 - data_analyzer.anomaly_detector - INFO - 🔍 Phát hiện tất cả anomalies cho SOLUSDT
2025-05-26 02:41:56,375 - data_analyzer.anomaly_detector - INFO - 🔍 Phát hiện anomalies 24h cho SOLUSDT
2025-05-26 02:41:56,381 - data_analyzer.anomaly_detector - INFO - ✅ Phát hiện 0 anomalies 24h cho SOLUSDT
2025-05-26 02:41:56,382 - data_analyzer.anomaly_detector - INFO - 🔍 Phát hiện volume spikes cho SOLUSDT
2025-05-26 02:41:56,395 - data_analyzer.anomaly_detector - INFO - ✅ Phát hiện 0 volume spikes cho SOLUSDT
2025-05-26 02:41:56,396 - data_analyzer.anomaly_detector - INFO - 🔍 Phát hiện OI-Price divergence cho SOLUSDT
2025-05-26 02:41:56,400 - data_analyzer.anomaly_detector - INFO - ✅ Kiểm tra OI divergence cho SOLUSDT: 0 anomalies
2025-05-26 02:41:56,401 - data_analyzer.anomaly_detector - INFO - 🔍 Phát hiện anomalies correlation 24h cho SOLUSDT
2025-05-26 02:41:56,406 - data_analyzer.anomaly_detector - INFO - ✅ Correlation 24h SOLUSDT: 0.609
2025-05-26 02:41:56,407 - data_analyzer.anomaly_detector - INFO - 🔍 Phát hiện anomalies 30d cho SOLUSDT
2025-05-26 02:41:56,422 - data_analyzer.anomaly_detector - INFO - ✅ Phát hiện 1 anomalies 30d cho SOLUSDT
2025-05-26 02:41:56,423 - data_analyzer.anomaly_detector - INFO - 🔍 Phát hiện anomalies correlation 30d cho SOLUSDT
2025-05-26 02:41:56,444 - data_analyzer.anomaly_detector - INFO - ✅ Phát hiện 1 anomalies cho SOLUSDT
2025-05-26 02:41:56,444 - data_analyzer.anomaly_detector - INFO -    - 30d_OI: 1
2025-05-26 02:41:56,446 - data_analyzer.anomaly_detector - INFO - 🔍 Phát hiện tất cả anomalies cho DOGEUSDT
2025-05-26 02:41:56,447 - data_analyzer.anomaly_detector - INFO - 🔍 Phát hiện anomalies 24h cho DOGEUSDT
2025-05-26 02:41:56,453 - data_analyzer.anomaly_detector - INFO - ✅ Phát hiện 0 anomalies 24h cho DOGEUSDT
2025-05-26 02:41:56,453 - data_analyzer.anomaly_detector - INFO - 🔍 Phát hiện volume spikes cho DOGEUSDT
2025-05-26 02:41:56,466 - data_analyzer.anomaly_detector - INFO - ✅ Phát hiện 0 volume spikes cho DOGEUSDT
2025-05-26 02:41:56,467 - data_analyzer.anomaly_detector - INFO - 🔍 Phát hiện OI-Price divergence cho DOGEUSDT
2025-05-26 02:41:56,471 - data_analyzer.anomaly_detector - INFO - ✅ Kiểm tra OI divergence cho DOGEUSDT: 0 anomalies
2025-05-26 02:41:56,472 - data_analyzer.anomaly_detector - INFO - 🔍 Phát hiện anomalies correlation 24h cho DOGEUSDT
2025-05-26 02:41:56,477 - data_analyzer.anomaly_detector - INFO - ✅ Correlation 24h DOGEUSDT: 0.593
2025-05-26 02:41:56,478 - data_analyzer.anomaly_detector - INFO - 🔍 Phát hiện anomalies 30d cho DOGEUSDT
2025-05-26 02:41:56,494 - data_analyzer.anomaly_detector - ERROR - ❌ Lỗi khi kiểm tra recent anomaly: '>=' not supported between instances of 'int' and 'datetime.datetime'
2025-05-26 02:41:56,494 - data_analyzer.anomaly_detector - ERROR - ❌ Lỗi khi kiểm tra recent anomaly: '>=' not supported between instances of 'int' and 'datetime.datetime'
2025-05-26 02:41:56,495 - data_analyzer.anomaly_detector - INFO - ✅ Phát hiện 2 anomalies 30d cho DOGEUSDT
2025-05-26 02:41:56,496 - data_analyzer.anomaly_detector - INFO - 🔍 Phát hiện anomalies correlation 30d cho DOGEUSDT
2025-05-26 02:41:56,521 - data_analyzer.anomaly_detector - INFO - ✅ Phát hiện 2 anomalies cho DOGEUSDT
2025-05-26 02:41:56,521 - data_analyzer.anomaly_detector - INFO -    - 30d_Volume_USDT: 1
2025-05-26 02:41:56,522 - data_analyzer.anomaly_detector - INFO -    - 30d_Volume: 1
2025-05-26 02:56:57,399 - data_analyzer.anomaly_detector - INFO - 🔧 Khởi tạo OptimizedAnomalyDetector với ngưỡng 2.5
2025-05-26 02:56:57,401 - data_analyzer.anomaly_detector - INFO - 🔍 Phát hiện tất cả anomalies cho BTCUSDT
2025-05-26 02:56:57,402 - data_analyzer.anomaly_detector - INFO - 🔍 Phát hiện anomalies 24h cho BTCUSDT
2025-05-26 02:56:57,415 - data_analyzer.anomaly_detector - INFO - ✅ Phát hiện 0 anomalies 24h cho BTCUSDT
2025-05-26 02:56:57,416 - data_analyzer.anomaly_detector - INFO - 🔍 Phát hiện volume spikes cho BTCUSDT
2025-05-26 02:56:57,440 - data_analyzer.anomaly_detector - INFO - ✅ Phát hiện 0 volume spikes cho BTCUSDT
2025-05-26 02:56:57,441 - data_analyzer.anomaly_detector - INFO - 🔍 Phát hiện OI-Price divergence cho BTCUSDT
2025-05-26 02:56:57,450 - data_analyzer.anomaly_detector - INFO - ✅ Kiểm tra OI divergence cho BTCUSDT: 0 anomalies
2025-05-26 02:56:57,451 - data_analyzer.anomaly_detector - INFO - 🔍 Phát hiện anomalies correlation 24h cho BTCUSDT
2025-05-26 02:56:57,460 - data_analyzer.anomaly_detector - INFO - ✅ Correlation 24h BTCUSDT: 0.601
2025-05-26 02:56:57,461 - data_analyzer.anomaly_detector - INFO - 🔍 Phát hiện anomalies 30d cho BTCUSDT
2025-05-26 02:56:57,481 - data_analyzer.anomaly_detector - ERROR - ❌ Lỗi khi kiểm tra recent anomaly: '>=' not supported between instances of 'int' and 'datetime.datetime'
2025-05-26 02:56:57,482 - data_analyzer.anomaly_detector - ERROR - ❌ Lỗi khi kiểm tra recent anomaly: '>=' not supported between instances of 'int' and 'datetime.datetime'
2025-05-26 02:56:57,483 - data_analyzer.anomaly_detector - INFO - ✅ Phát hiện 2 anomalies 30d cho BTCUSDT
2025-05-26 02:56:57,483 - data_analyzer.anomaly_detector - INFO - 🔍 Phát hiện anomalies correlation 30d cho BTCUSDT
2025-05-26 02:56:57,514 - data_analyzer.anomaly_detector - INFO - ✅ Phát hiện 2 anomalies cho BTCUSDT
2025-05-26 02:56:57,515 - data_analyzer.anomaly_detector - INFO -    - 30d_Volume_USDT: 1
2025-05-26 02:56:57,516 - data_analyzer.anomaly_detector - INFO -    - 30d_Volume: 1
2025-05-26 02:56:57,519 - data_analyzer.anomaly_detector - INFO - 🔍 Phát hiện tất cả anomalies cho ETHUSDT
2025-05-26 02:56:57,519 - data_analyzer.anomaly_detector - INFO - 🔍 Phát hiện anomalies 24h cho ETHUSDT
2025-05-26 02:56:57,527 - data_analyzer.anomaly_detector - INFO - ✅ Phát hiện 0 anomalies 24h cho ETHUSDT
2025-05-26 02:56:57,527 - data_analyzer.anomaly_detector - INFO - 🔍 Phát hiện volume spikes cho ETHUSDT
2025-05-26 02:56:57,542 - data_analyzer.anomaly_detector - INFO - ✅ Phát hiện 0 volume spikes cho ETHUSDT
2025-05-26 02:56:57,543 - data_analyzer.anomaly_detector - INFO - 🔍 Phát hiện OI-Price divergence cho ETHUSDT
2025-05-26 02:56:57,548 - data_analyzer.anomaly_detector - INFO - ✅ Kiểm tra OI divergence cho ETHUSDT: 0 anomalies
2025-05-26 02:56:57,548 - data_analyzer.anomaly_detector - INFO - 🔍 Phát hiện anomalies correlation 24h cho ETHUSDT
2025-05-26 02:56:57,553 - data_analyzer.anomaly_detector - INFO - ✅ Correlation 24h ETHUSDT: 0.601
2025-05-26 02:56:57,554 - data_analyzer.anomaly_detector - INFO - 🔍 Phát hiện anomalies 30d cho ETHUSDT
2025-05-26 02:56:57,570 - data_analyzer.anomaly_detector - ERROR - ❌ Lỗi khi kiểm tra recent anomaly: '>=' not supported between instances of 'int' and 'datetime.datetime'
2025-05-26 02:56:57,571 - data_analyzer.anomaly_detector - INFO - ✅ Phát hiện 1 anomalies 30d cho ETHUSDT
2025-05-26 02:56:57,571 - data_analyzer.anomaly_detector - INFO - 🔍 Phát hiện anomalies correlation 30d cho ETHUSDT
2025-05-26 02:56:57,593 - data_analyzer.anomaly_detector - INFO - ✅ Phát hiện 1 anomalies cho ETHUSDT
2025-05-26 02:56:57,593 - data_analyzer.anomaly_detector - INFO -    - 30d_Volume: 1
2025-05-26 02:56:57,595 - data_analyzer.anomaly_detector - INFO - 🔍 Phát hiện tất cả anomalies cho BNBUSDT
2025-05-26 02:56:57,595 - data_analyzer.anomaly_detector - INFO - 🔍 Phát hiện anomalies 24h cho BNBUSDT
2025-05-26 02:56:57,601 - data_analyzer.anomaly_detector - INFO - ✅ Phát hiện 0 anomalies 24h cho BNBUSDT
2025-05-26 02:56:57,602 - data_analyzer.anomaly_detector - INFO - 🔍 Phát hiện volume spikes cho BNBUSDT
2025-05-26 02:56:57,615 - data_analyzer.anomaly_detector - INFO - ✅ Phát hiện 0 volume spikes cho BNBUSDT
2025-05-26 02:56:57,615 - data_analyzer.anomaly_detector - INFO - 🔍 Phát hiện OI-Price divergence cho BNBUSDT
2025-05-26 02:56:57,620 - data_analyzer.anomaly_detector - INFO - ✅ Kiểm tra OI divergence cho BNBUSDT: 0 anomalies
2025-05-26 02:56:57,620 - data_analyzer.anomaly_detector - INFO - 🔍 Phát hiện anomalies correlation 24h cho BNBUSDT
2025-05-26 02:56:57,625 - data_analyzer.anomaly_detector - INFO - ✅ Correlation 24h BNBUSDT: 0.596
2025-05-26 02:56:57,626 - data_analyzer.anomaly_detector - INFO - 🔍 Phát hiện anomalies 30d cho BNBUSDT
2025-05-26 02:56:57,642 - data_analyzer.anomaly_detector - ERROR - ❌ Lỗi khi kiểm tra recent anomaly: '>=' not supported between instances of 'int' and 'datetime.datetime'
2025-05-26 02:56:57,643 - data_analyzer.anomaly_detector - ERROR - ❌ Lỗi khi kiểm tra recent anomaly: '>=' not supported between instances of 'int' and 'datetime.datetime'
2025-05-26 02:56:57,643 - data_analyzer.anomaly_detector - INFO - ✅ Phát hiện 2 anomalies 30d cho BNBUSDT
2025-05-26 02:56:57,644 - data_analyzer.anomaly_detector - INFO - 🔍 Phát hiện anomalies correlation 30d cho BNBUSDT
2025-05-26 02:56:57,668 - data_analyzer.anomaly_detector - INFO - ✅ Phát hiện 2 anomalies cho BNBUSDT
2025-05-26 02:56:57,668 - data_analyzer.anomaly_detector - INFO -    - 30d_Volume_USDT: 1
2025-05-26 02:56:57,669 - data_analyzer.anomaly_detector - INFO -    - 30d_Volume: 1
2025-05-26 02:56:57,671 - data_analyzer.anomaly_detector - INFO - 🔍 Phát hiện tất cả anomalies cho SOLUSDT
2025-05-26 02:56:57,671 - data_analyzer.anomaly_detector - INFO - 🔍 Phát hiện anomalies 24h cho SOLUSDT
2025-05-26 02:56:57,677 - data_analyzer.anomaly_detector - INFO - ✅ Phát hiện 0 anomalies 24h cho SOLUSDT
2025-05-26 02:56:57,677 - data_analyzer.anomaly_detector - INFO - 🔍 Phát hiện volume spikes cho SOLUSDT
2025-05-26 02:56:57,690 - data_analyzer.anomaly_detector - INFO - ✅ Phát hiện 0 volume spikes cho SOLUSDT
2025-05-26 02:56:57,691 - data_analyzer.anomaly_detector - INFO - 🔍 Phát hiện OI-Price divergence cho SOLUSDT
2025-05-26 02:56:57,695 - data_analyzer.anomaly_detector - INFO - ✅ Kiểm tra OI divergence cho SOLUSDT: 0 anomalies
2025-05-26 02:56:57,696 - data_analyzer.anomaly_detector - INFO - 🔍 Phát hiện anomalies correlation 24h cho SOLUSDT
2025-05-26 02:56:57,700 - data_analyzer.anomaly_detector - INFO - ✅ Correlation 24h SOLUSDT: 0.609
2025-05-26 02:56:57,701 - data_analyzer.anomaly_detector - INFO - 🔍 Phát hiện anomalies 30d cho SOLUSDT
2025-05-26 02:56:57,717 - data_analyzer.anomaly_detector - INFO - ✅ Phát hiện 1 anomalies 30d cho SOLUSDT
2025-05-26 02:56:57,717 - data_analyzer.anomaly_detector - INFO - 🔍 Phát hiện anomalies correlation 30d cho SOLUSDT
2025-05-26 02:56:57,737 - data_analyzer.anomaly_detector - INFO - ✅ Phát hiện 1 anomalies cho SOLUSDT
2025-05-26 02:56:57,738 - data_analyzer.anomaly_detector - INFO -    - 30d_OI: 1
2025-05-26 02:56:57,739 - data_analyzer.anomaly_detector - INFO - 🔍 Phát hiện tất cả anomalies cho DOGEUSDT
2025-05-26 02:56:57,740 - data_analyzer.anomaly_detector - INFO - 🔍 Phát hiện anomalies 24h cho DOGEUSDT
2025-05-26 02:56:57,746 - data_analyzer.anomaly_detector - INFO - ✅ Phát hiện 0 anomalies 24h cho DOGEUSDT
2025-05-26 02:56:57,746 - data_analyzer.anomaly_detector - INFO - 🔍 Phát hiện volume spikes cho DOGEUSDT
2025-05-26 02:56:57,759 - data_analyzer.anomaly_detector - INFO - ✅ Phát hiện 0 volume spikes cho DOGEUSDT
2025-05-26 02:56:57,759 - data_analyzer.anomaly_detector - INFO - 🔍 Phát hiện OI-Price divergence cho DOGEUSDT
2025-05-26 02:56:57,764 - data_analyzer.anomaly_detector - INFO - ✅ Kiểm tra OI divergence cho DOGEUSDT: 0 anomalies
2025-05-26 02:56:57,764 - data_analyzer.anomaly_detector - INFO - 🔍 Phát hiện anomalies correlation 24h cho DOGEUSDT
2025-05-26 02:56:57,769 - data_analyzer.anomaly_detector - INFO - ✅ Correlation 24h DOGEUSDT: 0.593
2025-05-26 02:56:57,770 - data_analyzer.anomaly_detector - INFO - 🔍 Phát hiện anomalies 30d cho DOGEUSDT
2025-05-26 02:56:57,785 - data_analyzer.anomaly_detector - ERROR - ❌ Lỗi khi kiểm tra recent anomaly: '>=' not supported between instances of 'int' and 'datetime.datetime'
2025-05-26 02:56:57,786 - data_analyzer.anomaly_detector - ERROR - ❌ Lỗi khi kiểm tra recent anomaly: '>=' not supported between instances of 'int' and 'datetime.datetime'
2025-05-26 02:56:57,787 - data_analyzer.anomaly_detector - INFO - ✅ Phát hiện 2 anomalies 30d cho DOGEUSDT
2025-05-26 02:56:57,787 - data_analyzer.anomaly_detector - INFO - 🔍 Phát hiện anomalies correlation 30d cho DOGEUSDT
2025-05-26 02:56:57,811 - data_analyzer.anomaly_detector - INFO - ✅ Phát hiện 2 anomalies cho DOGEUSDT
2025-05-26 02:56:57,812 - data_analyzer.anomaly_detector - INFO -    - 30d_Volume_USDT: 1
2025-05-26 02:56:57,813 - data_analyzer.anomaly_detector - INFO -    - 30d_Volume: 1
2025-05-26 03:12:18,354 - data_analyzer.anomaly_detector - INFO - 🔧 Khởi tạo OptimizedAnomalyDetector với ngưỡng 2.5
2025-05-26 03:12:18,356 - data_analyzer.anomaly_detector - INFO - 🔍 Phát hiện tất cả anomalies cho BTCUSDT
2025-05-26 03:12:18,357 - data_analyzer.anomaly_detector - INFO - 🔍 Phát hiện anomalies 24h cho BTCUSDT
2025-05-26 03:12:18,369 - data_analyzer.anomaly_detector - INFO - ✅ Phát hiện 0 anomalies 24h cho BTCUSDT
2025-05-26 03:12:18,370 - data_analyzer.anomaly_detector - INFO - 🔍 Phát hiện volume spikes cho BTCUSDT
2025-05-26 03:12:18,393 - data_analyzer.anomaly_detector - INFO - ✅ Phát hiện 0 volume spikes cho BTCUSDT
2025-05-26 03:12:18,394 - data_analyzer.anomaly_detector - INFO - 🔍 Phát hiện OI-Price divergence cho BTCUSDT
2025-05-26 03:12:18,399 - data_analyzer.anomaly_detector - INFO - ✅ Kiểm tra OI divergence cho BTCUSDT: 0 anomalies
2025-05-26 03:12:18,400 - data_analyzer.anomaly_detector - INFO - 🔍 Phát hiện anomalies correlation 24h cho BTCUSDT
2025-05-26 03:12:18,406 - data_analyzer.anomaly_detector - INFO - ✅ Correlation 24h BTCUSDT: 0.686
2025-05-26 03:12:18,407 - data_analyzer.anomaly_detector - INFO - 🔍 Phát hiện anomalies 30d cho BTCUSDT
2025-05-26 03:12:18,425 - data_analyzer.anomaly_detector - ERROR - ❌ Lỗi khi kiểm tra recent anomaly: '>=' not supported between instances of 'int' and 'datetime.datetime'
2025-05-26 03:12:18,426 - data_analyzer.anomaly_detector - ERROR - ❌ Lỗi khi kiểm tra recent anomaly: '>=' not supported between instances of 'int' and 'datetime.datetime'
2025-05-26 03:12:18,427 - data_analyzer.anomaly_detector - INFO - ✅ Phát hiện 2 anomalies 30d cho BTCUSDT
2025-05-26 03:12:18,427 - data_analyzer.anomaly_detector - INFO - 🔍 Phát hiện anomalies correlation 30d cho BTCUSDT
2025-05-26 03:12:18,457 - data_analyzer.anomaly_detector - INFO - ✅ Phát hiện 2 anomalies cho BTCUSDT
2025-05-26 03:12:18,458 - data_analyzer.anomaly_detector - INFO -    - 30d_Volume_USDT: 1
2025-05-26 03:12:18,458 - data_analyzer.anomaly_detector - INFO -    - 30d_Volume: 1
2025-05-26 03:12:18,461 - data_analyzer.anomaly_detector - INFO - 🔍 Phát hiện tất cả anomalies cho ETHUSDT
2025-05-26 03:12:18,461 - data_analyzer.anomaly_detector - INFO - 🔍 Phát hiện anomalies 24h cho ETHUSDT
2025-05-26 03:12:18,468 - data_analyzer.anomaly_detector - INFO - ✅ Phát hiện 0 anomalies 24h cho ETHUSDT
2025-05-26 03:12:18,469 - data_analyzer.anomaly_detector - INFO - 🔍 Phát hiện volume spikes cho ETHUSDT
2025-05-26 03:12:18,483 - data_analyzer.anomaly_detector - INFO - ✅ Phát hiện 0 volume spikes cho ETHUSDT
2025-05-26 03:12:18,484 - data_analyzer.anomaly_detector - INFO - 🔍 Phát hiện OI-Price divergence cho ETHUSDT
2025-05-26 03:12:18,489 - data_analyzer.anomaly_detector - INFO - ✅ Kiểm tra OI divergence cho ETHUSDT: 0 anomalies
2025-05-26 03:12:18,489 - data_analyzer.anomaly_detector - INFO - 🔍 Phát hiện anomalies correlation 24h cho ETHUSDT
2025-05-26 03:12:18,495 - data_analyzer.anomaly_detector - INFO - ✅ Correlation 24h ETHUSDT: 0.679
2025-05-26 03:12:18,496 - data_analyzer.anomaly_detector - INFO - 🔍 Phát hiện anomalies 30d cho ETHUSDT
2025-05-26 03:12:18,513 - data_analyzer.anomaly_detector - ERROR - ❌ Lỗi khi kiểm tra recent anomaly: '>=' not supported between instances of 'int' and 'datetime.datetime'
2025-05-26 03:12:18,514 - data_analyzer.anomaly_detector - INFO - ✅ Phát hiện 1 anomalies 30d cho ETHUSDT
2025-05-26 03:12:18,514 - data_analyzer.anomaly_detector - INFO - 🔍 Phát hiện anomalies correlation 30d cho ETHUSDT
2025-05-26 03:12:18,536 - data_analyzer.anomaly_detector - INFO - ✅ Phát hiện 1 anomalies cho ETHUSDT
2025-05-26 03:12:18,537 - data_analyzer.anomaly_detector - INFO -    - 30d_Volume: 1
2025-05-26 03:12:18,538 - data_analyzer.anomaly_detector - INFO - 🔍 Phát hiện tất cả anomalies cho BNBUSDT
2025-05-26 03:12:18,539 - data_analyzer.anomaly_detector - INFO - 🔍 Phát hiện anomalies 24h cho BNBUSDT
2025-05-26 03:12:18,545 - data_analyzer.anomaly_detector - INFO - ✅ Phát hiện 0 anomalies 24h cho BNBUSDT
2025-05-26 03:12:18,546 - data_analyzer.anomaly_detector - INFO - 🔍 Phát hiện volume spikes cho BNBUSDT
2025-05-26 03:12:18,562 - data_analyzer.anomaly_detector - INFO - ✅ Phát hiện 0 volume spikes cho BNBUSDT
2025-05-26 03:12:18,562 - data_analyzer.anomaly_detector - INFO - 🔍 Phát hiện OI-Price divergence cho BNBUSDT
2025-05-26 03:12:18,567 - data_analyzer.anomaly_detector - INFO - ✅ Kiểm tra OI divergence cho BNBUSDT: 0 anomalies
2025-05-26 03:12:18,568 - data_analyzer.anomaly_detector - INFO - 🔍 Phát hiện anomalies correlation 24h cho BNBUSDT
2025-05-26 03:12:18,573 - data_analyzer.anomaly_detector - INFO - ✅ Correlation 24h BNBUSDT: 0.682
2025-05-26 03:12:18,574 - data_analyzer.anomaly_detector - INFO - 🔍 Phát hiện anomalies 30d cho BNBUSDT
2025-05-26 03:12:18,590 - data_analyzer.anomaly_detector - ERROR - ❌ Lỗi khi kiểm tra recent anomaly: '>=' not supported between instances of 'int' and 'datetime.datetime'
2025-05-26 03:12:18,591 - data_analyzer.anomaly_detector - ERROR - ❌ Lỗi khi kiểm tra recent anomaly: '>=' not supported between instances of 'int' and 'datetime.datetime'
2025-05-26 03:12:18,592 - data_analyzer.anomaly_detector - INFO - ✅ Phát hiện 2 anomalies 30d cho BNBUSDT
2025-05-26 03:12:18,592 - data_analyzer.anomaly_detector - INFO - 🔍 Phát hiện anomalies correlation 30d cho BNBUSDT
2025-05-26 03:12:18,618 - data_analyzer.anomaly_detector - INFO - ✅ Phát hiện 2 anomalies cho BNBUSDT
2025-05-26 03:12:18,619 - data_analyzer.anomaly_detector - INFO -    - 30d_Volume_USDT: 1
2025-05-26 03:12:18,619 - data_analyzer.anomaly_detector - INFO -    - 30d_Volume: 1
2025-05-26 03:12:18,622 - data_analyzer.anomaly_detector - INFO - 🔍 Phát hiện tất cả anomalies cho SOLUSDT
2025-05-26 03:12:18,622 - data_analyzer.anomaly_detector - INFO - 🔍 Phát hiện anomalies 24h cho SOLUSDT
2025-05-26 03:12:18,629 - data_analyzer.anomaly_detector - INFO - ✅ Phát hiện 0 anomalies 24h cho SOLUSDT
2025-05-26 03:12:18,630 - data_analyzer.anomaly_detector - INFO - 🔍 Phát hiện volume spikes cho SOLUSDT
2025-05-26 03:12:18,646 - data_analyzer.anomaly_detector - INFO - ✅ Phát hiện 0 volume spikes cho SOLUSDT
2025-05-26 03:12:18,646 - data_analyzer.anomaly_detector - INFO - 🔍 Phát hiện OI-Price divergence cho SOLUSDT
2025-05-26 03:12:18,651 - data_analyzer.anomaly_detector - INFO - ✅ Kiểm tra OI divergence cho SOLUSDT: 0 anomalies
2025-05-26 03:12:18,652 - data_analyzer.anomaly_detector - INFO - 🔍 Phát hiện anomalies correlation 24h cho SOLUSDT
2025-05-26 03:12:18,657 - data_analyzer.anomaly_detector - INFO - ✅ Correlation 24h SOLUSDT: 0.690
2025-05-26 03:12:18,658 - data_analyzer.anomaly_detector - INFO - 🔍 Phát hiện anomalies 30d cho SOLUSDT
2025-05-26 03:12:18,674 - data_analyzer.anomaly_detector - INFO - ✅ Phát hiện 1 anomalies 30d cho SOLUSDT
2025-05-26 03:12:18,675 - data_analyzer.anomaly_detector - INFO - 🔍 Phát hiện anomalies correlation 30d cho SOLUSDT
2025-05-26 03:12:18,695 - data_analyzer.anomaly_detector - INFO - ✅ Phát hiện 1 anomalies cho SOLUSDT
2025-05-26 03:12:18,696 - data_analyzer.anomaly_detector - INFO -    - 30d_OI: 1
2025-05-26 03:12:18,698 - data_analyzer.anomaly_detector - INFO - 🔍 Phát hiện tất cả anomalies cho DOGEUSDT
2025-05-26 03:12:18,698 - data_analyzer.anomaly_detector - INFO - 🔍 Phát hiện anomalies 24h cho DOGEUSDT
2025-05-26 03:12:18,705 - data_analyzer.anomaly_detector - INFO - ✅ Phát hiện 0 anomalies 24h cho DOGEUSDT
2025-05-26 03:12:18,705 - data_analyzer.anomaly_detector - INFO - 🔍 Phát hiện volume spikes cho DOGEUSDT
2025-05-26 03:12:18,719 - data_analyzer.anomaly_detector - INFO - ✅ Phát hiện 0 volume spikes cho DOGEUSDT
2025-05-26 03:12:18,719 - data_analyzer.anomaly_detector - INFO - 🔍 Phát hiện OI-Price divergence cho DOGEUSDT
2025-05-26 03:12:18,724 - data_analyzer.anomaly_detector - INFO - ✅ Kiểm tra OI divergence cho DOGEUSDT: 0 anomalies
2025-05-26 03:12:18,725 - data_analyzer.anomaly_detector - INFO - 🔍 Phát hiện anomalies correlation 24h cho DOGEUSDT
2025-05-26 03:12:18,730 - data_analyzer.anomaly_detector - INFO - ✅ Correlation 24h DOGEUSDT: 0.674
2025-05-26 03:12:18,731 - data_analyzer.anomaly_detector - INFO - 🔍 Phát hiện anomalies 30d cho DOGEUSDT
2025-05-26 03:12:18,747 - data_analyzer.anomaly_detector - ERROR - ❌ Lỗi khi kiểm tra recent anomaly: '>=' not supported between instances of 'int' and 'datetime.datetime'
2025-05-26 03:12:18,747 - data_analyzer.anomaly_detector - ERROR - ❌ Lỗi khi kiểm tra recent anomaly: '>=' not supported between instances of 'int' and 'datetime.datetime'
2025-05-26 03:12:18,748 - data_analyzer.anomaly_detector - INFO - ✅ Phát hiện 2 anomalies 30d cho DOGEUSDT
2025-05-26 03:12:18,749 - data_analyzer.anomaly_detector - INFO - 🔍 Phát hiện anomalies correlation 30d cho DOGEUSDT
2025-05-26 03:12:18,773 - data_analyzer.anomaly_detector - INFO - ✅ Phát hiện 2 anomalies cho DOGEUSDT
2025-05-26 03:12:18,773 - data_analyzer.anomaly_detector - INFO -    - 30d_Volume_USDT: 1
2025-05-26 03:12:18,774 - data_analyzer.anomaly_detector - INFO -    - 30d_Volume: 1
2025-05-26 03:27:19,004 - data_analyzer.anomaly_detector - INFO - 🔧 Khởi tạo OptimizedAnomalyDetector với ngưỡng 2.5
2025-05-26 03:27:19,006 - data_analyzer.anomaly_detector - INFO - 🔍 Phát hiện tất cả anomalies cho BTCUSDT
2025-05-26 03:27:19,007 - data_analyzer.anomaly_detector - INFO - 🔍 Phát hiện anomalies 24h cho BTCUSDT
2025-05-26 03:27:19,020 - data_analyzer.anomaly_detector - INFO - ✅ Phát hiện 0 anomalies 24h cho BTCUSDT
2025-05-26 03:27:19,021 - data_analyzer.anomaly_detector - INFO - 🔍 Phát hiện volume spikes cho BTCUSDT
2025-05-26 03:27:19,046 - data_analyzer.anomaly_detector - INFO - ✅ Phát hiện 0 volume spikes cho BTCUSDT
2025-05-26 03:27:19,047 - data_analyzer.anomaly_detector - INFO - 🔍 Phát hiện OI-Price divergence cho BTCUSDT
2025-05-26 03:27:19,053 - data_analyzer.anomaly_detector - INFO - ✅ Kiểm tra OI divergence cho BTCUSDT: 0 anomalies
2025-05-26 03:27:19,054 - data_analyzer.anomaly_detector - INFO - 🔍 Phát hiện anomalies correlation 24h cho BTCUSDT
2025-05-26 03:27:19,060 - data_analyzer.anomaly_detector - INFO - ✅ Correlation 24h BTCUSDT: 0.686
2025-05-26 03:27:19,061 - data_analyzer.anomaly_detector - INFO - 🔍 Phát hiện anomalies 30d cho BTCUSDT
2025-05-26 03:27:19,081 - data_analyzer.anomaly_detector - ERROR - ❌ Lỗi khi kiểm tra recent anomaly: '>=' not supported between instances of 'int' and 'datetime.datetime'
2025-05-26 03:27:19,082 - data_analyzer.anomaly_detector - ERROR - ❌ Lỗi khi kiểm tra recent anomaly: '>=' not supported between instances of 'int' and 'datetime.datetime'
2025-05-26 03:27:19,082 - data_analyzer.anomaly_detector - INFO - ✅ Phát hiện 2 anomalies 30d cho BTCUSDT
2025-05-26 03:27:19,083 - data_analyzer.anomaly_detector - INFO - 🔍 Phát hiện anomalies correlation 30d cho BTCUSDT
2025-05-26 03:27:19,116 - data_analyzer.anomaly_detector - INFO - ✅ Phát hiện 2 anomalies cho BTCUSDT
2025-05-26 03:27:19,117 - data_analyzer.anomaly_detector - INFO -    - 30d_Volume_USDT: 1
2025-05-26 03:27:19,117 - data_analyzer.anomaly_detector - INFO -    - 30d_Volume: 1
2025-05-26 03:27:19,120 - data_analyzer.anomaly_detector - INFO - 🔍 Phát hiện tất cả anomalies cho ETHUSDT
2025-05-26 03:27:19,121 - data_analyzer.anomaly_detector - INFO - 🔍 Phát hiện anomalies 24h cho ETHUSDT
2025-05-26 03:27:19,128 - data_analyzer.anomaly_detector - INFO - ✅ Phát hiện 0 anomalies 24h cho ETHUSDT
2025-05-26 03:27:19,129 - data_analyzer.anomaly_detector - INFO - 🔍 Phát hiện volume spikes cho ETHUSDT
2025-05-26 03:27:19,143 - data_analyzer.anomaly_detector - INFO - ✅ Phát hiện 0 volume spikes cho ETHUSDT
2025-05-26 03:27:19,143 - data_analyzer.anomaly_detector - INFO - 🔍 Phát hiện OI-Price divergence cho ETHUSDT
2025-05-26 03:27:19,149 - data_analyzer.anomaly_detector - INFO - ✅ Kiểm tra OI divergence cho ETHUSDT: 0 anomalies
2025-05-26 03:27:19,149 - data_analyzer.anomaly_detector - INFO - 🔍 Phát hiện anomalies correlation 24h cho ETHUSDT
2025-05-26 03:27:19,155 - data_analyzer.anomaly_detector - INFO - ✅ Correlation 24h ETHUSDT: 0.679
2025-05-26 03:27:19,155 - data_analyzer.anomaly_detector - INFO - 🔍 Phát hiện anomalies 30d cho ETHUSDT
2025-05-26 03:27:19,171 - data_analyzer.anomaly_detector - ERROR - ❌ Lỗi khi kiểm tra recent anomaly: '>=' not supported between instances of 'int' and 'datetime.datetime'
2025-05-26 03:27:19,172 - data_analyzer.anomaly_detector - INFO - ✅ Phát hiện 1 anomalies 30d cho ETHUSDT
2025-05-26 03:27:19,172 - data_analyzer.anomaly_detector - INFO - 🔍 Phát hiện anomalies correlation 30d cho ETHUSDT
2025-05-26 03:27:19,194 - data_analyzer.anomaly_detector - INFO - ✅ Phát hiện 1 anomalies cho ETHUSDT
2025-05-26 03:27:19,195 - data_analyzer.anomaly_detector - INFO -    - 30d_Volume: 1
2025-05-26 03:27:19,196 - data_analyzer.anomaly_detector - INFO - 🔍 Phát hiện tất cả anomalies cho BNBUSDT
2025-05-26 03:27:19,197 - data_analyzer.anomaly_detector - INFO - 🔍 Phát hiện anomalies 24h cho BNBUSDT
2025-05-26 03:27:19,202 - data_analyzer.anomaly_detector - INFO - ✅ Phát hiện 0 anomalies 24h cho BNBUSDT
2025-05-26 03:27:19,203 - data_analyzer.anomaly_detector - INFO - 🔍 Phát hiện volume spikes cho BNBUSDT
2025-05-26 03:27:19,219 - data_analyzer.anomaly_detector - INFO - ✅ Phát hiện 0 volume spikes cho BNBUSDT
2025-05-26 03:27:19,219 - data_analyzer.anomaly_detector - INFO - 🔍 Phát hiện OI-Price divergence cho BNBUSDT
2025-05-26 03:27:19,224 - data_analyzer.anomaly_detector - INFO - ✅ Kiểm tra OI divergence cho BNBUSDT: 0 anomalies
2025-05-26 03:27:19,224 - data_analyzer.anomaly_detector - INFO - 🔍 Phát hiện anomalies correlation 24h cho BNBUSDT
2025-05-26 03:27:19,230 - data_analyzer.anomaly_detector - INFO - ✅ Correlation 24h BNBUSDT: 0.682
2025-05-26 03:27:19,230 - data_analyzer.anomaly_detector - INFO - 🔍 Phát hiện anomalies 30d cho BNBUSDT
2025-05-26 03:27:19,247 - data_analyzer.anomaly_detector - ERROR - ❌ Lỗi khi kiểm tra recent anomaly: '>=' not supported between instances of 'int' and 'datetime.datetime'
2025-05-26 03:27:19,247 - data_analyzer.anomaly_detector - ERROR - ❌ Lỗi khi kiểm tra recent anomaly: '>=' not supported between instances of 'int' and 'datetime.datetime'
2025-05-26 03:27:19,248 - data_analyzer.anomaly_detector - INFO - ✅ Phát hiện 2 anomalies 30d cho BNBUSDT
2025-05-26 03:27:19,248 - data_analyzer.anomaly_detector - INFO - 🔍 Phát hiện anomalies correlation 30d cho BNBUSDT
2025-05-26 03:27:19,273 - data_analyzer.anomaly_detector - INFO - ✅ Phát hiện 2 anomalies cho BNBUSDT
2025-05-26 03:27:19,274 - data_analyzer.anomaly_detector - INFO -    - 30d_Volume_USDT: 1
2025-05-26 03:27:19,274 - data_analyzer.anomaly_detector - INFO -    - 30d_Volume: 1
2025-05-26 03:27:19,276 - data_analyzer.anomaly_detector - INFO - 🔍 Phát hiện tất cả anomalies cho SOLUSDT
2025-05-26 03:27:19,276 - data_analyzer.anomaly_detector - INFO - 🔍 Phát hiện anomalies 24h cho SOLUSDT
2025-05-26 03:27:19,282 - data_analyzer.anomaly_detector - INFO - ✅ Phát hiện 0 anomalies 24h cho SOLUSDT
2025-05-26 03:27:19,283 - data_analyzer.anomaly_detector - INFO - 🔍 Phát hiện volume spikes cho SOLUSDT
2025-05-26 03:27:19,296 - data_analyzer.anomaly_detector - INFO - ✅ Phát hiện 0 volume spikes cho SOLUSDT
2025-05-26 03:27:19,297 - data_analyzer.anomaly_detector - INFO - 🔍 Phát hiện OI-Price divergence cho SOLUSDT
2025-05-26 03:27:19,301 - data_analyzer.anomaly_detector - INFO - ✅ Kiểm tra OI divergence cho SOLUSDT: 0 anomalies
2025-05-26 03:27:19,302 - data_analyzer.anomaly_detector - INFO - 🔍 Phát hiện anomalies correlation 24h cho SOLUSDT
2025-05-26 03:27:19,307 - data_analyzer.anomaly_detector - INFO - ✅ Correlation 24h SOLUSDT: 0.690
2025-05-26 03:27:19,307 - data_analyzer.anomaly_detector - INFO - 🔍 Phát hiện anomalies 30d cho SOLUSDT
2025-05-26 03:27:19,323 - data_analyzer.anomaly_detector - INFO - ✅ Phát hiện 1 anomalies 30d cho SOLUSDT
2025-05-26 03:27:19,324 - data_analyzer.anomaly_detector - INFO - 🔍 Phát hiện anomalies correlation 30d cho SOLUSDT
2025-05-26 03:27:19,347 - data_analyzer.anomaly_detector - INFO - ✅ Phát hiện 1 anomalies cho SOLUSDT
2025-05-26 03:27:19,348 - data_analyzer.anomaly_detector - INFO -    - 30d_OI: 1
2025-05-26 03:27:19,349 - data_analyzer.anomaly_detector - INFO - 🔍 Phát hiện tất cả anomalies cho DOGEUSDT
2025-05-26 03:27:19,350 - data_analyzer.anomaly_detector - INFO - 🔍 Phát hiện anomalies 24h cho DOGEUSDT
2025-05-26 03:27:19,358 - data_analyzer.anomaly_detector - INFO - ✅ Phát hiện 0 anomalies 24h cho DOGEUSDT
2025-05-26 03:27:19,358 - data_analyzer.anomaly_detector - INFO - 🔍 Phát hiện volume spikes cho DOGEUSDT
2025-05-26 03:27:19,376 - data_analyzer.anomaly_detector - INFO - ✅ Phát hiện 0 volume spikes cho DOGEUSDT
2025-05-26 03:27:19,377 - data_analyzer.anomaly_detector - INFO - 🔍 Phát hiện OI-Price divergence cho DOGEUSDT
2025-05-26 03:27:19,381 - data_analyzer.anomaly_detector - INFO - ✅ Kiểm tra OI divergence cho DOGEUSDT: 0 anomalies
2025-05-26 03:27:19,382 - data_analyzer.anomaly_detector - INFO - 🔍 Phát hiện anomalies correlation 24h cho DOGEUSDT
2025-05-26 03:27:19,387 - data_analyzer.anomaly_detector - INFO - ✅ Correlation 24h DOGEUSDT: 0.674
2025-05-26 03:27:19,387 - data_analyzer.anomaly_detector - INFO - 🔍 Phát hiện anomalies 30d cho DOGEUSDT
2025-05-26 03:27:19,404 - data_analyzer.anomaly_detector - ERROR - ❌ Lỗi khi kiểm tra recent anomaly: '>=' not supported between instances of 'int' and 'datetime.datetime'
2025-05-26 03:27:19,404 - data_analyzer.anomaly_detector - ERROR - ❌ Lỗi khi kiểm tra recent anomaly: '>=' not supported between instances of 'int' and 'datetime.datetime'
2025-05-26 03:27:19,405 - data_analyzer.anomaly_detector - INFO - ✅ Phát hiện 2 anomalies 30d cho DOGEUSDT
2025-05-26 03:27:19,405 - data_analyzer.anomaly_detector - INFO - 🔍 Phát hiện anomalies correlation 30d cho DOGEUSDT
2025-05-26 03:27:19,432 - data_analyzer.anomaly_detector - INFO - ✅ Phát hiện 2 anomalies cho DOGEUSDT
2025-05-26 03:27:19,432 - data_analyzer.anomaly_detector - INFO -    - 30d_Volume_USDT: 1
2025-05-26 03:27:19,433 - data_analyzer.anomaly_detector - INFO -    - 30d_Volume: 1
2025-05-26 03:42:39,114 - data_analyzer.anomaly_detector - INFO - 🔧 Khởi tạo OptimizedAnomalyDetector với ngưỡng 2.5
2025-05-26 03:42:39,116 - data_analyzer.anomaly_detector - INFO - 🔍 Phát hiện tất cả anomalies cho BTCUSDT
2025-05-26 03:42:39,117 - data_analyzer.anomaly_detector - INFO - 🔍 Phát hiện anomalies 24h cho BTCUSDT
2025-05-26 03:42:39,128 - data_analyzer.anomaly_detector - INFO - ✅ Phát hiện 0 anomalies 24h cho BTCUSDT
2025-05-26 03:42:39,129 - data_analyzer.anomaly_detector - INFO - 🔍 Phát hiện volume spikes cho BTCUSDT
2025-05-26 03:42:39,151 - data_analyzer.anomaly_detector - INFO - ✅ Phát hiện 0 volume spikes cho BTCUSDT
2025-05-26 03:42:39,152 - data_analyzer.anomaly_detector - INFO - 🔍 Phát hiện OI-Price divergence cho BTCUSDT
2025-05-26 03:42:39,156 - data_analyzer.anomaly_detector - INFO - ✅ Kiểm tra OI divergence cho BTCUSDT: 0 anomalies
2025-05-26 03:42:39,157 - data_analyzer.anomaly_detector - INFO - 🔍 Phát hiện anomalies correlation 24h cho BTCUSDT
2025-05-26 03:42:39,163 - data_analyzer.anomaly_detector - INFO - ✅ Correlation 24h BTCUSDT: 0.686
2025-05-26 03:42:39,164 - data_analyzer.anomaly_detector - INFO - 🔍 Phát hiện anomalies 30d cho BTCUSDT
2025-05-26 03:42:39,180 - data_analyzer.anomaly_detector - ERROR - ❌ Lỗi khi kiểm tra recent anomaly: '>=' not supported between instances of 'int' and 'datetime.datetime'
2025-05-26 03:42:39,181 - data_analyzer.anomaly_detector - ERROR - ❌ Lỗi khi kiểm tra recent anomaly: '>=' not supported between instances of 'int' and 'datetime.datetime'
2025-05-26 03:42:39,181 - data_analyzer.anomaly_detector - INFO - ✅ Phát hiện 2 anomalies 30d cho BTCUSDT
2025-05-26 03:42:39,182 - data_analyzer.anomaly_detector - INFO - 🔍 Phát hiện anomalies correlation 30d cho BTCUSDT
2025-05-26 03:42:39,209 - data_analyzer.anomaly_detector - INFO - ✅ Phát hiện 2 anomalies cho BTCUSDT
2025-05-26 03:42:39,210 - data_analyzer.anomaly_detector - INFO -    - 30d_Volume_USDT: 1
2025-05-26 03:42:39,211 - data_analyzer.anomaly_detector - INFO -    - 30d_Volume: 1
2025-05-26 03:42:39,213 - data_analyzer.anomaly_detector - INFO - 🔍 Phát hiện tất cả anomalies cho ETHUSDT
2025-05-26 03:42:39,214 - data_analyzer.anomaly_detector - INFO - 🔍 Phát hiện anomalies 24h cho ETHUSDT
2025-05-26 03:42:39,224 - data_analyzer.anomaly_detector - INFO - ✅ Phát hiện 0 anomalies 24h cho ETHUSDT
2025-05-26 03:42:39,225 - data_analyzer.anomaly_detector - INFO - 🔍 Phát hiện volume spikes cho ETHUSDT
2025-05-26 03:42:39,240 - data_analyzer.anomaly_detector - INFO - ✅ Phát hiện 0 volume spikes cho ETHUSDT
2025-05-26 03:42:39,240 - data_analyzer.anomaly_detector - INFO - 🔍 Phát hiện OI-Price divergence cho ETHUSDT
2025-05-26 03:42:39,245 - data_analyzer.anomaly_detector - INFO - ✅ Kiểm tra OI divergence cho ETHUSDT: 0 anomalies
2025-05-26 03:42:39,245 - data_analyzer.anomaly_detector - INFO - 🔍 Phát hiện anomalies correlation 24h cho ETHUSDT
2025-05-26 03:42:39,250 - data_analyzer.anomaly_detector - INFO - ✅ Correlation 24h ETHUSDT: 0.679
2025-05-26 03:42:39,251 - data_analyzer.anomaly_detector - INFO - 🔍 Phát hiện anomalies 30d cho ETHUSDT
2025-05-26 03:42:39,266 - data_analyzer.anomaly_detector - ERROR - ❌ Lỗi khi kiểm tra recent anomaly: '>=' not supported between instances of 'int' and 'datetime.datetime'
2025-05-26 03:42:39,267 - data_analyzer.anomaly_detector - INFO - ✅ Phát hiện 1 anomalies 30d cho ETHUSDT
2025-05-26 03:42:39,268 - data_analyzer.anomaly_detector - INFO - 🔍 Phát hiện anomalies correlation 30d cho ETHUSDT
2025-05-26 03:42:39,287 - data_analyzer.anomaly_detector - INFO - ✅ Phát hiện 1 anomalies cho ETHUSDT
2025-05-26 03:42:39,288 - data_analyzer.anomaly_detector - INFO -    - 30d_Volume: 1
2025-05-26 03:42:39,289 - data_analyzer.anomaly_detector - INFO - 🔍 Phát hiện tất cả anomalies cho BNBUSDT
2025-05-26 03:42:39,289 - data_analyzer.anomaly_detector - INFO - 🔍 Phát hiện anomalies 24h cho BNBUSDT
2025-05-26 03:42:39,295 - data_analyzer.anomaly_detector - INFO - ✅ Phát hiện 0 anomalies 24h cho BNBUSDT
2025-05-26 03:42:39,295 - data_analyzer.anomaly_detector - INFO - 🔍 Phát hiện volume spikes cho BNBUSDT
2025-05-26 03:42:39,308 - data_analyzer.anomaly_detector - INFO - ✅ Phát hiện 0 volume spikes cho BNBUSDT
2025-05-26 03:42:39,308 - data_analyzer.anomaly_detector - INFO - 🔍 Phát hiện OI-Price divergence cho BNBUSDT
2025-05-26 03:42:39,312 - data_analyzer.anomaly_detector - INFO - ✅ Kiểm tra OI divergence cho BNBUSDT: 0 anomalies
2025-05-26 03:42:39,313 - data_analyzer.anomaly_detector - INFO - 🔍 Phát hiện anomalies correlation 24h cho BNBUSDT
2025-05-26 03:42:39,318 - data_analyzer.anomaly_detector - INFO - ✅ Correlation 24h BNBUSDT: 0.682
2025-05-26 03:42:39,318 - data_analyzer.anomaly_detector - INFO - 🔍 Phát hiện anomalies 30d cho BNBUSDT
2025-05-26 03:42:39,333 - data_analyzer.anomaly_detector - ERROR - ❌ Lỗi khi kiểm tra recent anomaly: '>=' not supported between instances of 'int' and 'datetime.datetime'
2025-05-26 03:42:39,333 - data_analyzer.anomaly_detector - ERROR - ❌ Lỗi khi kiểm tra recent anomaly: '>=' not supported between instances of 'int' and 'datetime.datetime'
2025-05-26 03:42:39,334 - data_analyzer.anomaly_detector - INFO - ✅ Phát hiện 2 anomalies 30d cho BNBUSDT
2025-05-26 03:42:39,334 - data_analyzer.anomaly_detector - INFO - 🔍 Phát hiện anomalies correlation 30d cho BNBUSDT
2025-05-26 03:42:39,360 - data_analyzer.anomaly_detector - INFO - ✅ Phát hiện 2 anomalies cho BNBUSDT
2025-05-26 03:42:39,360 - data_analyzer.anomaly_detector - INFO -    - 30d_Volume_USDT: 1
2025-05-26 03:42:39,361 - data_analyzer.anomaly_detector - INFO -    - 30d_Volume: 1
2025-05-26 03:42:39,363 - data_analyzer.anomaly_detector - INFO - 🔍 Phát hiện tất cả anomalies cho SOLUSDT
2025-05-26 03:42:39,364 - data_analyzer.anomaly_detector - INFO - 🔍 Phát hiện anomalies 24h cho SOLUSDT
2025-05-26 03:42:39,370 - data_analyzer.anomaly_detector - INFO - ✅ Phát hiện 0 anomalies 24h cho SOLUSDT
2025-05-26 03:42:39,370 - data_analyzer.anomaly_detector - INFO - 🔍 Phát hiện volume spikes cho SOLUSDT
2025-05-26 03:42:39,383 - data_analyzer.anomaly_detector - INFO - ✅ Phát hiện 0 volume spikes cho SOLUSDT
2025-05-26 03:42:39,383 - data_analyzer.anomaly_detector - INFO - 🔍 Phát hiện OI-Price divergence cho SOLUSDT
2025-05-26 03:42:39,388 - data_analyzer.anomaly_detector - INFO - ✅ Kiểm tra OI divergence cho SOLUSDT: 0 anomalies
2025-05-26 03:42:39,388 - data_analyzer.anomaly_detector - INFO - 🔍 Phát hiện anomalies correlation 24h cho SOLUSDT
2025-05-26 03:42:39,393 - data_analyzer.anomaly_detector - INFO - ✅ Correlation 24h SOLUSDT: 0.690
2025-05-26 03:42:39,393 - data_analyzer.anomaly_detector - INFO - 🔍 Phát hiện anomalies 30d cho SOLUSDT
2025-05-26 03:42:39,408 - data_analyzer.anomaly_detector - INFO - ✅ Phát hiện 1 anomalies 30d cho SOLUSDT
2025-05-26 03:42:39,408 - data_analyzer.anomaly_detector - INFO - 🔍 Phát hiện anomalies correlation 30d cho SOLUSDT
2025-05-26 03:42:39,428 - data_analyzer.anomaly_detector - INFO - ✅ Phát hiện 1 anomalies cho SOLUSDT
2025-05-26 03:42:39,428 - data_analyzer.anomaly_detector - INFO -    - 30d_OI: 1
2025-05-26 03:42:39,429 - data_analyzer.anomaly_detector - INFO - 🔍 Phát hiện tất cả anomalies cho DOGEUSDT
2025-05-26 03:42:39,430 - data_analyzer.anomaly_detector - INFO - 🔍 Phát hiện anomalies 24h cho DOGEUSDT
2025-05-26 03:42:39,435 - data_analyzer.anomaly_detector - INFO - ✅ Phát hiện 0 anomalies 24h cho DOGEUSDT
2025-05-26 03:42:39,436 - data_analyzer.anomaly_detector - INFO - 🔍 Phát hiện volume spikes cho DOGEUSDT
2025-05-26 03:42:39,448 - data_analyzer.anomaly_detector - INFO - ✅ Phát hiện 0 volume spikes cho DOGEUSDT
2025-05-26 03:42:39,448 - data_analyzer.anomaly_detector - INFO - 🔍 Phát hiện OI-Price divergence cho DOGEUSDT
2025-05-26 03:42:39,452 - data_analyzer.anomaly_detector - INFO - ✅ Kiểm tra OI divergence cho DOGEUSDT: 0 anomalies
2025-05-26 03:42:39,453 - data_analyzer.anomaly_detector - INFO - 🔍 Phát hiện anomalies correlation 24h cho DOGEUSDT
2025-05-26 03:42:39,458 - data_analyzer.anomaly_detector - INFO - ✅ Correlation 24h DOGEUSDT: 0.674
2025-05-26 03:42:39,458 - data_analyzer.anomaly_detector - INFO - 🔍 Phát hiện anomalies 30d cho DOGEUSDT
2025-05-26 03:42:39,473 - data_analyzer.anomaly_detector - ERROR - ❌ Lỗi khi kiểm tra recent anomaly: '>=' not supported between instances of 'int' and 'datetime.datetime'
2025-05-26 03:42:39,473 - data_analyzer.anomaly_detector - ERROR - ❌ Lỗi khi kiểm tra recent anomaly: '>=' not supported between instances of 'int' and 'datetime.datetime'
2025-05-26 03:42:39,474 - data_analyzer.anomaly_detector - INFO - ✅ Phát hiện 2 anomalies 30d cho DOGEUSDT
2025-05-26 03:42:39,474 - data_analyzer.anomaly_detector - INFO - 🔍 Phát hiện anomalies correlation 30d cho DOGEUSDT
2025-05-26 03:42:39,497 - data_analyzer.anomaly_detector - INFO - ✅ Phát hiện 2 anomalies cho DOGEUSDT
2025-05-26 03:42:39,498 - data_analyzer.anomaly_detector - INFO -    - 30d_Volume_USDT: 1
2025-05-26 03:42:39,498 - data_analyzer.anomaly_detector - INFO -    - 30d_Volume: 1
2025-05-26 03:57:40,007 - data_analyzer.anomaly_detector - INFO - 🔧 Khởi tạo OptimizedAnomalyDetector với ngưỡng 2.5
2025-05-26 03:57:40,009 - data_analyzer.anomaly_detector - INFO - 🔍 Phát hiện tất cả anomalies cho BTCUSDT
2025-05-26 03:57:40,010 - data_analyzer.anomaly_detector - INFO - 🔍 Phát hiện anomalies 24h cho BTCUSDT
2025-05-26 03:57:40,023 - data_analyzer.anomaly_detector - INFO - ✅ Phát hiện 0 anomalies 24h cho BTCUSDT
2025-05-26 03:57:40,024 - data_analyzer.anomaly_detector - INFO - 🔍 Phát hiện volume spikes cho BTCUSDT
2025-05-26 03:57:40,049 - data_analyzer.anomaly_detector - INFO - ✅ Phát hiện 0 volume spikes cho BTCUSDT
2025-05-26 03:57:40,050 - data_analyzer.anomaly_detector - INFO - 🔍 Phát hiện OI-Price divergence cho BTCUSDT
2025-05-26 03:57:40,056 - data_analyzer.anomaly_detector - INFO - ✅ Kiểm tra OI divergence cho BTCUSDT: 0 anomalies
2025-05-26 03:57:40,056 - data_analyzer.anomaly_detector - INFO - 🔍 Phát hiện anomalies correlation 24h cho BTCUSDT
2025-05-26 03:57:40,063 - data_analyzer.anomaly_detector - INFO - ✅ Correlation 24h BTCUSDT: 0.686
2025-05-26 03:57:40,064 - data_analyzer.anomaly_detector - INFO - 🔍 Phát hiện anomalies 30d cho BTCUSDT
2025-05-26 03:57:40,086 - data_analyzer.anomaly_detector - ERROR - ❌ Lỗi khi kiểm tra recent anomaly: '>=' not supported between instances of 'int' and 'datetime.datetime'
2025-05-26 03:57:40,087 - data_analyzer.anomaly_detector - ERROR - ❌ Lỗi khi kiểm tra recent anomaly: '>=' not supported between instances of 'int' and 'datetime.datetime'
2025-05-26 03:57:40,088 - data_analyzer.anomaly_detector - INFO - ✅ Phát hiện 2 anomalies 30d cho BTCUSDT
2025-05-26 03:57:40,088 - data_analyzer.anomaly_detector - INFO - 🔍 Phát hiện anomalies correlation 30d cho BTCUSDT
2025-05-26 03:57:40,121 - data_analyzer.anomaly_detector - INFO - ✅ Phát hiện 2 anomalies cho BTCUSDT
2025-05-26 03:57:40,122 - data_analyzer.anomaly_detector - INFO -    - 30d_Volume_USDT: 1
2025-05-26 03:57:40,122 - data_analyzer.anomaly_detector - INFO -    - 30d_Volume: 1
2025-05-26 03:57:40,125 - data_analyzer.anomaly_detector - INFO - 🔍 Phát hiện tất cả anomalies cho ETHUSDT
2025-05-26 03:57:40,125 - data_analyzer.anomaly_detector - INFO - 🔍 Phát hiện anomalies 24h cho ETHUSDT
2025-05-26 03:57:40,132 - data_analyzer.anomaly_detector - INFO - ✅ Phát hiện 0 anomalies 24h cho ETHUSDT
2025-05-26 03:57:40,133 - data_analyzer.anomaly_detector - INFO - 🔍 Phát hiện volume spikes cho ETHUSDT
2025-05-26 03:57:40,148 - data_analyzer.anomaly_detector - INFO - ✅ Phát hiện 0 volume spikes cho ETHUSDT
2025-05-26 03:57:40,149 - data_analyzer.anomaly_detector - INFO - 🔍 Phát hiện OI-Price divergence cho ETHUSDT
2025-05-26 03:57:40,154 - data_analyzer.anomaly_detector - INFO - ✅ Kiểm tra OI divergence cho ETHUSDT: 0 anomalies
2025-05-26 03:57:40,155 - data_analyzer.anomaly_detector - INFO - 🔍 Phát hiện anomalies correlation 24h cho ETHUSDT
2025-05-26 03:57:40,160 - data_analyzer.anomaly_detector - INFO - ✅ Correlation 24h ETHUSDT: 0.679
2025-05-26 03:57:40,161 - data_analyzer.anomaly_detector - INFO - 🔍 Phát hiện anomalies 30d cho ETHUSDT
2025-05-26 03:57:40,177 - data_analyzer.anomaly_detector - ERROR - ❌ Lỗi khi kiểm tra recent anomaly: '>=' not supported between instances of 'int' and 'datetime.datetime'
2025-05-26 03:57:40,177 - data_analyzer.anomaly_detector - INFO - ✅ Phát hiện 1 anomalies 30d cho ETHUSDT
2025-05-26 03:57:40,178 - data_analyzer.anomaly_detector - INFO - 🔍 Phát hiện anomalies correlation 30d cho ETHUSDT
2025-05-26 03:57:40,199 - data_analyzer.anomaly_detector - INFO - ✅ Phát hiện 1 anomalies cho ETHUSDT
2025-05-26 03:57:40,200 - data_analyzer.anomaly_detector - INFO -    - 30d_Volume: 1
2025-05-26 03:57:40,201 - data_analyzer.anomaly_detector - INFO - 🔍 Phát hiện tất cả anomalies cho BNBUSDT
2025-05-26 03:57:40,202 - data_analyzer.anomaly_detector - INFO - 🔍 Phát hiện anomalies 24h cho BNBUSDT
2025-05-26 03:57:40,209 - data_analyzer.anomaly_detector - INFO - ✅ Phát hiện 0 anomalies 24h cho BNBUSDT
2025-05-26 03:57:40,210 - data_analyzer.anomaly_detector - INFO - 🔍 Phát hiện volume spikes cho BNBUSDT
2025-05-26 03:57:40,223 - data_analyzer.anomaly_detector - INFO - ✅ Phát hiện 0 volume spikes cho BNBUSDT
2025-05-26 03:57:40,223 - data_analyzer.anomaly_detector - INFO - 🔍 Phát hiện OI-Price divergence cho BNBUSDT
2025-05-26 03:57:40,228 - data_analyzer.anomaly_detector - INFO - ✅ Kiểm tra OI divergence cho BNBUSDT: 0 anomalies
2025-05-26 03:57:40,229 - data_analyzer.anomaly_detector - INFO - 🔍 Phát hiện anomalies correlation 24h cho BNBUSDT
2025-05-26 03:57:40,234 - data_analyzer.anomaly_detector - INFO - ✅ Correlation 24h BNBUSDT: 0.682
2025-05-26 03:57:40,234 - data_analyzer.anomaly_detector - INFO - 🔍 Phát hiện anomalies 30d cho BNBUSDT
2025-05-26 03:57:40,250 - data_analyzer.anomaly_detector - ERROR - ❌ Lỗi khi kiểm tra recent anomaly: '>=' not supported between instances of 'int' and 'datetime.datetime'
2025-05-26 03:57:40,251 - data_analyzer.anomaly_detector - ERROR - ❌ Lỗi khi kiểm tra recent anomaly: '>=' not supported between instances of 'int' and 'datetime.datetime'
2025-05-26 03:57:40,251 - data_analyzer.anomaly_detector - INFO - ✅ Phát hiện 2 anomalies 30d cho BNBUSDT
2025-05-26 03:57:40,252 - data_analyzer.anomaly_detector - INFO - 🔍 Phát hiện anomalies correlation 30d cho BNBUSDT
2025-05-26 03:57:40,276 - data_analyzer.anomaly_detector - INFO - ✅ Phát hiện 2 anomalies cho BNBUSDT
2025-05-26 03:57:40,276 - data_analyzer.anomaly_detector - INFO -    - 30d_Volume_USDT: 1
2025-05-26 03:57:40,277 - data_analyzer.anomaly_detector - INFO -    - 30d_Volume: 1
2025-05-26 03:57:40,279 - data_analyzer.anomaly_detector - INFO - 🔍 Phát hiện tất cả anomalies cho SOLUSDT
2025-05-26 03:57:40,279 - data_analyzer.anomaly_detector - INFO - 🔍 Phát hiện anomalies 24h cho SOLUSDT
2025-05-26 03:57:40,285 - data_analyzer.anomaly_detector - INFO - ✅ Phát hiện 0 anomalies 24h cho SOLUSDT
2025-05-26 03:57:40,286 - data_analyzer.anomaly_detector - INFO - 🔍 Phát hiện volume spikes cho SOLUSDT
2025-05-26 03:57:40,298 - data_analyzer.anomaly_detector - INFO - ✅ Phát hiện 0 volume spikes cho SOLUSDT
2025-05-26 03:57:40,299 - data_analyzer.anomaly_detector - INFO - 🔍 Phát hiện OI-Price divergence cho SOLUSDT
2025-05-26 03:57:40,304 - data_analyzer.anomaly_detector - INFO - ✅ Kiểm tra OI divergence cho SOLUSDT: 0 anomalies
2025-05-26 03:57:40,304 - data_analyzer.anomaly_detector - INFO - 🔍 Phát hiện anomalies correlation 24h cho SOLUSDT
2025-05-26 03:57:40,309 - data_analyzer.anomaly_detector - INFO - ✅ Correlation 24h SOLUSDT: 0.690
2025-05-26 03:57:40,310 - data_analyzer.anomaly_detector - INFO - 🔍 Phát hiện anomalies 30d cho SOLUSDT
2025-05-26 03:57:40,325 - data_analyzer.anomaly_detector - INFO - ✅ Phát hiện 1 anomalies 30d cho SOLUSDT
2025-05-26 03:57:40,326 - data_analyzer.anomaly_detector - INFO - 🔍 Phát hiện anomalies correlation 30d cho SOLUSDT
2025-05-26 03:57:40,346 - data_analyzer.anomaly_detector - INFO - ✅ Phát hiện 1 anomalies cho SOLUSDT
2025-05-26 03:57:40,347 - data_analyzer.anomaly_detector - INFO -    - 30d_OI: 1
2025-05-26 03:57:40,348 - data_analyzer.anomaly_detector - INFO - 🔍 Phát hiện tất cả anomalies cho DOGEUSDT
2025-05-26 03:57:40,348 - data_analyzer.anomaly_detector - INFO - 🔍 Phát hiện anomalies 24h cho DOGEUSDT
2025-05-26 03:57:40,355 - data_analyzer.anomaly_detector - INFO - ✅ Phát hiện 0 anomalies 24h cho DOGEUSDT
2025-05-26 03:57:40,355 - data_analyzer.anomaly_detector - INFO - 🔍 Phát hiện volume spikes cho DOGEUSDT
2025-05-26 03:57:40,368 - data_analyzer.anomaly_detector - INFO - ✅ Phát hiện 0 volume spikes cho DOGEUSDT
2025-05-26 03:57:40,369 - data_analyzer.anomaly_detector - INFO - 🔍 Phát hiện OI-Price divergence cho DOGEUSDT
2025-05-26 03:57:40,373 - data_analyzer.anomaly_detector - INFO - ✅ Kiểm tra OI divergence cho DOGEUSDT: 0 anomalies
2025-05-26 03:57:40,374 - data_analyzer.anomaly_detector - INFO - 🔍 Phát hiện anomalies correlation 24h cho DOGEUSDT
2025-05-26 03:57:40,379 - data_analyzer.anomaly_detector - INFO - ✅ Correlation 24h DOGEUSDT: 0.674
2025-05-26 03:57:40,379 - data_analyzer.anomaly_detector - INFO - 🔍 Phát hiện anomalies 30d cho DOGEUSDT
2025-05-26 03:57:40,395 - data_analyzer.anomaly_detector - ERROR - ❌ Lỗi khi kiểm tra recent anomaly: '>=' not supported between instances of 'int' and 'datetime.datetime'
2025-05-26 03:57:40,395 - data_analyzer.anomaly_detector - ERROR - ❌ Lỗi khi kiểm tra recent anomaly: '>=' not supported between instances of 'int' and 'datetime.datetime'
2025-05-26 03:57:40,396 - data_analyzer.anomaly_detector - INFO - ✅ Phát hiện 2 anomalies 30d cho DOGEUSDT
2025-05-26 03:57:40,396 - data_analyzer.anomaly_detector - INFO - 🔍 Phát hiện anomalies correlation 30d cho DOGEUSDT
2025-05-26 03:57:40,421 - data_analyzer.anomaly_detector - INFO - ✅ Phát hiện 2 anomalies cho DOGEUSDT
2025-05-26 03:57:40,422 - data_analyzer.anomaly_detector - INFO -    - 30d_Volume_USDT: 1
2025-05-26 03:57:40,422 - data_analyzer.anomaly_detector - INFO -    - 30d_Volume: 1
2025-05-26 04:13:00,451 - data_analyzer.anomaly_detector - INFO - 🔧 Khởi tạo OptimizedAnomalyDetector với ngưỡng 2.5
2025-05-26 04:13:00,453 - data_analyzer.anomaly_detector - INFO - 🔍 Phát hiện tất cả anomalies cho BTCUSDT
2025-05-26 04:13:00,454 - data_analyzer.anomaly_detector - INFO - 🔍 Phát hiện anomalies 24h cho BTCUSDT
2025-05-26 04:13:00,467 - data_analyzer.anomaly_detector - INFO - ✅ Phát hiện 0 anomalies 24h cho BTCUSDT
2025-05-26 04:13:00,468 - data_analyzer.anomaly_detector - INFO - 🔍 Phát hiện volume spikes cho BTCUSDT
2025-05-26 04:13:00,489 - data_analyzer.anomaly_detector - INFO - ✅ Phát hiện 0 volume spikes cho BTCUSDT
2025-05-26 04:13:00,490 - data_analyzer.anomaly_detector - INFO - 🔍 Phát hiện OI-Price divergence cho BTCUSDT
2025-05-26 04:13:00,496 - data_analyzer.anomaly_detector - INFO - ✅ Kiểm tra OI divergence cho BTCUSDT: 0 anomalies
2025-05-26 04:13:00,496 - data_analyzer.anomaly_detector - INFO - 🔍 Phát hiện anomalies correlation 24h cho BTCUSDT
2025-05-26 04:13:00,502 - data_analyzer.anomaly_detector - INFO - ✅ Correlation 24h BTCUSDT: 0.778
2025-05-26 04:13:00,503 - data_analyzer.anomaly_detector - INFO - 🔍 Phát hiện anomalies 30d cho BTCUSDT
2025-05-26 04:13:00,521 - data_analyzer.anomaly_detector - ERROR - ❌ Lỗi khi kiểm tra recent anomaly: '>=' not supported between instances of 'int' and 'datetime.datetime'
2025-05-26 04:13:00,522 - data_analyzer.anomaly_detector - ERROR - ❌ Lỗi khi kiểm tra recent anomaly: '>=' not supported between instances of 'int' and 'datetime.datetime'
2025-05-26 04:13:00,523 - data_analyzer.anomaly_detector - INFO - ✅ Phát hiện 2 anomalies 30d cho BTCUSDT
2025-05-26 04:13:00,523 - data_analyzer.anomaly_detector - INFO - 🔍 Phát hiện anomalies correlation 30d cho BTCUSDT
2025-05-26 04:13:00,550 - data_analyzer.anomaly_detector - INFO - ✅ Phát hiện 2 anomalies cho BTCUSDT
2025-05-26 04:13:00,550 - data_analyzer.anomaly_detector - INFO -    - 30d_Volume_USDT: 1
2025-05-26 04:13:00,551 - data_analyzer.anomaly_detector - INFO -    - 30d_Volume: 1
2025-05-26 04:13:00,553 - data_analyzer.anomaly_detector - INFO - 🔍 Phát hiện tất cả anomalies cho ETHUSDT
2025-05-26 04:13:00,554 - data_analyzer.anomaly_detector - INFO - 🔍 Phát hiện anomalies 24h cho ETHUSDT
2025-05-26 04:13:00,561 - data_analyzer.anomaly_detector - INFO - ✅ Phát hiện 0 anomalies 24h cho ETHUSDT
2025-05-26 04:13:00,561 - data_analyzer.anomaly_detector - INFO - 🔍 Phát hiện volume spikes cho ETHUSDT
2025-05-26 04:13:00,575 - data_analyzer.anomaly_detector - INFO - ✅ Phát hiện 0 volume spikes cho ETHUSDT
2025-05-26 04:13:00,575 - data_analyzer.anomaly_detector - INFO - 🔍 Phát hiện OI-Price divergence cho ETHUSDT
2025-05-26 04:13:00,580 - data_analyzer.anomaly_detector - INFO - ✅ Kiểm tra OI divergence cho ETHUSDT: 0 anomalies
2025-05-26 04:13:00,581 - data_analyzer.anomaly_detector - INFO - 🔍 Phát hiện anomalies correlation 24h cho ETHUSDT
2025-05-26 04:13:00,590 - data_analyzer.anomaly_detector - INFO - ✅ Correlation 24h ETHUSDT: 0.767
2025-05-26 04:13:00,590 - data_analyzer.anomaly_detector - INFO - 🔍 Phát hiện anomalies 30d cho ETHUSDT
2025-05-26 04:13:00,607 - data_analyzer.anomaly_detector - ERROR - ❌ Lỗi khi kiểm tra recent anomaly: '>=' not supported between instances of 'int' and 'datetime.datetime'
2025-05-26 04:13:00,608 - data_analyzer.anomaly_detector - INFO - ✅ Phát hiện 1 anomalies 30d cho ETHUSDT
2025-05-26 04:13:00,608 - data_analyzer.anomaly_detector - INFO - 🔍 Phát hiện anomalies correlation 30d cho ETHUSDT
2025-05-26 04:13:00,632 - data_analyzer.anomaly_detector - INFO - ✅ Phát hiện 1 anomalies cho ETHUSDT
2025-05-26 04:13:00,632 - data_analyzer.anomaly_detector - INFO -    - 30d_Volume: 1
2025-05-26 04:13:00,634 - data_analyzer.anomaly_detector - INFO - 🔍 Phát hiện tất cả anomalies cho BNBUSDT
2025-05-26 04:13:00,635 - data_analyzer.anomaly_detector - INFO - 🔍 Phát hiện anomalies 24h cho BNBUSDT
2025-05-26 04:13:00,641 - data_analyzer.anomaly_detector - INFO - ✅ Phát hiện 0 anomalies 24h cho BNBUSDT
2025-05-26 04:13:00,642 - data_analyzer.anomaly_detector - INFO - 🔍 Phát hiện volume spikes cho BNBUSDT
2025-05-26 04:13:00,655 - data_analyzer.anomaly_detector - INFO - ✅ Phát hiện 0 volume spikes cho BNBUSDT
2025-05-26 04:13:00,656 - data_analyzer.anomaly_detector - INFO - 🔍 Phát hiện OI-Price divergence cho BNBUSDT
2025-05-26 04:13:00,660 - data_analyzer.anomaly_detector - INFO - ✅ Kiểm tra OI divergence cho BNBUSDT: 0 anomalies
2025-05-26 04:13:00,661 - data_analyzer.anomaly_detector - INFO - 🔍 Phát hiện anomalies correlation 24h cho BNBUSDT
2025-05-26 04:13:00,667 - data_analyzer.anomaly_detector - INFO - ✅ Correlation 24h BNBUSDT: 0.776
2025-05-26 04:13:00,667 - data_analyzer.anomaly_detector - INFO - 🔍 Phát hiện anomalies 30d cho BNBUSDT
2025-05-26 04:13:00,684 - data_analyzer.anomaly_detector - ERROR - ❌ Lỗi khi kiểm tra recent anomaly: '>=' not supported between instances of 'int' and 'datetime.datetime'
2025-05-26 04:13:00,685 - data_analyzer.anomaly_detector - ERROR - ❌ Lỗi khi kiểm tra recent anomaly: '>=' not supported between instances of 'int' and 'datetime.datetime'
2025-05-26 04:13:00,685 - data_analyzer.anomaly_detector - INFO - ✅ Phát hiện 2 anomalies 30d cho BNBUSDT
2025-05-26 04:13:00,686 - data_analyzer.anomaly_detector - INFO - 🔍 Phát hiện anomalies correlation 30d cho BNBUSDT
2025-05-26 04:13:00,712 - data_analyzer.anomaly_detector - INFO - ✅ Phát hiện 2 anomalies cho BNBUSDT
2025-05-26 04:13:00,713 - data_analyzer.anomaly_detector - INFO -    - 30d_Volume_USDT: 1
2025-05-26 04:13:00,713 - data_analyzer.anomaly_detector - INFO -    - 30d_Volume: 1
2025-05-26 04:13:00,715 - data_analyzer.anomaly_detector - INFO - 🔍 Phát hiện tất cả anomalies cho SOLUSDT
2025-05-26 04:13:00,716 - data_analyzer.anomaly_detector - INFO - 🔍 Phát hiện anomalies 24h cho SOLUSDT
2025-05-26 04:13:00,722 - data_analyzer.anomaly_detector - INFO - ✅ Phát hiện 0 anomalies 24h cho SOLUSDT
2025-05-26 04:13:00,723 - data_analyzer.anomaly_detector - INFO - 🔍 Phát hiện volume spikes cho SOLUSDT
2025-05-26 04:13:00,737 - data_analyzer.anomaly_detector - INFO - ✅ Phát hiện 0 volume spikes cho SOLUSDT
2025-05-26 04:13:00,737 - data_analyzer.anomaly_detector - INFO - 🔍 Phát hiện OI-Price divergence cho SOLUSDT
2025-05-26 04:13:00,742 - data_analyzer.anomaly_detector - INFO - ✅ Kiểm tra OI divergence cho SOLUSDT: 0 anomalies
2025-05-26 04:13:00,743 - data_analyzer.anomaly_detector - INFO - 🔍 Phát hiện anomalies correlation 24h cho SOLUSDT
2025-05-26 04:13:00,748 - data_analyzer.anomaly_detector - INFO - ✅ Correlation 24h SOLUSDT: 0.778
2025-05-26 04:13:00,749 - data_analyzer.anomaly_detector - INFO - 🔍 Phát hiện anomalies 30d cho SOLUSDT
2025-05-26 04:13:00,764 - data_analyzer.anomaly_detector - INFO - ✅ Phát hiện 0 anomalies 30d cho SOLUSDT
2025-05-26 04:13:00,765 - data_analyzer.anomaly_detector - INFO - 🔍 Phát hiện anomalies correlation 30d cho SOLUSDT
2025-05-26 04:13:00,782 - data_analyzer.anomaly_detector - INFO - ✅ Phát hiện 0 anomalies cho SOLUSDT
2025-05-26 04:13:00,784 - data_analyzer.anomaly_detector - INFO - 🔍 Phát hiện tất cả anomalies cho DOGEUSDT
2025-05-26 04:13:00,784 - data_analyzer.anomaly_detector - INFO - 🔍 Phát hiện anomalies 24h cho DOGEUSDT
2025-05-26 04:13:00,790 - data_analyzer.anomaly_detector - INFO - ✅ Phát hiện 0 anomalies 24h cho DOGEUSDT
2025-05-26 04:13:00,791 - data_analyzer.anomaly_detector - INFO - 🔍 Phát hiện volume spikes cho DOGEUSDT
2025-05-26 04:13:00,807 - data_analyzer.anomaly_detector - INFO - ✅ Phát hiện 0 volume spikes cho DOGEUSDT
2025-05-26 04:13:00,808 - data_analyzer.anomaly_detector - INFO - 🔍 Phát hiện OI-Price divergence cho DOGEUSDT
2025-05-26 04:13:00,813 - data_analyzer.anomaly_detector - INFO - ✅ Kiểm tra OI divergence cho DOGEUSDT: 0 anomalies
2025-05-26 04:13:00,813 - data_analyzer.anomaly_detector - INFO - 🔍 Phát hiện anomalies correlation 24h cho DOGEUSDT
2025-05-26 04:13:00,818 - data_analyzer.anomaly_detector - INFO - ✅ Correlation 24h DOGEUSDT: 0.765
2025-05-26 04:13:00,819 - data_analyzer.anomaly_detector - INFO - 🔍 Phát hiện anomalies 30d cho DOGEUSDT
2025-05-26 04:13:00,835 - data_analyzer.anomaly_detector - ERROR - ❌ Lỗi khi kiểm tra recent anomaly: '>=' not supported between instances of 'int' and 'datetime.datetime'
2025-05-26 04:13:00,836 - data_analyzer.anomaly_detector - ERROR - ❌ Lỗi khi kiểm tra recent anomaly: '>=' not supported between instances of 'int' and 'datetime.datetime'
2025-05-26 04:13:00,837 - data_analyzer.anomaly_detector - INFO - ✅ Phát hiện 2 anomalies 30d cho DOGEUSDT
2025-05-26 04:13:00,837 - data_analyzer.anomaly_detector - INFO - 🔍 Phát hiện anomalies correlation 30d cho DOGEUSDT
2025-05-26 04:13:00,863 - data_analyzer.anomaly_detector - INFO - ✅ Phát hiện 2 anomalies cho DOGEUSDT
2025-05-26 04:13:00,863 - data_analyzer.anomaly_detector - INFO -    - 30d_Volume_USDT: 1
2025-05-26 04:13:00,864 - data_analyzer.anomaly_detector - INFO -    - 30d_Volume: 1
2025-05-26 04:28:01,056 - data_analyzer.anomaly_detector - INFO - 🔧 Khởi tạo OptimizedAnomalyDetector với ngưỡng 2.5
2025-05-26 04:28:01,058 - data_analyzer.anomaly_detector - INFO - 🔍 Phát hiện tất cả anomalies cho BTCUSDT
2025-05-26 04:28:01,059 - data_analyzer.anomaly_detector - INFO - 🔍 Phát hiện anomalies 24h cho BTCUSDT
2025-05-26 04:28:01,071 - data_analyzer.anomaly_detector - INFO - ✅ Phát hiện 0 anomalies 24h cho BTCUSDT
2025-05-26 04:28:01,072 - data_analyzer.anomaly_detector - INFO - 🔍 Phát hiện volume spikes cho BTCUSDT
2025-05-26 04:28:01,092 - data_analyzer.anomaly_detector - INFO - ✅ Phát hiện 0 volume spikes cho BTCUSDT
2025-05-26 04:28:01,093 - data_analyzer.anomaly_detector - INFO - 🔍 Phát hiện OI-Price divergence cho BTCUSDT
2025-05-26 04:28:01,098 - data_analyzer.anomaly_detector - INFO - ✅ Kiểm tra OI divergence cho BTCUSDT: 0 anomalies
2025-05-26 04:28:01,099 - data_analyzer.anomaly_detector - INFO - 🔍 Phát hiện anomalies correlation 24h cho BTCUSDT
2025-05-26 04:28:01,105 - data_analyzer.anomaly_detector - INFO - ✅ Correlation 24h BTCUSDT: 0.778
2025-05-26 04:28:01,106 - data_analyzer.anomaly_detector - INFO - 🔍 Phát hiện anomalies 30d cho BTCUSDT
2025-05-26 04:28:01,126 - data_analyzer.anomaly_detector - ERROR - ❌ Lỗi khi kiểm tra recent anomaly: '>=' not supported between instances of 'int' and 'datetime.datetime'
2025-05-26 04:28:01,126 - data_analyzer.anomaly_detector - ERROR - ❌ Lỗi khi kiểm tra recent anomaly: '>=' not supported between instances of 'int' and 'datetime.datetime'
2025-05-26 04:28:01,127 - data_analyzer.anomaly_detector - INFO - ✅ Phát hiện 2 anomalies 30d cho BTCUSDT
2025-05-26 04:28:01,127 - data_analyzer.anomaly_detector - INFO - 🔍 Phát hiện anomalies correlation 30d cho BTCUSDT
2025-05-26 04:28:01,152 - data_analyzer.anomaly_detector - INFO - ✅ Phát hiện 2 anomalies cho BTCUSDT
2025-05-26 04:28:01,152 - data_analyzer.anomaly_detector - INFO -    - 30d_Volume_USDT: 1
2025-05-26 04:28:01,153 - data_analyzer.anomaly_detector - INFO -    - 30d_Volume: 1
2025-05-26 04:28:01,155 - data_analyzer.anomaly_detector - INFO - 🔍 Phát hiện tất cả anomalies cho ETHUSDT
2025-05-26 04:28:01,156 - data_analyzer.anomaly_detector - INFO - 🔍 Phát hiện anomalies 24h cho ETHUSDT
2025-05-26 04:28:01,162 - data_analyzer.anomaly_detector - INFO - ✅ Phát hiện 0 anomalies 24h cho ETHUSDT
2025-05-26 04:28:01,162 - data_analyzer.anomaly_detector - INFO - 🔍 Phát hiện volume spikes cho ETHUSDT
2025-05-26 04:28:01,175 - data_analyzer.anomaly_detector - INFO - ✅ Phát hiện 0 volume spikes cho ETHUSDT
2025-05-26 04:28:01,176 - data_analyzer.anomaly_detector - INFO - 🔍 Phát hiện OI-Price divergence cho ETHUSDT
2025-05-26 04:28:01,181 - data_analyzer.anomaly_detector - INFO - ✅ Kiểm tra OI divergence cho ETHUSDT: 0 anomalies
2025-05-26 04:28:01,181 - data_analyzer.anomaly_detector - INFO - 🔍 Phát hiện anomalies correlation 24h cho ETHUSDT
2025-05-26 04:28:01,186 - data_analyzer.anomaly_detector - INFO - ✅ Correlation 24h ETHUSDT: 0.767
2025-05-26 04:28:01,186 - data_analyzer.anomaly_detector - INFO - 🔍 Phát hiện anomalies 30d cho ETHUSDT
2025-05-26 04:28:01,201 - data_analyzer.anomaly_detector - ERROR - ❌ Lỗi khi kiểm tra recent anomaly: '>=' not supported between instances of 'int' and 'datetime.datetime'
2025-05-26 04:28:01,201 - data_analyzer.anomaly_detector - INFO - ✅ Phát hiện 1 anomalies 30d cho ETHUSDT
2025-05-26 04:28:01,202 - data_analyzer.anomaly_detector - INFO - 🔍 Phát hiện anomalies correlation 30d cho ETHUSDT
2025-05-26 04:28:01,227 - data_analyzer.anomaly_detector - INFO - ✅ Phát hiện 1 anomalies cho ETHUSDT
2025-05-26 04:28:01,228 - data_analyzer.anomaly_detector - INFO -    - 30d_Volume: 1
2025-05-26 04:28:01,229 - data_analyzer.anomaly_detector - INFO - 🔍 Phát hiện tất cả anomalies cho BNBUSDT
2025-05-26 04:28:01,230 - data_analyzer.anomaly_detector - INFO - 🔍 Phát hiện anomalies 24h cho BNBUSDT
2025-05-26 04:28:01,236 - data_analyzer.anomaly_detector - INFO - ✅ Phát hiện 0 anomalies 24h cho BNBUSDT
2025-05-26 04:28:01,237 - data_analyzer.anomaly_detector - INFO - 🔍 Phát hiện volume spikes cho BNBUSDT
2025-05-26 04:28:01,250 - data_analyzer.anomaly_detector - INFO - ✅ Phát hiện 0 volume spikes cho BNBUSDT
2025-05-26 04:28:01,251 - data_analyzer.anomaly_detector - INFO - 🔍 Phát hiện OI-Price divergence cho BNBUSDT
2025-05-26 04:28:01,258 - data_analyzer.anomaly_detector - INFO - ✅ Kiểm tra OI divergence cho BNBUSDT: 0 anomalies
2025-05-26 04:28:01,259 - data_analyzer.anomaly_detector - INFO - 🔍 Phát hiện anomalies correlation 24h cho BNBUSDT
2025-05-26 04:28:01,264 - data_analyzer.anomaly_detector - INFO - ✅ Correlation 24h BNBUSDT: 0.776
2025-05-26 04:28:01,265 - data_analyzer.anomaly_detector - INFO - 🔍 Phát hiện anomalies 30d cho BNBUSDT
2025-05-26 04:28:01,280 - data_analyzer.anomaly_detector - ERROR - ❌ Lỗi khi kiểm tra recent anomaly: '>=' not supported between instances of 'int' and 'datetime.datetime'
2025-05-26 04:28:01,281 - data_analyzer.anomaly_detector - ERROR - ❌ Lỗi khi kiểm tra recent anomaly: '>=' not supported between instances of 'int' and 'datetime.datetime'
2025-05-26 04:28:01,281 - data_analyzer.anomaly_detector - INFO - ✅ Phát hiện 2 anomalies 30d cho BNBUSDT
2025-05-26 04:28:01,282 - data_analyzer.anomaly_detector - INFO - 🔍 Phát hiện anomalies correlation 30d cho BNBUSDT
2025-05-26 04:28:01,308 - data_analyzer.anomaly_detector - INFO - ✅ Phát hiện 2 anomalies cho BNBUSDT
2025-05-26 04:28:01,309 - data_analyzer.anomaly_detector - INFO -    - 30d_Volume_USDT: 1
2025-05-26 04:28:01,310 - data_analyzer.anomaly_detector - INFO -    - 30d_Volume: 1
2025-05-26 04:28:01,313 - data_analyzer.anomaly_detector - INFO - 🔍 Phát hiện tất cả anomalies cho SOLUSDT
2025-05-26 04:28:01,314 - data_analyzer.anomaly_detector - INFO - 🔍 Phát hiện anomalies 24h cho SOLUSDT
2025-05-26 04:28:01,323 - data_analyzer.anomaly_detector - INFO - ✅ Phát hiện 0 anomalies 24h cho SOLUSDT
2025-05-26 04:28:01,324 - data_analyzer.anomaly_detector - INFO - 🔍 Phát hiện volume spikes cho SOLUSDT
2025-05-26 04:28:01,337 - data_analyzer.anomaly_detector - INFO - ✅ Phát hiện 0 volume spikes cho SOLUSDT
2025-05-26 04:28:01,337 - data_analyzer.anomaly_detector - INFO - 🔍 Phát hiện OI-Price divergence cho SOLUSDT
2025-05-26 04:28:01,342 - data_analyzer.anomaly_detector - INFO - ✅ Kiểm tra OI divergence cho SOLUSDT: 0 anomalies
2025-05-26 04:28:01,343 - data_analyzer.anomaly_detector - INFO - 🔍 Phát hiện anomalies correlation 24h cho SOLUSDT
2025-05-26 04:28:01,348 - data_analyzer.anomaly_detector - INFO - ✅ Correlation 24h SOLUSDT: 0.778
2025-05-26 04:28:01,349 - data_analyzer.anomaly_detector - INFO - 🔍 Phát hiện anomalies 30d cho SOLUSDT
2025-05-26 04:28:01,363 - data_analyzer.anomaly_detector - INFO - ✅ Phát hiện 0 anomalies 30d cho SOLUSDT
2025-05-26 04:28:01,363 - data_analyzer.anomaly_detector - INFO - 🔍 Phát hiện anomalies correlation 30d cho SOLUSDT
2025-05-26 04:28:01,380 - data_analyzer.anomaly_detector - INFO - ✅ Phát hiện 0 anomalies cho SOLUSDT
2025-05-26 04:28:01,382 - data_analyzer.anomaly_detector - INFO - 🔍 Phát hiện tất cả anomalies cho DOGEUSDT
2025-05-26 04:28:01,382 - data_analyzer.anomaly_detector - INFO - 🔍 Phát hiện anomalies 24h cho DOGEUSDT
2025-05-26 04:28:01,388 - data_analyzer.anomaly_detector - INFO - ✅ Phát hiện 0 anomalies 24h cho DOGEUSDT
2025-05-26 04:28:01,389 - data_analyzer.anomaly_detector - INFO - 🔍 Phát hiện volume spikes cho DOGEUSDT
2025-05-26 04:28:01,401 - data_analyzer.anomaly_detector - INFO - ✅ Phát hiện 0 volume spikes cho DOGEUSDT
2025-05-26 04:28:01,402 - data_analyzer.anomaly_detector - INFO - 🔍 Phát hiện OI-Price divergence cho DOGEUSDT
2025-05-26 04:28:01,406 - data_analyzer.anomaly_detector - INFO - ✅ Kiểm tra OI divergence cho DOGEUSDT: 0 anomalies
2025-05-26 04:28:01,407 - data_analyzer.anomaly_detector - INFO - 🔍 Phát hiện anomalies correlation 24h cho DOGEUSDT
2025-05-26 04:28:01,411 - data_analyzer.anomaly_detector - INFO - ✅ Correlation 24h DOGEUSDT: 0.765
2025-05-26 04:28:01,412 - data_analyzer.anomaly_detector - INFO - 🔍 Phát hiện anomalies 30d cho DOGEUSDT
2025-05-26 04:28:01,427 - data_analyzer.anomaly_detector - ERROR - ❌ Lỗi khi kiểm tra recent anomaly: '>=' not supported between instances of 'int' and 'datetime.datetime'
2025-05-26 04:28:01,428 - data_analyzer.anomaly_detector - ERROR - ❌ Lỗi khi kiểm tra recent anomaly: '>=' not supported between instances of 'int' and 'datetime.datetime'
2025-05-26 04:28:01,428 - data_analyzer.anomaly_detector - INFO - ✅ Phát hiện 2 anomalies 30d cho DOGEUSDT
2025-05-26 04:28:01,429 - data_analyzer.anomaly_detector - INFO - 🔍 Phát hiện anomalies correlation 30d cho DOGEUSDT
2025-05-26 04:28:01,453 - data_analyzer.anomaly_detector - INFO - ✅ Phát hiện 2 anomalies cho DOGEUSDT
2025-05-26 04:28:01,453 - data_analyzer.anomaly_detector - INFO -    - 30d_Volume_USDT: 1
2025-05-26 04:28:01,454 - data_analyzer.anomaly_detector - INFO -    - 30d_Volume: 1
2025-05-26 04:43:21,396 - data_analyzer.anomaly_detector - INFO - 🔧 Khởi tạo OptimizedAnomalyDetector với ngưỡng 2.5
2025-05-26 04:43:21,398 - data_analyzer.anomaly_detector - INFO - 🔍 Phát hiện tất cả anomalies cho BTCUSDT
2025-05-26 04:43:21,399 - data_analyzer.anomaly_detector - INFO - 🔍 Phát hiện anomalies 24h cho BTCUSDT
2025-05-26 04:43:21,411 - data_analyzer.anomaly_detector - INFO - ✅ Phát hiện 0 anomalies 24h cho BTCUSDT
2025-05-26 04:43:21,412 - data_analyzer.anomaly_detector - INFO - 🔍 Phát hiện volume spikes cho BTCUSDT
2025-05-26 04:43:21,432 - data_analyzer.anomaly_detector - INFO - ✅ Phát hiện 0 volume spikes cho BTCUSDT
2025-05-26 04:43:21,433 - data_analyzer.anomaly_detector - INFO - 🔍 Phát hiện OI-Price divergence cho BTCUSDT
2025-05-26 04:43:21,437 - data_analyzer.anomaly_detector - INFO - ✅ Kiểm tra OI divergence cho BTCUSDT: 0 anomalies
2025-05-26 04:43:21,438 - data_analyzer.anomaly_detector - INFO - 🔍 Phát hiện anomalies correlation 24h cho BTCUSDT
2025-05-26 04:43:21,444 - data_analyzer.anomaly_detector - INFO - ✅ Correlation 24h BTCUSDT: 0.778
2025-05-26 04:43:21,445 - data_analyzer.anomaly_detector - INFO - 🔍 Phát hiện anomalies 30d cho BTCUSDT
2025-05-26 04:43:21,461 - data_analyzer.anomaly_detector - ERROR - ❌ Lỗi khi kiểm tra recent anomaly: '>=' not supported between instances of 'int' and 'datetime.datetime'
2025-05-26 04:43:21,462 - data_analyzer.anomaly_detector - ERROR - ❌ Lỗi khi kiểm tra recent anomaly: '>=' not supported between instances of 'int' and 'datetime.datetime'
2025-05-26 04:43:21,462 - data_analyzer.anomaly_detector - INFO - ✅ Phát hiện 2 anomalies 30d cho BTCUSDT
2025-05-26 04:43:21,463 - data_analyzer.anomaly_detector - INFO - 🔍 Phát hiện anomalies correlation 30d cho BTCUSDT
2025-05-26 04:43:21,491 - data_analyzer.anomaly_detector - INFO - ✅ Phát hiện 2 anomalies cho BTCUSDT
2025-05-26 04:43:21,491 - data_analyzer.anomaly_detector - INFO -    - 30d_Volume_USDT: 1
2025-05-26 04:43:21,492 - data_analyzer.anomaly_detector - INFO -    - 30d_Volume: 1
2025-05-26 04:43:21,494 - data_analyzer.anomaly_detector - INFO - 🔍 Phát hiện tất cả anomalies cho ETHUSDT
2025-05-26 04:43:21,495 - data_analyzer.anomaly_detector - INFO - 🔍 Phát hiện anomalies 24h cho ETHUSDT
2025-05-26 04:43:21,500 - data_analyzer.anomaly_detector - INFO - ✅ Phát hiện 0 anomalies 24h cho ETHUSDT
2025-05-26 04:43:21,501 - data_analyzer.anomaly_detector - INFO - 🔍 Phát hiện volume spikes cho ETHUSDT
2025-05-26 04:43:21,513 - data_analyzer.anomaly_detector - INFO - ✅ Phát hiện 0 volume spikes cho ETHUSDT
2025-05-26 04:43:21,514 - data_analyzer.anomaly_detector - INFO - 🔍 Phát hiện OI-Price divergence cho ETHUSDT
2025-05-26 04:43:21,519 - data_analyzer.anomaly_detector - INFO - ✅ Kiểm tra OI divergence cho ETHUSDT: 0 anomalies
2025-05-26 04:43:21,519 - data_analyzer.anomaly_detector - INFO - 🔍 Phát hiện anomalies correlation 24h cho ETHUSDT
2025-05-26 04:43:21,524 - data_analyzer.anomaly_detector - INFO - ✅ Correlation 24h ETHUSDT: 0.767
2025-05-26 04:43:21,525 - data_analyzer.anomaly_detector - INFO - 🔍 Phát hiện anomalies 30d cho ETHUSDT
2025-05-26 04:43:21,540 - data_analyzer.anomaly_detector - ERROR - ❌ Lỗi khi kiểm tra recent anomaly: '>=' not supported between instances of 'int' and 'datetime.datetime'
2025-05-26 04:43:21,540 - data_analyzer.anomaly_detector - INFO - ✅ Phát hiện 1 anomalies 30d cho ETHUSDT
2025-05-26 04:43:21,541 - data_analyzer.anomaly_detector - INFO - 🔍 Phát hiện anomalies correlation 30d cho ETHUSDT
2025-05-26 04:43:21,561 - data_analyzer.anomaly_detector - INFO - ✅ Phát hiện 1 anomalies cho ETHUSDT
2025-05-26 04:43:21,561 - data_analyzer.anomaly_detector - INFO -    - 30d_Volume: 1
2025-05-26 04:43:21,563 - data_analyzer.anomaly_detector - INFO - 🔍 Phát hiện tất cả anomalies cho BNBUSDT
2025-05-26 04:43:21,563 - data_analyzer.anomaly_detector - INFO - 🔍 Phát hiện anomalies 24h cho BNBUSDT
2025-05-26 04:43:21,568 - data_analyzer.anomaly_detector - INFO - ✅ Phát hiện 0 anomalies 24h cho BNBUSDT
2025-05-26 04:43:21,569 - data_analyzer.anomaly_detector - INFO - 🔍 Phát hiện volume spikes cho BNBUSDT
2025-05-26 04:43:21,581 - data_analyzer.anomaly_detector - INFO - ✅ Phát hiện 0 volume spikes cho BNBUSDT
2025-05-26 04:43:21,582 - data_analyzer.anomaly_detector - INFO - 🔍 Phát hiện OI-Price divergence cho BNBUSDT
2025-05-26 04:43:21,586 - data_analyzer.anomaly_detector - INFO - ✅ Kiểm tra OI divergence cho BNBUSDT: 0 anomalies
2025-05-26 04:43:21,587 - data_analyzer.anomaly_detector - INFO - 🔍 Phát hiện anomalies correlation 24h cho BNBUSDT
2025-05-26 04:43:21,592 - data_analyzer.anomaly_detector - INFO - ✅ Correlation 24h BNBUSDT: 0.776
2025-05-26 04:43:21,593 - data_analyzer.anomaly_detector - INFO - 🔍 Phát hiện anomalies 30d cho BNBUSDT
2025-05-26 04:43:21,612 - data_analyzer.anomaly_detector - ERROR - ❌ Lỗi khi kiểm tra recent anomaly: '>=' not supported between instances of 'int' and 'datetime.datetime'
2025-05-26 04:43:21,612 - data_analyzer.anomaly_detector - ERROR - ❌ Lỗi khi kiểm tra recent anomaly: '>=' not supported between instances of 'int' and 'datetime.datetime'
2025-05-26 04:43:21,613 - data_analyzer.anomaly_detector - INFO - ✅ Phát hiện 2 anomalies 30d cho BNBUSDT
2025-05-26 04:43:21,613 - data_analyzer.anomaly_detector - INFO - 🔍 Phát hiện anomalies correlation 30d cho BNBUSDT
2025-05-26 04:43:21,638 - data_analyzer.anomaly_detector - INFO - ✅ Phát hiện 2 anomalies cho BNBUSDT
2025-05-26 04:43:21,638 - data_analyzer.anomaly_detector - INFO -    - 30d_Volume_USDT: 1
2025-05-26 04:43:21,639 - data_analyzer.anomaly_detector - INFO -    - 30d_Volume: 1
2025-05-26 04:43:21,641 - data_analyzer.anomaly_detector - INFO - 🔍 Phát hiện tất cả anomalies cho SOLUSDT
2025-05-26 04:43:21,641 - data_analyzer.anomaly_detector - INFO - 🔍 Phát hiện anomalies 24h cho SOLUSDT
2025-05-26 04:43:21,648 - data_analyzer.anomaly_detector - INFO - ✅ Phát hiện 0 anomalies 24h cho SOLUSDT
2025-05-26 04:43:21,649 - data_analyzer.anomaly_detector - INFO - 🔍 Phát hiện volume spikes cho SOLUSDT
2025-05-26 04:43:21,661 - data_analyzer.anomaly_detector - INFO - ✅ Phát hiện 0 volume spikes cho SOLUSDT
2025-05-26 04:43:21,662 - data_analyzer.anomaly_detector - INFO - 🔍 Phát hiện OI-Price divergence cho SOLUSDT
2025-05-26 04:43:21,667 - data_analyzer.anomaly_detector - INFO - ✅ Kiểm tra OI divergence cho SOLUSDT: 0 anomalies
2025-05-26 04:43:21,667 - data_analyzer.anomaly_detector - INFO - 🔍 Phát hiện anomalies correlation 24h cho SOLUSDT
2025-05-26 04:43:21,672 - data_analyzer.anomaly_detector - INFO - ✅ Correlation 24h SOLUSDT: 0.778
2025-05-26 04:43:21,672 - data_analyzer.anomaly_detector - INFO - 🔍 Phát hiện anomalies 30d cho SOLUSDT
2025-05-26 04:43:21,690 - data_analyzer.anomaly_detector - INFO - ✅ Phát hiện 2 anomalies 30d cho SOLUSDT
2025-05-26 04:43:21,691 - data_analyzer.anomaly_detector - INFO - 🔍 Phát hiện anomalies correlation 30d cho SOLUSDT
2025-05-26 04:43:21,717 - data_analyzer.anomaly_detector - INFO - ✅ Phát hiện 2 anomalies cho SOLUSDT
2025-05-26 04:43:21,717 - data_analyzer.anomaly_detector - INFO -    - 30d_OI_Value: 1
2025-05-26 04:43:21,718 - data_analyzer.anomaly_detector - INFO -    - 30d_Avg_OI_Value: 1
2025-05-26 04:43:21,720 - data_analyzer.anomaly_detector - INFO - 🔍 Phát hiện tất cả anomalies cho DOGEUSDT
2025-05-26 04:43:21,721 - data_analyzer.anomaly_detector - INFO - 🔍 Phát hiện anomalies 24h cho DOGEUSDT
2025-05-26 04:43:21,728 - data_analyzer.anomaly_detector - INFO - ✅ Phát hiện 0 anomalies 24h cho DOGEUSDT
2025-05-26 04:43:21,729 - data_analyzer.anomaly_detector - INFO - 🔍 Phát hiện volume spikes cho DOGEUSDT
2025-05-26 04:43:21,741 - data_analyzer.anomaly_detector - INFO - ✅ Phát hiện 0 volume spikes cho DOGEUSDT
2025-05-26 04:43:21,742 - data_analyzer.anomaly_detector - INFO - 🔍 Phát hiện OI-Price divergence cho DOGEUSDT
2025-05-26 04:43:21,746 - data_analyzer.anomaly_detector - INFO - ✅ Kiểm tra OI divergence cho DOGEUSDT: 0 anomalies
2025-05-26 04:43:21,747 - data_analyzer.anomaly_detector - INFO - 🔍 Phát hiện anomalies correlation 24h cho DOGEUSDT
2025-05-26 04:43:21,752 - data_analyzer.anomaly_detector - INFO - ✅ Correlation 24h DOGEUSDT: 0.765
2025-05-26 04:43:21,752 - data_analyzer.anomaly_detector - INFO - 🔍 Phát hiện anomalies 30d cho DOGEUSDT
2025-05-26 04:43:21,767 - data_analyzer.anomaly_detector - ERROR - ❌ Lỗi khi kiểm tra recent anomaly: '>=' not supported between instances of 'int' and 'datetime.datetime'
2025-05-26 04:43:21,768 - data_analyzer.anomaly_detector - ERROR - ❌ Lỗi khi kiểm tra recent anomaly: '>=' not supported between instances of 'int' and 'datetime.datetime'
2025-05-26 04:43:21,768 - data_analyzer.anomaly_detector - INFO - ✅ Phát hiện 2 anomalies 30d cho DOGEUSDT
2025-05-26 04:43:21,769 - data_analyzer.anomaly_detector - INFO - 🔍 Phát hiện anomalies correlation 30d cho DOGEUSDT
2025-05-26 04:43:21,793 - data_analyzer.anomaly_detector - INFO - ✅ Phát hiện 2 anomalies cho DOGEUSDT
2025-05-26 04:43:21,793 - data_analyzer.anomaly_detector - INFO -    - 30d_Volume_USDT: 1
2025-05-26 04:43:21,794 - data_analyzer.anomaly_detector - INFO -    - 30d_Volume: 1
2025-05-26 04:58:22,776 - data_analyzer.anomaly_detector - INFO - 🔧 Khởi tạo OptimizedAnomalyDetector với ngưỡng 2.5
2025-05-26 04:58:22,777 - data_analyzer.anomaly_detector - INFO - 🔍 Phát hiện tất cả anomalies cho BTCUSDT
2025-05-26 04:58:22,778 - data_analyzer.anomaly_detector - INFO - 🔍 Phát hiện anomalies 24h cho BTCUSDT
2025-05-26 04:58:22,786 - data_analyzer.anomaly_detector - INFO - ✅ Phát hiện 0 anomalies 24h cho BTCUSDT
2025-05-26 04:58:22,786 - data_analyzer.anomaly_detector - INFO - 🔍 Phát hiện volume spikes cho BTCUSDT
2025-05-26 04:58:22,799 - data_analyzer.anomaly_detector - INFO - ✅ Phát hiện 0 volume spikes cho BTCUSDT
2025-05-26 04:58:22,799 - data_analyzer.anomaly_detector - INFO - 🔍 Phát hiện OI-Price divergence cho BTCUSDT
2025-05-26 04:58:22,804 - data_analyzer.anomaly_detector - INFO - ✅ Kiểm tra OI divergence cho BTCUSDT: 0 anomalies
2025-05-26 04:58:22,804 - data_analyzer.anomaly_detector - INFO - 🔍 Phát hiện anomalies correlation 24h cho BTCUSDT
2025-05-26 04:58:22,809 - data_analyzer.anomaly_detector - INFO - ✅ Correlation 24h BTCUSDT: 0.778
2025-05-26 04:58:22,810 - data_analyzer.anomaly_detector - INFO - 🔍 Phát hiện anomalies 30d cho BTCUSDT
2025-05-26 04:58:22,825 - data_analyzer.anomaly_detector - ERROR - ❌ Lỗi khi kiểm tra recent anomaly: '>=' not supported between instances of 'int' and 'datetime.datetime'
2025-05-26 04:58:22,826 - data_analyzer.anomaly_detector - ERROR - ❌ Lỗi khi kiểm tra recent anomaly: '>=' not supported between instances of 'int' and 'datetime.datetime'
2025-05-26 04:58:22,826 - data_analyzer.anomaly_detector - INFO - ✅ Phát hiện 2 anomalies 30d cho BTCUSDT
2025-05-26 04:58:22,827 - data_analyzer.anomaly_detector - INFO - 🔍 Phát hiện anomalies correlation 30d cho BTCUSDT
2025-05-26 04:58:22,853 - data_analyzer.anomaly_detector - INFO - ✅ Phát hiện 2 anomalies cho BTCUSDT
2025-05-26 04:58:22,854 - data_analyzer.anomaly_detector - INFO -    - 30d_Volume_USDT: 1
2025-05-26 04:58:22,855 - data_analyzer.anomaly_detector - INFO -    - 30d_Volume: 1
2025-05-26 04:58:22,857 - data_analyzer.anomaly_detector - INFO - 🔍 Phát hiện tất cả anomalies cho ETHUSDT
2025-05-26 04:58:22,858 - data_analyzer.anomaly_detector - INFO - 🔍 Phát hiện anomalies 24h cho ETHUSDT
2025-05-26 04:58:22,864 - data_analyzer.anomaly_detector - INFO - ✅ Phát hiện 0 anomalies 24h cho ETHUSDT
2025-05-26 04:58:22,865 - data_analyzer.anomaly_detector - INFO - 🔍 Phát hiện volume spikes cho ETHUSDT
2025-05-26 04:58:22,877 - data_analyzer.anomaly_detector - INFO - ✅ Phát hiện 0 volume spikes cho ETHUSDT
2025-05-26 04:58:22,878 - data_analyzer.anomaly_detector - INFO - 🔍 Phát hiện OI-Price divergence cho ETHUSDT
2025-05-26 04:58:22,882 - data_analyzer.anomaly_detector - INFO - ✅ Kiểm tra OI divergence cho ETHUSDT: 0 anomalies
2025-05-26 04:58:22,883 - data_analyzer.anomaly_detector - INFO - 🔍 Phát hiện anomalies correlation 24h cho ETHUSDT
2025-05-26 04:58:22,888 - data_analyzer.anomaly_detector - INFO - ✅ Correlation 24h ETHUSDT: 0.767
2025-05-26 04:58:22,888 - data_analyzer.anomaly_detector - INFO - 🔍 Phát hiện anomalies 30d cho ETHUSDT
2025-05-26 04:58:22,903 - data_analyzer.anomaly_detector - ERROR - ❌ Lỗi khi kiểm tra recent anomaly: '>=' not supported between instances of 'int' and 'datetime.datetime'
2025-05-26 04:58:22,904 - data_analyzer.anomaly_detector - INFO - ✅ Phát hiện 1 anomalies 30d cho ETHUSDT
2025-05-26 04:58:22,904 - data_analyzer.anomaly_detector - INFO - 🔍 Phát hiện anomalies correlation 30d cho ETHUSDT
2025-05-26 04:58:22,924 - data_analyzer.anomaly_detector - INFO - ✅ Phát hiện 1 anomalies cho ETHUSDT
2025-05-26 04:58:22,924 - data_analyzer.anomaly_detector - INFO -    - 30d_Volume: 1
2025-05-26 04:58:22,926 - data_analyzer.anomaly_detector - INFO - 🔍 Phát hiện tất cả anomalies cho BNBUSDT
2025-05-26 04:58:22,926 - data_analyzer.anomaly_detector - INFO - 🔍 Phát hiện anomalies 24h cho BNBUSDT
2025-05-26 04:58:22,932 - data_analyzer.anomaly_detector - INFO - ✅ Phát hiện 0 anomalies 24h cho BNBUSDT
2025-05-26 04:58:22,932 - data_analyzer.anomaly_detector - INFO - 🔍 Phát hiện volume spikes cho BNBUSDT
2025-05-26 04:58:22,944 - data_analyzer.anomaly_detector - INFO - ✅ Phát hiện 0 volume spikes cho BNBUSDT
2025-05-26 04:58:22,945 - data_analyzer.anomaly_detector - INFO - 🔍 Phát hiện OI-Price divergence cho BNBUSDT
2025-05-26 04:58:22,949 - data_analyzer.anomaly_detector - INFO - ✅ Kiểm tra OI divergence cho BNBUSDT: 0 anomalies
2025-05-26 04:58:22,949 - data_analyzer.anomaly_detector - INFO - 🔍 Phát hiện anomalies correlation 24h cho BNBUSDT
2025-05-26 04:58:22,954 - data_analyzer.anomaly_detector - INFO - ✅ Correlation 24h BNBUSDT: 0.776
2025-05-26 04:58:22,955 - data_analyzer.anomaly_detector - INFO - 🔍 Phát hiện anomalies 30d cho BNBUSDT
2025-05-26 04:58:22,970 - data_analyzer.anomaly_detector - ERROR - ❌ Lỗi khi kiểm tra recent anomaly: '>=' not supported between instances of 'int' and 'datetime.datetime'
2025-05-26 04:58:22,970 - data_analyzer.anomaly_detector - ERROR - ❌ Lỗi khi kiểm tra recent anomaly: '>=' not supported between instances of 'int' and 'datetime.datetime'
2025-05-26 04:58:22,971 - data_analyzer.anomaly_detector - INFO - ✅ Phát hiện 2 anomalies 30d cho BNBUSDT
2025-05-26 04:58:22,971 - data_analyzer.anomaly_detector - INFO - 🔍 Phát hiện anomalies correlation 30d cho BNBUSDT
2025-05-26 04:58:22,994 - data_analyzer.anomaly_detector - INFO - ✅ Phát hiện 2 anomalies cho BNBUSDT
2025-05-26 04:58:22,995 - data_analyzer.anomaly_detector - INFO -    - 30d_Volume_USDT: 1
2025-05-26 04:58:22,996 - data_analyzer.anomaly_detector - INFO -    - 30d_Volume: 1
2025-05-26 04:58:22,998 - data_analyzer.anomaly_detector - INFO - 🔍 Phát hiện tất cả anomalies cho SOLUSDT
2025-05-26 04:58:22,998 - data_analyzer.anomaly_detector - INFO - 🔍 Phát hiện anomalies 24h cho SOLUSDT
2025-05-26 04:58:23,004 - data_analyzer.anomaly_detector - INFO - ✅ Phát hiện 0 anomalies 24h cho SOLUSDT
2025-05-26 04:58:23,004 - data_analyzer.anomaly_detector - INFO - 🔍 Phát hiện volume spikes cho SOLUSDT
2025-05-26 04:58:23,017 - data_analyzer.anomaly_detector - INFO - ✅ Phát hiện 0 volume spikes cho SOLUSDT
2025-05-26 04:58:23,017 - data_analyzer.anomaly_detector - INFO - 🔍 Phát hiện OI-Price divergence cho SOLUSDT
2025-05-26 04:58:23,022 - data_analyzer.anomaly_detector - INFO - ✅ Kiểm tra OI divergence cho SOLUSDT: 0 anomalies
2025-05-26 04:58:23,022 - data_analyzer.anomaly_detector - INFO - 🔍 Phát hiện anomalies correlation 24h cho SOLUSDT
2025-05-26 04:58:23,027 - data_analyzer.anomaly_detector - INFO - ✅ Correlation 24h SOLUSDT: 0.778
2025-05-26 04:58:23,028 - data_analyzer.anomaly_detector - INFO - 🔍 Phát hiện anomalies 30d cho SOLUSDT
2025-05-26 04:58:23,043 - data_analyzer.anomaly_detector - INFO - ✅ Phát hiện 2 anomalies 30d cho SOLUSDT
2025-05-26 04:58:23,043 - data_analyzer.anomaly_detector - INFO - 🔍 Phát hiện anomalies correlation 30d cho SOLUSDT
2025-05-26 04:58:23,066 - data_analyzer.anomaly_detector - INFO - ✅ Phát hiện 2 anomalies cho SOLUSDT
2025-05-26 04:58:23,067 - data_analyzer.anomaly_detector - INFO -    - 30d_OI_Value: 1
2025-05-26 04:58:23,067 - data_analyzer.anomaly_detector - INFO -    - 30d_Avg_OI_Value: 1
2025-05-26 04:58:23,069 - data_analyzer.anomaly_detector - INFO - 🔍 Phát hiện tất cả anomalies cho DOGEUSDT
2025-05-26 04:58:23,069 - data_analyzer.anomaly_detector - INFO - 🔍 Phát hiện anomalies 24h cho DOGEUSDT
2025-05-26 04:58:23,075 - data_analyzer.anomaly_detector - INFO - ✅ Phát hiện 0 anomalies 24h cho DOGEUSDT
2025-05-26 04:58:23,076 - data_analyzer.anomaly_detector - INFO - 🔍 Phát hiện volume spikes cho DOGEUSDT
2025-05-26 04:58:23,088 - data_analyzer.anomaly_detector - INFO - ✅ Phát hiện 0 volume spikes cho DOGEUSDT
2025-05-26 04:58:23,088 - data_analyzer.anomaly_detector - INFO - 🔍 Phát hiện OI-Price divergence cho DOGEUSDT
2025-05-26 04:58:23,092 - data_analyzer.anomaly_detector - INFO - ✅ Kiểm tra OI divergence cho DOGEUSDT: 0 anomalies
2025-05-26 04:58:23,093 - data_analyzer.anomaly_detector - INFO - 🔍 Phát hiện anomalies correlation 24h cho DOGEUSDT
2025-05-26 04:58:23,097 - data_analyzer.anomaly_detector - INFO - ✅ Correlation 24h DOGEUSDT: 0.765
2025-05-26 04:58:23,097 - data_analyzer.anomaly_detector - INFO - 🔍 Phát hiện anomalies 30d cho DOGEUSDT
2025-05-26 04:58:23,112 - data_analyzer.anomaly_detector - ERROR - ❌ Lỗi khi kiểm tra recent anomaly: '>=' not supported between instances of 'int' and 'datetime.datetime'
2025-05-26 04:58:23,113 - data_analyzer.anomaly_detector - ERROR - ❌ Lỗi khi kiểm tra recent anomaly: '>=' not supported between instances of 'int' and 'datetime.datetime'
2025-05-26 04:58:23,113 - data_analyzer.anomaly_detector - INFO - ✅ Phát hiện 2 anomalies 30d cho DOGEUSDT
2025-05-26 04:58:23,114 - data_analyzer.anomaly_detector - INFO - 🔍 Phát hiện anomalies correlation 30d cho DOGEUSDT
2025-05-26 04:58:23,137 - data_analyzer.anomaly_detector - INFO - ✅ Phát hiện 2 anomalies cho DOGEUSDT
2025-05-26 04:58:23,138 - data_analyzer.anomaly_detector - INFO -    - 30d_Volume_USDT: 1
2025-05-26 04:58:23,139 - data_analyzer.anomaly_detector - INFO -    - 30d_Volume: 1
2025-05-26 05:13:42,215 - data_analyzer.anomaly_detector - INFO - 🔧 Khởi tạo OptimizedAnomalyDetector với ngưỡng 2.5
2025-05-26 05:13:42,217 - data_analyzer.anomaly_detector - INFO - 🔍 Phát hiện tất cả anomalies cho BTCUSDT
2025-05-26 05:13:42,218 - data_analyzer.anomaly_detector - INFO - 🔍 Phát hiện anomalies 24h cho BTCUSDT
2025-05-26 05:13:42,231 - data_analyzer.anomaly_detector - INFO - ✅ Phát hiện 0 anomalies 24h cho BTCUSDT
2025-05-26 05:13:42,232 - data_analyzer.anomaly_detector - INFO - 🔍 Phát hiện volume spikes cho BTCUSDT
2025-05-26 05:13:42,254 - data_analyzer.anomaly_detector - INFO - ✅ Phát hiện 0 volume spikes cho BTCUSDT
2025-05-26 05:13:42,255 - data_analyzer.anomaly_detector - INFO - 🔍 Phát hiện OI-Price divergence cho BTCUSDT
2025-05-26 05:13:42,261 - data_analyzer.anomaly_detector - INFO - ✅ Kiểm tra OI divergence cho BTCUSDT: 0 anomalies
2025-05-26 05:13:42,262 - data_analyzer.anomaly_detector - INFO - 🔍 Phát hiện anomalies correlation 24h cho BTCUSDT
2025-05-26 05:13:42,269 - data_analyzer.anomaly_detector - INFO - ✅ Correlation 24h BTCUSDT: 0.881
2025-05-26 05:13:42,269 - data_analyzer.anomaly_detector - INFO - 🔍 Phát hiện anomalies 30d cho BTCUSDT
2025-05-26 05:13:42,289 - data_analyzer.anomaly_detector - ERROR - ❌ Lỗi khi kiểm tra recent anomaly: '>=' not supported between instances of 'int' and 'datetime.datetime'
2025-05-26 05:13:42,290 - data_analyzer.anomaly_detector - ERROR - ❌ Lỗi khi kiểm tra recent anomaly: '>=' not supported between instances of 'int' and 'datetime.datetime'
2025-05-26 05:13:42,291 - data_analyzer.anomaly_detector - INFO - ✅ Phát hiện 4 anomalies 30d cho BTCUSDT
2025-05-26 05:13:42,291 - data_analyzer.anomaly_detector - INFO - 🔍 Phát hiện anomalies correlation 30d cho BTCUSDT
2025-05-26 05:13:42,332 - data_analyzer.anomaly_detector - INFO - ✅ Phát hiện 4 anomalies cho BTCUSDT
2025-05-26 05:13:42,332 - data_analyzer.anomaly_detector - INFO -    - 30d_OI_Value: 1
2025-05-26 05:13:42,333 - data_analyzer.anomaly_detector - INFO -    - 30d_Avg_OI_Value: 1
2025-05-26 05:13:42,334 - data_analyzer.anomaly_detector - INFO -    - 30d_Volume_USDT: 1
2025-05-26 05:13:42,334 - data_analyzer.anomaly_detector - INFO -    - 30d_Volume: 1
2025-05-26 05:13:42,337 - data_analyzer.anomaly_detector - INFO - 🔍 Phát hiện tất cả anomalies cho ETHUSDT
2025-05-26 05:13:42,338 - data_analyzer.anomaly_detector - INFO - 🔍 Phát hiện anomalies 24h cho ETHUSDT
2025-05-26 05:13:42,344 - data_analyzer.anomaly_detector - INFO - ✅ Phát hiện 0 anomalies 24h cho ETHUSDT
2025-05-26 05:13:42,345 - data_analyzer.anomaly_detector - INFO - 🔍 Phát hiện volume spikes cho ETHUSDT
2025-05-26 05:13:42,359 - data_analyzer.anomaly_detector - INFO - ✅ Phát hiện 0 volume spikes cho ETHUSDT
2025-05-26 05:13:42,360 - data_analyzer.anomaly_detector - INFO - 🔍 Phát hiện OI-Price divergence cho ETHUSDT
2025-05-26 05:13:42,365 - data_analyzer.anomaly_detector - INFO - ✅ Kiểm tra OI divergence cho ETHUSDT: 0 anomalies
2025-05-26 05:13:42,366 - data_analyzer.anomaly_detector - INFO - 🔍 Phát hiện anomalies correlation 24h cho ETHUSDT
2025-05-26 05:13:42,371 - data_analyzer.anomaly_detector - INFO - ✅ Correlation 24h ETHUSDT: 0.869
2025-05-26 05:13:42,372 - data_analyzer.anomaly_detector - INFO - 🔍 Phát hiện anomalies 30d cho ETHUSDT
2025-05-26 05:13:42,389 - data_analyzer.anomaly_detector - ERROR - ❌ Lỗi khi kiểm tra recent anomaly: '>=' not supported between instances of 'int' and 'datetime.datetime'
2025-05-26 05:13:42,390 - data_analyzer.anomaly_detector - INFO - ✅ Phát hiện 1 anomalies 30d cho ETHUSDT
2025-05-26 05:13:42,391 - data_analyzer.anomaly_detector - INFO - 🔍 Phát hiện anomalies correlation 30d cho ETHUSDT
2025-05-26 05:13:42,414 - data_analyzer.anomaly_detector - INFO - ✅ Phát hiện 1 anomalies cho ETHUSDT
2025-05-26 05:13:42,414 - data_analyzer.anomaly_detector - INFO -    - 30d_Volume: 1
2025-05-26 05:13:42,416 - data_analyzer.anomaly_detector - INFO - 🔍 Phát hiện tất cả anomalies cho BNBUSDT
2025-05-26 05:13:42,417 - data_analyzer.anomaly_detector - INFO - 🔍 Phát hiện anomalies 24h cho BNBUSDT
2025-05-26 05:13:42,423 - data_analyzer.anomaly_detector - INFO - ✅ Phát hiện 0 anomalies 24h cho BNBUSDT
2025-05-26 05:13:42,424 - data_analyzer.anomaly_detector - INFO - 🔍 Phát hiện volume spikes cho BNBUSDT
2025-05-26 05:13:42,437 - data_analyzer.anomaly_detector - INFO - ✅ Phát hiện 0 volume spikes cho BNBUSDT
2025-05-26 05:13:42,438 - data_analyzer.anomaly_detector - INFO - 🔍 Phát hiện OI-Price divergence cho BNBUSDT
2025-05-26 05:13:42,442 - data_analyzer.anomaly_detector - INFO - ✅ Kiểm tra OI divergence cho BNBUSDT: 0 anomalies
2025-05-26 05:13:42,443 - data_analyzer.anomaly_detector - INFO - 🔍 Phát hiện anomalies correlation 24h cho BNBUSDT
2025-05-26 05:13:42,449 - data_analyzer.anomaly_detector - INFO - ✅ Correlation 24h BNBUSDT: 0.879
2025-05-26 05:13:42,449 - data_analyzer.anomaly_detector - INFO - 🔍 Phát hiện anomalies 30d cho BNBUSDT
2025-05-26 05:13:42,466 - data_analyzer.anomaly_detector - ERROR - ❌ Lỗi khi kiểm tra recent anomaly: '>=' not supported between instances of 'int' and 'datetime.datetime'
2025-05-26 05:13:42,466 - data_analyzer.anomaly_detector - ERROR - ❌ Lỗi khi kiểm tra recent anomaly: '>=' not supported between instances of 'int' and 'datetime.datetime'
2025-05-26 05:13:42,467 - data_analyzer.anomaly_detector - INFO - ✅ Phát hiện 2 anomalies 30d cho BNBUSDT
2025-05-26 05:13:42,468 - data_analyzer.anomaly_detector - INFO - 🔍 Phát hiện anomalies correlation 30d cho BNBUSDT
2025-05-26 05:13:42,494 - data_analyzer.anomaly_detector - INFO - ✅ Phát hiện 2 anomalies cho BNBUSDT
2025-05-26 05:13:42,495 - data_analyzer.anomaly_detector - INFO -    - 30d_Volume_USDT: 1
2025-05-26 05:13:42,495 - data_analyzer.anomaly_detector - INFO -    - 30d_Volume: 1
2025-05-26 05:13:42,498 - data_analyzer.anomaly_detector - INFO - 🔍 Phát hiện tất cả anomalies cho SOLUSDT
2025-05-26 05:13:42,498 - data_analyzer.anomaly_detector - INFO - 🔍 Phát hiện anomalies 24h cho SOLUSDT
2025-05-26 05:13:42,504 - data_analyzer.anomaly_detector - INFO - ✅ Phát hiện 0 anomalies 24h cho SOLUSDT
2025-05-26 05:13:42,505 - data_analyzer.anomaly_detector - INFO - 🔍 Phát hiện volume spikes cho SOLUSDT
2025-05-26 05:13:42,518 - data_analyzer.anomaly_detector - INFO - ✅ Phát hiện 0 volume spikes cho SOLUSDT
2025-05-26 05:13:42,519 - data_analyzer.anomaly_detector - INFO - 🔍 Phát hiện OI-Price divergence cho SOLUSDT
2025-05-26 05:13:42,523 - data_analyzer.anomaly_detector - INFO - ✅ Kiểm tra OI divergence cho SOLUSDT: 0 anomalies
2025-05-26 05:13:42,524 - data_analyzer.anomaly_detector - INFO - 🔍 Phát hiện anomalies correlation 24h cho SOLUSDT
2025-05-26 05:13:42,529 - data_analyzer.anomaly_detector - INFO - ✅ Correlation 24h SOLUSDT: 0.877
2025-05-26 05:13:42,529 - data_analyzer.anomaly_detector - INFO - 🔍 Phát hiện anomalies 30d cho SOLUSDT
2025-05-26 05:13:42,547 - data_analyzer.anomaly_detector - INFO - ✅ Phát hiện 0 anomalies 30d cho SOLUSDT
2025-05-26 05:13:42,548 - data_analyzer.anomaly_detector - INFO - 🔍 Phát hiện anomalies correlation 30d cho SOLUSDT
2025-05-26 05:13:42,566 - data_analyzer.anomaly_detector - INFO - ✅ Phát hiện 0 anomalies cho SOLUSDT
2025-05-26 05:13:42,567 - data_analyzer.anomaly_detector - INFO - 🔍 Phát hiện tất cả anomalies cho DOGEUSDT
2025-05-26 05:13:42,568 - data_analyzer.anomaly_detector - INFO - 🔍 Phát hiện anomalies 24h cho DOGEUSDT
2025-05-26 05:13:42,576 - data_analyzer.anomaly_detector - INFO - ✅ Phát hiện 0 anomalies 24h cho DOGEUSDT
2025-05-26 05:13:42,577 - data_analyzer.anomaly_detector - INFO - 🔍 Phát hiện volume spikes cho DOGEUSDT
2025-05-26 05:13:42,597 - data_analyzer.anomaly_detector - INFO - ✅ Phát hiện 0 volume spikes cho DOGEUSDT
2025-05-26 05:13:42,598 - data_analyzer.anomaly_detector - INFO - 🔍 Phát hiện OI-Price divergence cho DOGEUSDT
2025-05-26 05:13:42,603 - data_analyzer.anomaly_detector - INFO - ✅ Kiểm tra OI divergence cho DOGEUSDT: 0 anomalies
2025-05-26 05:13:42,604 - data_analyzer.anomaly_detector - INFO - 🔍 Phát hiện anomalies correlation 24h cho DOGEUSDT
2025-05-26 05:13:42,609 - data_analyzer.anomaly_detector - INFO - ✅ Correlation 24h DOGEUSDT: 0.870
2025-05-26 05:13:42,610 - data_analyzer.anomaly_detector - INFO - 🔍 Phát hiện anomalies 30d cho DOGEUSDT
2025-05-26 05:13:42,631 - data_analyzer.anomaly_detector - ERROR - ❌ Lỗi khi kiểm tra recent anomaly: '>=' not supported between instances of 'int' and 'datetime.datetime'
2025-05-26 05:13:42,632 - data_analyzer.anomaly_detector - ERROR - ❌ Lỗi khi kiểm tra recent anomaly: '>=' not supported between instances of 'int' and 'datetime.datetime'
2025-05-26 05:13:42,633 - data_analyzer.anomaly_detector - INFO - ✅ Phát hiện 2 anomalies 30d cho DOGEUSDT
2025-05-26 05:13:42,633 - data_analyzer.anomaly_detector - INFO - 🔍 Phát hiện anomalies correlation 30d cho DOGEUSDT
2025-05-26 05:13:42,662 - data_analyzer.anomaly_detector - INFO - ✅ Phát hiện 2 anomalies cho DOGEUSDT
2025-05-26 05:13:42,663 - data_analyzer.anomaly_detector - INFO -    - 30d_Volume_USDT: 1
2025-05-26 05:13:42,663 - data_analyzer.anomaly_detector - INFO -    - 30d_Volume: 1
2025-05-26 05:28:42,862 - data_analyzer.anomaly_detector - INFO - 🔧 Khởi tạo OptimizedAnomalyDetector với ngưỡng 2.5
2025-05-26 05:28:42,864 - data_analyzer.anomaly_detector - INFO - 🔍 Phát hiện tất cả anomalies cho BTCUSDT
2025-05-26 05:28:42,865 - data_analyzer.anomaly_detector - INFO - 🔍 Phát hiện anomalies 24h cho BTCUSDT
2025-05-26 05:28:42,878 - data_analyzer.anomaly_detector - INFO - ✅ Phát hiện 0 anomalies 24h cho BTCUSDT
2025-05-26 05:28:42,879 - data_analyzer.anomaly_detector - INFO - 🔍 Phát hiện volume spikes cho BTCUSDT
2025-05-26 05:28:42,905 - data_analyzer.anomaly_detector - INFO - ✅ Phát hiện 0 volume spikes cho BTCUSDT
2025-05-26 05:28:42,906 - data_analyzer.anomaly_detector - INFO - 🔍 Phát hiện OI-Price divergence cho BTCUSDT
2025-05-26 05:28:42,912 - data_analyzer.anomaly_detector - INFO - ✅ Kiểm tra OI divergence cho BTCUSDT: 0 anomalies
2025-05-26 05:28:42,913 - data_analyzer.anomaly_detector - INFO - 🔍 Phát hiện anomalies correlation 24h cho BTCUSDT
2025-05-26 05:28:42,919 - data_analyzer.anomaly_detector - INFO - ✅ Correlation 24h BTCUSDT: 0.881
2025-05-26 05:28:42,920 - data_analyzer.anomaly_detector - INFO - 🔍 Phát hiện anomalies 30d cho BTCUSDT
2025-05-26 05:28:42,940 - data_analyzer.anomaly_detector - ERROR - ❌ Lỗi khi kiểm tra recent anomaly: '>=' not supported between instances of 'int' and 'datetime.datetime'
2025-05-26 05:28:42,941 - data_analyzer.anomaly_detector - ERROR - ❌ Lỗi khi kiểm tra recent anomaly: '>=' not supported between instances of 'int' and 'datetime.datetime'
2025-05-26 05:28:42,942 - data_analyzer.anomaly_detector - INFO - ✅ Phát hiện 4 anomalies 30d cho BTCUSDT
2025-05-26 05:28:42,942 - data_analyzer.anomaly_detector - INFO - 🔍 Phát hiện anomalies correlation 30d cho BTCUSDT
2025-05-26 05:28:42,983 - data_analyzer.anomaly_detector - INFO - ✅ Phát hiện 4 anomalies cho BTCUSDT
2025-05-26 05:28:42,983 - data_analyzer.anomaly_detector - INFO -    - 30d_OI_Value: 1
2025-05-26 05:28:42,984 - data_analyzer.anomaly_detector - INFO -    - 30d_Avg_OI_Value: 1
2025-05-26 05:28:42,985 - data_analyzer.anomaly_detector - INFO -    - 30d_Volume_USDT: 1
2025-05-26 05:28:42,985 - data_analyzer.anomaly_detector - INFO -    - 30d_Volume: 1
2025-05-26 05:28:42,988 - data_analyzer.anomaly_detector - INFO - 🔍 Phát hiện tất cả anomalies cho ETHUSDT
2025-05-26 05:28:42,989 - data_analyzer.anomaly_detector - INFO - 🔍 Phát hiện anomalies 24h cho ETHUSDT
2025-05-26 05:28:42,996 - data_analyzer.anomaly_detector - INFO - ✅ Phát hiện 0 anomalies 24h cho ETHUSDT
2025-05-26 05:28:42,997 - data_analyzer.anomaly_detector - INFO - 🔍 Phát hiện volume spikes cho ETHUSDT
2025-05-26 05:28:43,011 - data_analyzer.anomaly_detector - INFO - ✅ Phát hiện 0 volume spikes cho ETHUSDT
2025-05-26 05:28:43,012 - data_analyzer.anomaly_detector - INFO - 🔍 Phát hiện OI-Price divergence cho ETHUSDT
2025-05-26 05:28:43,017 - data_analyzer.anomaly_detector - INFO - ✅ Kiểm tra OI divergence cho ETHUSDT: 0 anomalies
2025-05-26 05:28:43,017 - data_analyzer.anomaly_detector - INFO - 🔍 Phát hiện anomalies correlation 24h cho ETHUSDT
2025-05-26 05:28:43,023 - data_analyzer.anomaly_detector - INFO - ✅ Correlation 24h ETHUSDT: 0.869
2025-05-26 05:28:43,023 - data_analyzer.anomaly_detector - INFO - 🔍 Phát hiện anomalies 30d cho ETHUSDT
2025-05-26 05:28:43,039 - data_analyzer.anomaly_detector - ERROR - ❌ Lỗi khi kiểm tra recent anomaly: '>=' not supported between instances of 'int' and 'datetime.datetime'
2025-05-26 05:28:43,040 - data_analyzer.anomaly_detector - INFO - ✅ Phát hiện 1 anomalies 30d cho ETHUSDT
2025-05-26 05:28:43,040 - data_analyzer.anomaly_detector - INFO - 🔍 Phát hiện anomalies correlation 30d cho ETHUSDT
2025-05-26 05:28:43,062 - data_analyzer.anomaly_detector - INFO - ✅ Phát hiện 1 anomalies cho ETHUSDT
2025-05-26 05:28:43,062 - data_analyzer.anomaly_detector - INFO -    - 30d_Volume: 1
2025-05-26 05:28:43,064 - data_analyzer.anomaly_detector - INFO - 🔍 Phát hiện tất cả anomalies cho BNBUSDT
2025-05-26 05:28:43,065 - data_analyzer.anomaly_detector - INFO - 🔍 Phát hiện anomalies 24h cho BNBUSDT
2025-05-26 05:28:43,071 - data_analyzer.anomaly_detector - INFO - ✅ Phát hiện 0 anomalies 24h cho BNBUSDT
2025-05-26 05:28:43,071 - data_analyzer.anomaly_detector - INFO - 🔍 Phát hiện volume spikes cho BNBUSDT
2025-05-26 05:28:43,084 - data_analyzer.anomaly_detector - INFO - ✅ Phát hiện 0 volume spikes cho BNBUSDT
2025-05-26 05:28:43,085 - data_analyzer.anomaly_detector - INFO - 🔍 Phát hiện OI-Price divergence cho BNBUSDT
2025-05-26 05:28:43,090 - data_analyzer.anomaly_detector - INFO - ✅ Kiểm tra OI divergence cho BNBUSDT: 0 anomalies
2025-05-26 05:28:43,090 - data_analyzer.anomaly_detector - INFO - 🔍 Phát hiện anomalies correlation 24h cho BNBUSDT
2025-05-26 05:28:43,096 - data_analyzer.anomaly_detector - INFO - ✅ Correlation 24h BNBUSDT: 0.879
2025-05-26 05:28:43,096 - data_analyzer.anomaly_detector - INFO - 🔍 Phát hiện anomalies 30d cho BNBUSDT
2025-05-26 05:28:43,112 - data_analyzer.anomaly_detector - ERROR - ❌ Lỗi khi kiểm tra recent anomaly: '>=' not supported between instances of 'int' and 'datetime.datetime'
2025-05-26 05:28:43,113 - data_analyzer.anomaly_detector - ERROR - ❌ Lỗi khi kiểm tra recent anomaly: '>=' not supported between instances of 'int' and 'datetime.datetime'
2025-05-26 05:28:43,113 - data_analyzer.anomaly_detector - INFO - ✅ Phát hiện 2 anomalies 30d cho BNBUSDT
2025-05-26 05:28:43,114 - data_analyzer.anomaly_detector - INFO - 🔍 Phát hiện anomalies correlation 30d cho BNBUSDT
2025-05-26 05:28:43,140 - data_analyzer.anomaly_detector - INFO - ✅ Phát hiện 2 anomalies cho BNBUSDT
2025-05-26 05:28:43,140 - data_analyzer.anomaly_detector - INFO -    - 30d_Volume_USDT: 1
2025-05-26 05:28:43,141 - data_analyzer.anomaly_detector - INFO -    - 30d_Volume: 1
2025-05-26 05:28:43,143 - data_analyzer.anomaly_detector - INFO - 🔍 Phát hiện tất cả anomalies cho SOLUSDT
2025-05-26 05:28:43,143 - data_analyzer.anomaly_detector - INFO - 🔍 Phát hiện anomalies 24h cho SOLUSDT
2025-05-26 05:28:43,150 - data_analyzer.anomaly_detector - INFO - ✅ Phát hiện 0 anomalies 24h cho SOLUSDT
2025-05-26 05:28:43,150 - data_analyzer.anomaly_detector - INFO - 🔍 Phát hiện volume spikes cho SOLUSDT
2025-05-26 05:28:43,164 - data_analyzer.anomaly_detector - INFO - ✅ Phát hiện 0 volume spikes cho SOLUSDT
2025-05-26 05:28:43,165 - data_analyzer.anomaly_detector - INFO - 🔍 Phát hiện OI-Price divergence cho SOLUSDT
2025-05-26 05:28:43,170 - data_analyzer.anomaly_detector - INFO - ✅ Kiểm tra OI divergence cho SOLUSDT: 0 anomalies
2025-05-26 05:28:43,170 - data_analyzer.anomaly_detector - INFO - 🔍 Phát hiện anomalies correlation 24h cho SOLUSDT
2025-05-26 05:28:43,176 - data_analyzer.anomaly_detector - INFO - ✅ Correlation 24h SOLUSDT: 0.877
2025-05-26 05:28:43,176 - data_analyzer.anomaly_detector - INFO - 🔍 Phát hiện anomalies 30d cho SOLUSDT
2025-05-26 05:28:43,191 - data_analyzer.anomaly_detector - INFO - ✅ Phát hiện 0 anomalies 30d cho SOLUSDT
2025-05-26 05:28:43,192 - data_analyzer.anomaly_detector - INFO - 🔍 Phát hiện anomalies correlation 30d cho SOLUSDT
2025-05-26 05:28:43,209 - data_analyzer.anomaly_detector - INFO - ✅ Phát hiện 0 anomalies cho SOLUSDT
2025-05-26 05:28:43,210 - data_analyzer.anomaly_detector - INFO - 🔍 Phát hiện tất cả anomalies cho DOGEUSDT
2025-05-26 05:28:43,211 - data_analyzer.anomaly_detector - INFO - 🔍 Phát hiện anomalies 24h cho DOGEUSDT
2025-05-26 05:28:43,217 - data_analyzer.anomaly_detector - INFO - ✅ Phát hiện 0 anomalies 24h cho DOGEUSDT
2025-05-26 05:28:43,218 - data_analyzer.anomaly_detector - INFO - 🔍 Phát hiện volume spikes cho DOGEUSDT
2025-05-26 05:28:43,230 - data_analyzer.anomaly_detector - INFO - ✅ Phát hiện 0 volume spikes cho DOGEUSDT
2025-05-26 05:28:43,231 - data_analyzer.anomaly_detector - INFO - 🔍 Phát hiện OI-Price divergence cho DOGEUSDT
2025-05-26 05:28:43,235 - data_analyzer.anomaly_detector - INFO - ✅ Kiểm tra OI divergence cho DOGEUSDT: 0 anomalies
2025-05-26 05:28:43,236 - data_analyzer.anomaly_detector - INFO - 🔍 Phát hiện anomalies correlation 24h cho DOGEUSDT
2025-05-26 05:28:43,241 - data_analyzer.anomaly_detector - INFO - ✅ Correlation 24h DOGEUSDT: 0.870
2025-05-26 05:28:43,241 - data_analyzer.anomaly_detector - INFO - 🔍 Phát hiện anomalies 30d cho DOGEUSDT
2025-05-26 05:28:43,258 - data_analyzer.anomaly_detector - ERROR - ❌ Lỗi khi kiểm tra recent anomaly: '>=' not supported between instances of 'int' and 'datetime.datetime'
2025-05-26 05:28:43,259 - data_analyzer.anomaly_detector - ERROR - ❌ Lỗi khi kiểm tra recent anomaly: '>=' not supported between instances of 'int' and 'datetime.datetime'
2025-05-26 05:28:43,259 - data_analyzer.anomaly_detector - INFO - ✅ Phát hiện 2 anomalies 30d cho DOGEUSDT
2025-05-26 05:28:43,260 - data_analyzer.anomaly_detector - INFO - 🔍 Phát hiện anomalies correlation 30d cho DOGEUSDT
2025-05-26 05:28:43,286 - data_analyzer.anomaly_detector - INFO - ✅ Phát hiện 2 anomalies cho DOGEUSDT
2025-05-26 05:28:43,286 - data_analyzer.anomaly_detector - INFO -    - 30d_Volume_USDT: 1
2025-05-26 05:28:43,287 - data_analyzer.anomaly_detector - INFO -    - 30d_Volume: 1
2025-05-26 05:44:03,252 - data_analyzer.anomaly_detector - INFO - 🔧 Khởi tạo OptimizedAnomalyDetector với ngưỡng 2.5
2025-05-26 05:44:03,254 - data_analyzer.anomaly_detector - INFO - 🔍 Phát hiện tất cả anomalies cho BTCUSDT
2025-05-26 05:44:03,255 - data_analyzer.anomaly_detector - INFO - 🔍 Phát hiện anomalies 24h cho BTCUSDT
2025-05-26 05:44:03,267 - data_analyzer.anomaly_detector - INFO - ✅ Phát hiện 0 anomalies 24h cho BTCUSDT
2025-05-26 05:44:03,269 - data_analyzer.anomaly_detector - INFO - 🔍 Phát hiện volume spikes cho BTCUSDT
2025-05-26 05:44:03,288 - data_analyzer.anomaly_detector - INFO - ✅ Phát hiện 0 volume spikes cho BTCUSDT
2025-05-26 05:44:03,289 - data_analyzer.anomaly_detector - INFO - 🔍 Phát hiện OI-Price divergence cho BTCUSDT
2025-05-26 05:44:03,297 - data_analyzer.anomaly_detector - INFO - ✅ Kiểm tra OI divergence cho BTCUSDT: 0 anomalies
2025-05-26 05:44:03,298 - data_analyzer.anomaly_detector - INFO - 🔍 Phát hiện anomalies correlation 24h cho BTCUSDT
2025-05-26 05:44:03,305 - data_analyzer.anomaly_detector - INFO - ✅ Correlation 24h BTCUSDT: 0.881
2025-05-26 05:44:03,306 - data_analyzer.anomaly_detector - INFO - 🔍 Phát hiện anomalies 30d cho BTCUSDT
2025-05-26 05:44:03,327 - data_analyzer.anomaly_detector - ERROR - ❌ Lỗi khi kiểm tra recent anomaly: '>=' not supported between instances of 'int' and 'datetime.datetime'
2025-05-26 05:44:03,327 - data_analyzer.anomaly_detector - ERROR - ❌ Lỗi khi kiểm tra recent anomaly: '>=' not supported between instances of 'int' and 'datetime.datetime'
2025-05-26 05:44:03,328 - data_analyzer.anomaly_detector - INFO - ✅ Phát hiện 4 anomalies 30d cho BTCUSDT
2025-05-26 05:44:03,329 - data_analyzer.anomaly_detector - INFO - 🔍 Phát hiện anomalies correlation 30d cho BTCUSDT
2025-05-26 05:44:03,369 - data_analyzer.anomaly_detector - INFO - ✅ Phát hiện 4 anomalies cho BTCUSDT
2025-05-26 05:44:03,370 - data_analyzer.anomaly_detector - INFO -    - 30d_OI_Value: 1
2025-05-26 05:44:03,370 - data_analyzer.anomaly_detector - INFO -    - 30d_Avg_OI_Value: 1
2025-05-26 05:44:03,371 - data_analyzer.anomaly_detector - INFO -    - 30d_Volume_USDT: 1
2025-05-26 05:44:03,372 - data_analyzer.anomaly_detector - INFO -    - 30d_Volume: 1
2025-05-26 05:44:03,375 - data_analyzer.anomaly_detector - INFO - 🔍 Phát hiện tất cả anomalies cho ETHUSDT
2025-05-26 05:44:03,375 - data_analyzer.anomaly_detector - INFO - 🔍 Phát hiện anomalies 24h cho ETHUSDT
2025-05-26 05:44:03,382 - data_analyzer.anomaly_detector - INFO - ✅ Phát hiện 0 anomalies 24h cho ETHUSDT
2025-05-26 05:44:03,383 - data_analyzer.anomaly_detector - INFO - 🔍 Phát hiện volume spikes cho ETHUSDT
2025-05-26 05:44:03,399 - data_analyzer.anomaly_detector - INFO - ✅ Phát hiện 0 volume spikes cho ETHUSDT
2025-05-26 05:44:03,399 - data_analyzer.anomaly_detector - INFO - 🔍 Phát hiện OI-Price divergence cho ETHUSDT
2025-05-26 05:44:03,408 - data_analyzer.anomaly_detector - INFO - ✅ Kiểm tra OI divergence cho ETHUSDT: 0 anomalies
2025-05-26 05:44:03,409 - data_analyzer.anomaly_detector - INFO - 🔍 Phát hiện anomalies correlation 24h cho ETHUSDT
2025-05-26 05:44:03,418 - data_analyzer.anomaly_detector - INFO - ✅ Correlation 24h ETHUSDT: 0.869
2025-05-26 05:44:03,419 - data_analyzer.anomaly_detector - INFO - 🔍 Phát hiện anomalies 30d cho ETHUSDT
2025-05-26 05:44:03,440 - data_analyzer.anomaly_detector - ERROR - ❌ Lỗi khi kiểm tra recent anomaly: '>=' not supported between instances of 'int' and 'datetime.datetime'
2025-05-26 05:44:03,441 - data_analyzer.anomaly_detector - INFO - ✅ Phát hiện 3 anomalies 30d cho ETHUSDT
2025-05-26 05:44:03,441 - data_analyzer.anomaly_detector - INFO - 🔍 Phát hiện anomalies correlation 30d cho ETHUSDT
2025-05-26 05:44:03,472 - data_analyzer.anomaly_detector - INFO - ✅ Phát hiện 3 anomalies cho ETHUSDT
2025-05-26 05:44:03,473 - data_analyzer.anomaly_detector - INFO -    - 30d_OI_Value: 1
2025-05-26 05:44:03,474 - data_analyzer.anomaly_detector - INFO -    - 30d_Avg_OI_Value: 1
2025-05-26 05:44:03,474 - data_analyzer.anomaly_detector - INFO -    - 30d_Volume: 1
2025-05-26 05:44:03,477 - data_analyzer.anomaly_detector - INFO - 🔍 Phát hiện tất cả anomalies cho BNBUSDT
2025-05-26 05:44:03,478 - data_analyzer.anomaly_detector - INFO - 🔍 Phát hiện anomalies 24h cho BNBUSDT
2025-05-26 05:44:03,489 - data_analyzer.anomaly_detector - INFO - ✅ Phát hiện 0 anomalies 24h cho BNBUSDT
2025-05-26 05:44:03,489 - data_analyzer.anomaly_detector - INFO - 🔍 Phát hiện volume spikes cho BNBUSDT
2025-05-26 05:44:03,503 - data_analyzer.anomaly_detector - INFO - ✅ Phát hiện 0 volume spikes cho BNBUSDT
2025-05-26 05:44:03,503 - data_analyzer.anomaly_detector - INFO - 🔍 Phát hiện OI-Price divergence cho BNBUSDT
2025-05-26 05:44:03,508 - data_analyzer.anomaly_detector - INFO - ✅ Kiểm tra OI divergence cho BNBUSDT: 0 anomalies
2025-05-26 05:44:03,508 - data_analyzer.anomaly_detector - INFO - 🔍 Phát hiện anomalies correlation 24h cho BNBUSDT
2025-05-26 05:44:03,513 - data_analyzer.anomaly_detector - INFO - ✅ Correlation 24h BNBUSDT: 0.879
2025-05-26 05:44:03,514 - data_analyzer.anomaly_detector - INFO - 🔍 Phát hiện anomalies 30d cho BNBUSDT
2025-05-26 05:44:03,530 - data_analyzer.anomaly_detector - ERROR - ❌ Lỗi khi kiểm tra recent anomaly: '>=' not supported between instances of 'int' and 'datetime.datetime'
2025-05-26 05:44:03,531 - data_analyzer.anomaly_detector - ERROR - ❌ Lỗi khi kiểm tra recent anomaly: '>=' not supported between instances of 'int' and 'datetime.datetime'
2025-05-26 05:44:03,531 - data_analyzer.anomaly_detector - INFO - ✅ Phát hiện 2 anomalies 30d cho BNBUSDT
2025-05-26 05:44:03,532 - data_analyzer.anomaly_detector - INFO - 🔍 Phát hiện anomalies correlation 30d cho BNBUSDT
2025-05-26 05:44:03,560 - data_analyzer.anomaly_detector - INFO - ✅ Phát hiện 2 anomalies cho BNBUSDT
2025-05-26 05:44:03,561 - data_analyzer.anomaly_detector - INFO -    - 30d_Volume_USDT: 1
2025-05-26 05:44:03,562 - data_analyzer.anomaly_detector - INFO -    - 30d_Volume: 1
2025-05-26 05:44:03,564 - data_analyzer.anomaly_detector - INFO - 🔍 Phát hiện tất cả anomalies cho SOLUSDT
2025-05-26 05:44:03,565 - data_analyzer.anomaly_detector - INFO - 🔍 Phát hiện anomalies 24h cho SOLUSDT
2025-05-26 05:44:03,571 - data_analyzer.anomaly_detector - INFO - ✅ Phát hiện 0 anomalies 24h cho SOLUSDT
2025-05-26 05:44:03,572 - data_analyzer.anomaly_detector - INFO - 🔍 Phát hiện volume spikes cho SOLUSDT
2025-05-26 05:44:03,585 - data_analyzer.anomaly_detector - INFO - ✅ Phát hiện 0 volume spikes cho SOLUSDT
2025-05-26 05:44:03,586 - data_analyzer.anomaly_detector - INFO - 🔍 Phát hiện OI-Price divergence cho SOLUSDT
2025-05-26 05:44:03,590 - data_analyzer.anomaly_detector - INFO - ✅ Kiểm tra OI divergence cho SOLUSDT: 0 anomalies
2025-05-26 05:44:03,591 - data_analyzer.anomaly_detector - INFO - 🔍 Phát hiện anomalies correlation 24h cho SOLUSDT
2025-05-26 05:44:03,596 - data_analyzer.anomaly_detector - INFO - ✅ Correlation 24h SOLUSDT: 0.877
2025-05-26 05:44:03,597 - data_analyzer.anomaly_detector - INFO - 🔍 Phát hiện anomalies 30d cho SOLUSDT
2025-05-26 05:44:03,612 - data_analyzer.anomaly_detector - INFO - ✅ Phát hiện 0 anomalies 30d cho SOLUSDT
2025-05-26 05:44:03,613 - data_analyzer.anomaly_detector - INFO - 🔍 Phát hiện anomalies correlation 30d cho SOLUSDT
2025-05-26 05:44:03,629 - data_analyzer.anomaly_detector - INFO - ✅ Phát hiện 0 anomalies cho SOLUSDT
2025-05-26 05:44:03,631 - data_analyzer.anomaly_detector - INFO - 🔍 Phát hiện tất cả anomalies cho DOGEUSDT
2025-05-26 05:44:03,632 - data_analyzer.anomaly_detector - INFO - 🔍 Phát hiện anomalies 24h cho DOGEUSDT
2025-05-26 05:44:03,638 - data_analyzer.anomaly_detector - INFO - ✅ Phát hiện 0 anomalies 24h cho DOGEUSDT
2025-05-26 05:44:03,639 - data_analyzer.anomaly_detector - INFO - 🔍 Phát hiện volume spikes cho DOGEUSDT
2025-05-26 05:44:03,651 - data_analyzer.anomaly_detector - INFO - ✅ Phát hiện 0 volume spikes cho DOGEUSDT
2025-05-26 05:44:03,652 - data_analyzer.anomaly_detector - INFO - 🔍 Phát hiện OI-Price divergence cho DOGEUSDT
2025-05-26 05:44:03,657 - data_analyzer.anomaly_detector - INFO - ✅ Kiểm tra OI divergence cho DOGEUSDT: 0 anomalies
2025-05-26 05:44:03,657 - data_analyzer.anomaly_detector - INFO - 🔍 Phát hiện anomalies correlation 24h cho DOGEUSDT
2025-05-26 05:44:03,662 - data_analyzer.anomaly_detector - INFO - ✅ Correlation 24h DOGEUSDT: 0.870
2025-05-26 05:44:03,663 - data_analyzer.anomaly_detector - INFO - 🔍 Phát hiện anomalies 30d cho DOGEUSDT
2025-05-26 05:44:03,681 - data_analyzer.anomaly_detector - ERROR - ❌ Lỗi khi kiểm tra recent anomaly: '>=' not supported between instances of 'int' and 'datetime.datetime'
2025-05-26 05:44:03,681 - data_analyzer.anomaly_detector - ERROR - ❌ Lỗi khi kiểm tra recent anomaly: '>=' not supported between instances of 'int' and 'datetime.datetime'
2025-05-26 05:44:03,682 - data_analyzer.anomaly_detector - INFO - ✅ Phát hiện 4 anomalies 30d cho DOGEUSDT
2025-05-26 05:44:03,683 - data_analyzer.anomaly_detector - INFO - 🔍 Phát hiện anomalies correlation 30d cho DOGEUSDT
2025-05-26 05:44:03,717 - data_analyzer.anomaly_detector - INFO - ✅ Phát hiện 4 anomalies cho DOGEUSDT
2025-05-26 05:44:03,718 - data_analyzer.anomaly_detector - INFO -    - 30d_OI_Value: 1
2025-05-26 05:44:03,719 - data_analyzer.anomaly_detector - INFO -    - 30d_Avg_OI_Value: 1
2025-05-26 05:44:03,719 - data_analyzer.anomaly_detector - INFO -    - 30d_Volume_USDT: 1
2025-05-26 05:44:03,720 - data_analyzer.anomaly_detector - INFO -    - 30d_Volume: 1
2025-05-26 05:59:03,822 - data_analyzer.anomaly_detector - INFO - 🔧 Khởi tạo OptimizedAnomalyDetector với ngưỡng 2.5
2025-05-26 05:59:03,824 - data_analyzer.anomaly_detector - INFO - 🔍 Phát hiện tất cả anomalies cho BTCUSDT
2025-05-26 05:59:03,825 - data_analyzer.anomaly_detector - INFO - 🔍 Phát hiện anomalies 24h cho BTCUSDT
2025-05-26 05:59:03,838 - data_analyzer.anomaly_detector - INFO - ✅ Phát hiện 0 anomalies 24h cho BTCUSDT
2025-05-26 05:59:03,839 - data_analyzer.anomaly_detector - INFO - 🔍 Phát hiện volume spikes cho BTCUSDT
2025-05-26 05:59:03,859 - data_analyzer.anomaly_detector - INFO - ✅ Phát hiện 0 volume spikes cho BTCUSDT
2025-05-26 05:59:03,860 - data_analyzer.anomaly_detector - INFO - 🔍 Phát hiện OI-Price divergence cho BTCUSDT
2025-05-26 05:59:03,866 - data_analyzer.anomaly_detector - INFO - ✅ Kiểm tra OI divergence cho BTCUSDT: 0 anomalies
2025-05-26 05:59:03,867 - data_analyzer.anomaly_detector - INFO - 🔍 Phát hiện anomalies correlation 24h cho BTCUSDT
2025-05-26 05:59:03,876 - data_analyzer.anomaly_detector - INFO - ✅ Correlation 24h BTCUSDT: 0.881
2025-05-26 05:59:03,877 - data_analyzer.anomaly_detector - INFO - 🔍 Phát hiện anomalies 30d cho BTCUSDT
2025-05-26 05:59:03,897 - data_analyzer.anomaly_detector - ERROR - ❌ Lỗi khi kiểm tra recent anomaly: '>=' not supported between instances of 'int' and 'datetime.datetime'
2025-05-26 05:59:03,898 - data_analyzer.anomaly_detector - ERROR - ❌ Lỗi khi kiểm tra recent anomaly: '>=' not supported between instances of 'int' and 'datetime.datetime'
2025-05-26 05:59:03,898 - data_analyzer.anomaly_detector - INFO - ✅ Phát hiện 4 anomalies 30d cho BTCUSDT
2025-05-26 05:59:03,899 - data_analyzer.anomaly_detector - INFO - 🔍 Phát hiện anomalies correlation 30d cho BTCUSDT
2025-05-26 05:59:03,939 - data_analyzer.anomaly_detector - INFO - ✅ Phát hiện 4 anomalies cho BTCUSDT
2025-05-26 05:59:03,940 - data_analyzer.anomaly_detector - INFO -    - 30d_OI_Value: 1
2025-05-26 05:59:03,941 - data_analyzer.anomaly_detector - INFO -    - 30d_Avg_OI_Value: 1
2025-05-26 05:59:03,941 - data_analyzer.anomaly_detector - INFO -    - 30d_Volume_USDT: 1
2025-05-26 05:59:03,942 - data_analyzer.anomaly_detector - INFO -    - 30d_Volume: 1
2025-05-26 05:59:03,945 - data_analyzer.anomaly_detector - INFO - 🔍 Phát hiện tất cả anomalies cho ETHUSDT
2025-05-26 05:59:03,945 - data_analyzer.anomaly_detector - INFO - 🔍 Phát hiện anomalies 24h cho ETHUSDT
2025-05-26 05:59:03,952 - data_analyzer.anomaly_detector - INFO - ✅ Phát hiện 0 anomalies 24h cho ETHUSDT
2025-05-26 05:59:03,952 - data_analyzer.anomaly_detector - INFO - 🔍 Phát hiện volume spikes cho ETHUSDT
2025-05-26 05:59:03,966 - data_analyzer.anomaly_detector - INFO - ✅ Phát hiện 0 volume spikes cho ETHUSDT
2025-05-26 05:59:03,967 - data_analyzer.anomaly_detector - INFO - 🔍 Phát hiện OI-Price divergence cho ETHUSDT
2025-05-26 05:59:03,972 - data_analyzer.anomaly_detector - INFO - ✅ Kiểm tra OI divergence cho ETHUSDT: 0 anomalies
2025-05-26 05:59:03,973 - data_analyzer.anomaly_detector - INFO - 🔍 Phát hiện anomalies correlation 24h cho ETHUSDT
2025-05-26 05:59:03,978 - data_analyzer.anomaly_detector - INFO - ✅ Correlation 24h ETHUSDT: 0.869
2025-05-26 05:59:03,979 - data_analyzer.anomaly_detector - INFO - 🔍 Phát hiện anomalies 30d cho ETHUSDT
2025-05-26 05:59:03,996 - data_analyzer.anomaly_detector - ERROR - ❌ Lỗi khi kiểm tra recent anomaly: '>=' not supported between instances of 'int' and 'datetime.datetime'
2025-05-26 05:59:03,997 - data_analyzer.anomaly_detector - INFO - ✅ Phát hiện 3 anomalies 30d cho ETHUSDT
2025-05-26 05:59:03,997 - data_analyzer.anomaly_detector - INFO - 🔍 Phát hiện anomalies correlation 30d cho ETHUSDT
2025-05-26 05:59:04,028 - data_analyzer.anomaly_detector - INFO - ✅ Phát hiện 3 anomalies cho ETHUSDT
2025-05-26 05:59:04,028 - data_analyzer.anomaly_detector - INFO -    - 30d_OI_Value: 1
2025-05-26 05:59:04,029 - data_analyzer.anomaly_detector - INFO -    - 30d_Avg_OI_Value: 1
2025-05-26 05:59:04,029 - data_analyzer.anomaly_detector - INFO -    - 30d_Volume: 1
2025-05-26 05:59:04,032 - data_analyzer.anomaly_detector - INFO - 🔍 Phát hiện tất cả anomalies cho BNBUSDT
2025-05-26 05:59:04,032 - data_analyzer.anomaly_detector - INFO - 🔍 Phát hiện anomalies 24h cho BNBUSDT
2025-05-26 05:59:04,039 - data_analyzer.anomaly_detector - INFO - ✅ Phát hiện 0 anomalies 24h cho BNBUSDT
2025-05-26 05:59:04,039 - data_analyzer.anomaly_detector - INFO - 🔍 Phát hiện volume spikes cho BNBUSDT
2025-05-26 05:59:04,053 - data_analyzer.anomaly_detector - INFO - ✅ Phát hiện 0 volume spikes cho BNBUSDT
2025-05-26 05:59:04,053 - data_analyzer.anomaly_detector - INFO - 🔍 Phát hiện OI-Price divergence cho BNBUSDT
2025-05-26 05:59:04,059 - data_analyzer.anomaly_detector - INFO - ✅ Kiểm tra OI divergence cho BNBUSDT: 0 anomalies
2025-05-26 05:59:04,059 - data_analyzer.anomaly_detector - INFO - 🔍 Phát hiện anomalies correlation 24h cho BNBUSDT
2025-05-26 05:59:04,064 - data_analyzer.anomaly_detector - INFO - ✅ Correlation 24h BNBUSDT: 0.879
2025-05-26 05:59:04,065 - data_analyzer.anomaly_detector - INFO - 🔍 Phát hiện anomalies 30d cho BNBUSDT
2025-05-26 05:59:04,081 - data_analyzer.anomaly_detector - ERROR - ❌ Lỗi khi kiểm tra recent anomaly: '>=' not supported between instances of 'int' and 'datetime.datetime'
2025-05-26 05:59:04,081 - data_analyzer.anomaly_detector - ERROR - ❌ Lỗi khi kiểm tra recent anomaly: '>=' not supported between instances of 'int' and 'datetime.datetime'
2025-05-26 05:59:04,082 - data_analyzer.anomaly_detector - INFO - ✅ Phát hiện 2 anomalies 30d cho BNBUSDT
2025-05-26 05:59:04,082 - data_analyzer.anomaly_detector - INFO - 🔍 Phát hiện anomalies correlation 30d cho BNBUSDT
2025-05-26 05:59:04,107 - data_analyzer.anomaly_detector - INFO - ✅ Phát hiện 2 anomalies cho BNBUSDT
2025-05-26 05:59:04,107 - data_analyzer.anomaly_detector - INFO -    - 30d_Volume_USDT: 1
2025-05-26 05:59:04,108 - data_analyzer.anomaly_detector - INFO -    - 30d_Volume: 1
2025-05-26 05:59:04,110 - data_analyzer.anomaly_detector - INFO - 🔍 Phát hiện tất cả anomalies cho SOLUSDT
2025-05-26 05:59:04,110 - data_analyzer.anomaly_detector - INFO - 🔍 Phát hiện anomalies 24h cho SOLUSDT
2025-05-26 05:59:04,117 - data_analyzer.anomaly_detector - INFO - ✅ Phát hiện 0 anomalies 24h cho SOLUSDT
2025-05-26 05:59:04,117 - data_analyzer.anomaly_detector - INFO - 🔍 Phát hiện volume spikes cho SOLUSDT
2025-05-26 05:59:04,130 - data_analyzer.anomaly_detector - INFO - ✅ Phát hiện 0 volume spikes cho SOLUSDT
2025-05-26 05:59:04,131 - data_analyzer.anomaly_detector - INFO - 🔍 Phát hiện OI-Price divergence cho SOLUSDT
2025-05-26 05:59:04,135 - data_analyzer.anomaly_detector - INFO - ✅ Kiểm tra OI divergence cho SOLUSDT: 0 anomalies
2025-05-26 05:59:04,136 - data_analyzer.anomaly_detector - INFO - 🔍 Phát hiện anomalies correlation 24h cho SOLUSDT
2025-05-26 05:59:04,141 - data_analyzer.anomaly_detector - INFO - ✅ Correlation 24h SOLUSDT: 0.877
2025-05-26 05:59:04,141 - data_analyzer.anomaly_detector - INFO - 🔍 Phát hiện anomalies 30d cho SOLUSDT
2025-05-26 05:59:04,157 - data_analyzer.anomaly_detector - INFO - ✅ Phát hiện 0 anomalies 30d cho SOLUSDT
2025-05-26 05:59:04,157 - data_analyzer.anomaly_detector - INFO - 🔍 Phát hiện anomalies correlation 30d cho SOLUSDT
2025-05-26 05:59:04,174 - data_analyzer.anomaly_detector - INFO - ✅ Phát hiện 0 anomalies cho SOLUSDT
2025-05-26 05:59:04,176 - data_analyzer.anomaly_detector - INFO - 🔍 Phát hiện tất cả anomalies cho DOGEUSDT
2025-05-26 05:59:04,177 - data_analyzer.anomaly_detector - INFO - 🔍 Phát hiện anomalies 24h cho DOGEUSDT
2025-05-26 05:59:04,182 - data_analyzer.anomaly_detector - INFO - ✅ Phát hiện 0 anomalies 24h cho DOGEUSDT
2025-05-26 05:59:04,183 - data_analyzer.anomaly_detector - INFO - 🔍 Phát hiện volume spikes cho DOGEUSDT
2025-05-26 05:59:04,196 - data_analyzer.anomaly_detector - INFO - ✅ Phát hiện 0 volume spikes cho DOGEUSDT
2025-05-26 05:59:04,196 - data_analyzer.anomaly_detector - INFO - 🔍 Phát hiện OI-Price divergence cho DOGEUSDT
2025-05-26 05:59:04,201 - data_analyzer.anomaly_detector - INFO - ✅ Kiểm tra OI divergence cho DOGEUSDT: 0 anomalies
2025-05-26 05:59:04,201 - data_analyzer.anomaly_detector - INFO - 🔍 Phát hiện anomalies correlation 24h cho DOGEUSDT
2025-05-26 05:59:04,207 - data_analyzer.anomaly_detector - INFO - ✅ Correlation 24h DOGEUSDT: 0.870
2025-05-26 05:59:04,207 - data_analyzer.anomaly_detector - INFO - 🔍 Phát hiện anomalies 30d cho DOGEUSDT
2025-05-26 05:59:04,225 - data_analyzer.anomaly_detector - ERROR - ❌ Lỗi khi kiểm tra recent anomaly: '>=' not supported between instances of 'int' and 'datetime.datetime'
2025-05-26 05:59:04,226 - data_analyzer.anomaly_detector - ERROR - ❌ Lỗi khi kiểm tra recent anomaly: '>=' not supported between instances of 'int' and 'datetime.datetime'
2025-05-26 05:59:04,226 - data_analyzer.anomaly_detector - INFO - ✅ Phát hiện 4 anomalies 30d cho DOGEUSDT
2025-05-26 05:59:04,227 - data_analyzer.anomaly_detector - INFO - 🔍 Phát hiện anomalies correlation 30d cho DOGEUSDT
2025-05-26 05:59:04,260 - data_analyzer.anomaly_detector - INFO - ✅ Phát hiện 4 anomalies cho DOGEUSDT
2025-05-26 05:59:04,261 - data_analyzer.anomaly_detector - INFO -    - 30d_OI_Value: 1
2025-05-26 05:59:04,261 - data_analyzer.anomaly_detector - INFO -    - 30d_Avg_OI_Value: 1
2025-05-26 05:59:04,262 - data_analyzer.anomaly_detector - INFO -    - 30d_Volume_USDT: 1
2025-05-26 05:59:04,262 - data_analyzer.anomaly_detector - INFO -    - 30d_Volume: 1
2025-05-26 06:14:23,987 - data_analyzer.anomaly_detector - INFO - 🔧 Khởi tạo OptimizedAnomalyDetector với ngưỡng 2.5
2025-05-26 06:14:23,989 - data_analyzer.anomaly_detector - INFO - 🔍 Phát hiện tất cả anomalies cho BTCUSDT
2025-05-26 06:14:23,990 - data_analyzer.anomaly_detector - INFO - 🔍 Phát hiện anomalies 24h cho BTCUSDT
2025-05-26 06:14:24,002 - data_analyzer.anomaly_detector - INFO - ✅ Phát hiện 0 anomalies 24h cho BTCUSDT
2025-05-26 06:14:24,003 - data_analyzer.anomaly_detector - INFO - 🔍 Phát hiện volume spikes cho BTCUSDT
2025-05-26 06:14:24,022 - data_analyzer.anomaly_detector - INFO - ✅ Phát hiện 0 volume spikes cho BTCUSDT
2025-05-26 06:14:24,023 - data_analyzer.anomaly_detector - INFO - 🔍 Phát hiện OI-Price divergence cho BTCUSDT
2025-05-26 06:14:24,029 - data_analyzer.anomaly_detector - INFO - ✅ Kiểm tra OI divergence cho BTCUSDT: 0 anomalies
2025-05-26 06:14:24,030 - data_analyzer.anomaly_detector - INFO - 🔍 Phát hiện anomalies correlation 24h cho BTCUSDT
2025-05-26 06:14:24,037 - data_analyzer.anomaly_detector - INFO - ✅ Correlation 24h BTCUSDT: 0.999
2025-05-26 06:14:24,038 - data_analyzer.anomaly_detector - INFO - 🔍 Phát hiện anomalies 30d cho BTCUSDT
2025-05-26 06:14:24,061 - data_analyzer.anomaly_detector - ERROR - ❌ Lỗi khi kiểm tra recent anomaly: '>=' not supported between instances of 'int' and 'datetime.datetime'
2025-05-26 06:14:24,061 - data_analyzer.anomaly_detector - ERROR - ❌ Lỗi khi kiểm tra recent anomaly: '>=' not supported between instances of 'int' and 'datetime.datetime'
2025-05-26 06:14:24,062 - data_analyzer.anomaly_detector - INFO - ✅ Phát hiện 6 anomalies 30d cho BTCUSDT
2025-05-26 06:14:24,063 - data_analyzer.anomaly_detector - INFO - 🔍 Phát hiện anomalies correlation 30d cho BTCUSDT
2025-05-26 06:14:24,111 - data_analyzer.anomaly_detector - INFO - ✅ Phát hiện 6 anomalies cho BTCUSDT
2025-05-26 06:14:24,112 - data_analyzer.anomaly_detector - INFO -    - 30d_OI_Value: 2
2025-05-26 06:14:24,112 - data_analyzer.anomaly_detector - INFO -    - 30d_Avg_OI_Value: 2
2025-05-26 06:14:24,113 - data_analyzer.anomaly_detector - INFO -    - 30d_Volume_USDT: 1
2025-05-26 06:14:24,113 - data_analyzer.anomaly_detector - INFO -    - 30d_Volume: 1
2025-05-26 06:14:24,116 - data_analyzer.anomaly_detector - INFO - 🔍 Phát hiện tất cả anomalies cho ETHUSDT
2025-05-26 06:14:24,117 - data_analyzer.anomaly_detector - INFO - 🔍 Phát hiện anomalies 24h cho ETHUSDT
2025-05-26 06:14:24,125 - data_analyzer.anomaly_detector - INFO - ✅ Phát hiện 0 anomalies 24h cho ETHUSDT
2025-05-26 06:14:24,125 - data_analyzer.anomaly_detector - INFO - 🔍 Phát hiện volume spikes cho ETHUSDT
2025-05-26 06:14:24,139 - data_analyzer.anomaly_detector - INFO - ✅ Phát hiện 0 volume spikes cho ETHUSDT
2025-05-26 06:14:24,140 - data_analyzer.anomaly_detector - INFO - 🔍 Phát hiện OI-Price divergence cho ETHUSDT
2025-05-26 06:14:24,145 - data_analyzer.anomaly_detector - INFO - ✅ Kiểm tra OI divergence cho ETHUSDT: 0 anomalies
2025-05-26 06:14:24,145 - data_analyzer.anomaly_detector - INFO - 🔍 Phát hiện anomalies correlation 24h cho ETHUSDT
2025-05-26 06:14:24,151 - data_analyzer.anomaly_detector - INFO - ✅ Correlation 24h ETHUSDT: 0.989
2025-05-26 06:14:24,151 - data_analyzer.anomaly_detector - INFO - 🔍 Phát hiện anomalies 30d cho ETHUSDT
2025-05-26 06:14:24,168 - data_analyzer.anomaly_detector - ERROR - ❌ Lỗi khi kiểm tra recent anomaly: '>=' not supported between instances of 'int' and 'datetime.datetime'
2025-05-26 06:14:24,169 - data_analyzer.anomaly_detector - INFO - ✅ Phát hiện 3 anomalies 30d cho ETHUSDT
2025-05-26 06:14:24,169 - data_analyzer.anomaly_detector - INFO - 🔍 Phát hiện anomalies correlation 30d cho ETHUSDT
2025-05-26 06:14:24,197 - data_analyzer.anomaly_detector - INFO - ✅ Phát hiện 3 anomalies cho ETHUSDT
2025-05-26 06:14:24,197 - data_analyzer.anomaly_detector - INFO -    - 30d_OI_Value: 1
2025-05-26 06:14:24,198 - data_analyzer.anomaly_detector - INFO -    - 30d_Avg_OI_Value: 1
2025-05-26 06:14:24,198 - data_analyzer.anomaly_detector - INFO -    - 30d_Volume: 1
2025-05-26 06:14:24,201 - data_analyzer.anomaly_detector - INFO - 🔍 Phát hiện tất cả anomalies cho BNBUSDT
2025-05-26 06:14:24,201 - data_analyzer.anomaly_detector - INFO - 🔍 Phát hiện anomalies 24h cho BNBUSDT
2025-05-26 06:14:24,207 - data_analyzer.anomaly_detector - INFO - ✅ Phát hiện 0 anomalies 24h cho BNBUSDT
2025-05-26 06:14:24,208 - data_analyzer.anomaly_detector - INFO - 🔍 Phát hiện volume spikes cho BNBUSDT
2025-05-26 06:14:24,220 - data_analyzer.anomaly_detector - INFO - ✅ Phát hiện 0 volume spikes cho BNBUSDT
2025-05-26 06:14:24,221 - data_analyzer.anomaly_detector - INFO - 🔍 Phát hiện OI-Price divergence cho BNBUSDT
2025-05-26 06:14:24,225 - data_analyzer.anomaly_detector - INFO - ✅ Kiểm tra OI divergence cho BNBUSDT: 0 anomalies
2025-05-26 06:14:24,226 - data_analyzer.anomaly_detector - INFO - 🔍 Phát hiện anomalies correlation 24h cho BNBUSDT
2025-05-26 06:14:24,230 - data_analyzer.anomaly_detector - INFO - ✅ Correlation 24h BNBUSDT: 0.999
2025-05-26 06:14:24,231 - data_analyzer.anomaly_detector - INFO - 🔍 Phát hiện anomalies 30d cho BNBUSDT
2025-05-26 06:14:24,245 - data_analyzer.anomaly_detector - ERROR - ❌ Lỗi khi kiểm tra recent anomaly: '>=' not supported between instances of 'int' and 'datetime.datetime'
2025-05-26 06:14:24,246 - data_analyzer.anomaly_detector - ERROR - ❌ Lỗi khi kiểm tra recent anomaly: '>=' not supported between instances of 'int' and 'datetime.datetime'
2025-05-26 06:14:24,246 - data_analyzer.anomaly_detector - INFO - ✅ Phát hiện 2 anomalies 30d cho BNBUSDT
2025-05-26 06:14:24,247 - data_analyzer.anomaly_detector - INFO - 🔍 Phát hiện anomalies correlation 30d cho BNBUSDT
2025-05-26 06:14:24,272 - data_analyzer.anomaly_detector - INFO - ✅ Phát hiện 2 anomalies cho BNBUSDT
2025-05-26 06:14:24,272 - data_analyzer.anomaly_detector - INFO -    - 30d_Volume_USDT: 1
2025-05-26 06:14:24,273 - data_analyzer.anomaly_detector - INFO -    - 30d_Volume: 1
2025-05-26 06:14:24,275 - data_analyzer.anomaly_detector - INFO - 🔍 Phát hiện tất cả anomalies cho SOLUSDT
2025-05-26 06:14:24,276 - data_analyzer.anomaly_detector - INFO - 🔍 Phát hiện anomalies 24h cho SOLUSDT
2025-05-26 06:14:24,281 - data_analyzer.anomaly_detector - INFO - ✅ Phát hiện 0 anomalies 24h cho SOLUSDT
2025-05-26 06:14:24,282 - data_analyzer.anomaly_detector - INFO - 🔍 Phát hiện volume spikes cho SOLUSDT
2025-05-26 06:14:24,294 - data_analyzer.anomaly_detector - INFO - ✅ Phát hiện 0 volume spikes cho SOLUSDT
2025-05-26 06:14:24,294 - data_analyzer.anomaly_detector - INFO - 🔍 Phát hiện OI-Price divergence cho SOLUSDT
2025-05-26 06:14:24,299 - data_analyzer.anomaly_detector - INFO - ✅ Kiểm tra OI divergence cho SOLUSDT: 0 anomalies
2025-05-26 06:14:24,299 - data_analyzer.anomaly_detector - INFO - 🔍 Phát hiện anomalies correlation 24h cho SOLUSDT
2025-05-26 06:14:24,304 - data_analyzer.anomaly_detector - INFO - ✅ Correlation 24h SOLUSDT: 0.997
2025-05-26 06:14:24,305 - data_analyzer.anomaly_detector - INFO - 🔍 Phát hiện anomalies 30d cho SOLUSDT
2025-05-26 06:14:24,330 - data_analyzer.anomaly_detector - INFO - ✅ Phát hiện 0 anomalies 30d cho SOLUSDT
2025-05-26 06:14:24,330 - data_analyzer.anomaly_detector - INFO - 🔍 Phát hiện anomalies correlation 30d cho SOLUSDT
2025-05-26 06:14:24,351 - data_analyzer.anomaly_detector - INFO - ✅ Phát hiện 0 anomalies cho SOLUSDT
2025-05-26 06:14:24,353 - data_analyzer.anomaly_detector - INFO - 🔍 Phát hiện tất cả anomalies cho DOGEUSDT
2025-05-26 06:14:24,353 - data_analyzer.anomaly_detector - INFO - 🔍 Phát hiện anomalies 24h cho DOGEUSDT
2025-05-26 06:14:24,360 - data_analyzer.anomaly_detector - INFO - ✅ Phát hiện 0 anomalies 24h cho DOGEUSDT
2025-05-26 06:14:24,360 - data_analyzer.anomaly_detector - INFO - 🔍 Phát hiện volume spikes cho DOGEUSDT
2025-05-26 06:14:24,375 - data_analyzer.anomaly_detector - INFO - ✅ Phát hiện 0 volume spikes cho DOGEUSDT
2025-05-26 06:14:24,375 - data_analyzer.anomaly_detector - INFO - 🔍 Phát hiện OI-Price divergence cho DOGEUSDT
2025-05-26 06:14:24,380 - data_analyzer.anomaly_detector - INFO - ✅ Kiểm tra OI divergence cho DOGEUSDT: 0 anomalies
2025-05-26 06:14:24,380 - data_analyzer.anomaly_detector - INFO - 🔍 Phát hiện anomalies correlation 24h cho DOGEUSDT
2025-05-26 06:14:24,385 - data_analyzer.anomaly_detector - INFO - ✅ Correlation 24h DOGEUSDT: 0.994
2025-05-26 06:14:24,386 - data_analyzer.anomaly_detector - INFO - 🔍 Phát hiện anomalies 30d cho DOGEUSDT
2025-05-26 06:14:24,404 - data_analyzer.anomaly_detector - ERROR - ❌ Lỗi khi kiểm tra recent anomaly: '>=' not supported between instances of 'int' and 'datetime.datetime'
2025-05-26 06:14:24,405 - data_analyzer.anomaly_detector - ERROR - ❌ Lỗi khi kiểm tra recent anomaly: '>=' not supported between instances of 'int' and 'datetime.datetime'
2025-05-26 06:14:24,405 - data_analyzer.anomaly_detector - INFO - ✅ Phát hiện 4 anomalies 30d cho DOGEUSDT
2025-05-26 06:14:24,406 - data_analyzer.anomaly_detector - INFO - 🔍 Phát hiện anomalies correlation 30d cho DOGEUSDT
2025-05-26 06:14:24,440 - data_analyzer.anomaly_detector - INFO - ✅ Phát hiện 4 anomalies cho DOGEUSDT
2025-05-26 06:14:24,440 - data_analyzer.anomaly_detector - INFO -    - 30d_OI_Value: 1
2025-05-26 06:14:24,441 - data_analyzer.anomaly_detector - INFO -    - 30d_Avg_OI_Value: 1
2025-05-26 06:14:24,441 - data_analyzer.anomaly_detector - INFO -    - 30d_Volume_USDT: 1
2025-05-26 06:14:24,442 - data_analyzer.anomaly_detector - INFO -    - 30d_Volume: 1
2025-05-26 06:29:24,715 - data_analyzer.anomaly_detector - INFO - 🔧 Khởi tạo OptimizedAnomalyDetector với ngưỡng 2.5
2025-05-26 06:29:24,717 - data_analyzer.anomaly_detector - INFO - 🔍 Phát hiện tất cả anomalies cho BTCUSDT
2025-05-26 06:29:24,718 - data_analyzer.anomaly_detector - INFO - 🔍 Phát hiện anomalies 24h cho BTCUSDT
2025-05-26 06:29:24,731 - data_analyzer.anomaly_detector - INFO - ✅ Phát hiện 0 anomalies 24h cho BTCUSDT
2025-05-26 06:29:24,732 - data_analyzer.anomaly_detector - INFO - 🔍 Phát hiện volume spikes cho BTCUSDT
2025-05-26 06:29:24,756 - data_analyzer.anomaly_detector - INFO - ✅ Phát hiện 0 volume spikes cho BTCUSDT
2025-05-26 06:29:24,757 - data_analyzer.anomaly_detector - INFO - 🔍 Phát hiện OI-Price divergence cho BTCUSDT
2025-05-26 06:29:24,763 - data_analyzer.anomaly_detector - INFO - ✅ Kiểm tra OI divergence cho BTCUSDT: 0 anomalies
2025-05-26 06:29:24,764 - data_analyzer.anomaly_detector - INFO - 🔍 Phát hiện anomalies correlation 24h cho BTCUSDT
2025-05-26 06:29:24,770 - data_analyzer.anomaly_detector - INFO - ✅ Correlation 24h BTCUSDT: 0.999
2025-05-26 06:29:24,771 - data_analyzer.anomaly_detector - INFO - 🔍 Phát hiện anomalies 30d cho BTCUSDT
2025-05-26 06:29:24,794 - data_analyzer.anomaly_detector - ERROR - ❌ Lỗi khi kiểm tra recent anomaly: '>=' not supported between instances of 'int' and 'datetime.datetime'
2025-05-26 06:29:24,795 - data_analyzer.anomaly_detector - ERROR - ❌ Lỗi khi kiểm tra recent anomaly: '>=' not supported between instances of 'int' and 'datetime.datetime'
2025-05-26 06:29:24,796 - data_analyzer.anomaly_detector - INFO - ✅ Phát hiện 6 anomalies 30d cho BTCUSDT
2025-05-26 06:29:24,797 - data_analyzer.anomaly_detector - INFO - 🔍 Phát hiện anomalies correlation 30d cho BTCUSDT
2025-05-26 06:29:24,850 - data_analyzer.anomaly_detector - INFO - ✅ Phát hiện 6 anomalies cho BTCUSDT
2025-05-26 06:29:24,850 - data_analyzer.anomaly_detector - INFO -    - 30d_OI_Value: 2
2025-05-26 06:29:24,851 - data_analyzer.anomaly_detector - INFO -    - 30d_Avg_OI_Value: 2
2025-05-26 06:29:24,851 - data_analyzer.anomaly_detector - INFO -    - 30d_Volume_USDT: 1
2025-05-26 06:29:24,852 - data_analyzer.anomaly_detector - INFO -    - 30d_Volume: 1
2025-05-26 06:29:24,855 - data_analyzer.anomaly_detector - INFO - 🔍 Phát hiện tất cả anomalies cho ETHUSDT
2025-05-26 06:29:24,855 - data_analyzer.anomaly_detector - INFO - 🔍 Phát hiện anomalies 24h cho ETHUSDT
2025-05-26 06:29:24,863 - data_analyzer.anomaly_detector - INFO - ✅ Phát hiện 0 anomalies 24h cho ETHUSDT
2025-05-26 06:29:24,863 - data_analyzer.anomaly_detector - INFO - 🔍 Phát hiện volume spikes cho ETHUSDT
2025-05-26 06:29:24,877 - data_analyzer.anomaly_detector - INFO - ✅ Phát hiện 0 volume spikes cho ETHUSDT
2025-05-26 06:29:24,878 - data_analyzer.anomaly_detector - INFO - 🔍 Phát hiện OI-Price divergence cho ETHUSDT
2025-05-26 06:29:24,883 - data_analyzer.anomaly_detector - INFO - ✅ Kiểm tra OI divergence cho ETHUSDT: 0 anomalies
2025-05-26 06:29:24,883 - data_analyzer.anomaly_detector - INFO - 🔍 Phát hiện anomalies correlation 24h cho ETHUSDT
2025-05-26 06:29:24,889 - data_analyzer.anomaly_detector - INFO - ✅ Correlation 24h ETHUSDT: 0.989
2025-05-26 06:29:24,889 - data_analyzer.anomaly_detector - INFO - 🔍 Phát hiện anomalies 30d cho ETHUSDT
2025-05-26 06:29:24,907 - data_analyzer.anomaly_detector - ERROR - ❌ Lỗi khi kiểm tra recent anomaly: '>=' not supported between instances of 'int' and 'datetime.datetime'
2025-05-26 06:29:24,908 - data_analyzer.anomaly_detector - INFO - ✅ Phát hiện 3 anomalies 30d cho ETHUSDT
2025-05-26 06:29:24,908 - data_analyzer.anomaly_detector - INFO - 🔍 Phát hiện anomalies correlation 30d cho ETHUSDT
2025-05-26 06:29:24,937 - data_analyzer.anomaly_detector - INFO - ✅ Phát hiện 3 anomalies cho ETHUSDT
2025-05-26 06:29:24,938 - data_analyzer.anomaly_detector - INFO -    - 30d_OI_Value: 1
2025-05-26 06:29:24,938 - data_analyzer.anomaly_detector - INFO -    - 30d_Avg_OI_Value: 1
2025-05-26 06:29:24,939 - data_analyzer.anomaly_detector - INFO -    - 30d_Volume: 1
2025-05-26 06:29:24,942 - data_analyzer.anomaly_detector - INFO - 🔍 Phát hiện tất cả anomalies cho BNBUSDT
2025-05-26 06:29:24,942 - data_analyzer.anomaly_detector - INFO - 🔍 Phát hiện anomalies 24h cho BNBUSDT
2025-05-26 06:29:24,949 - data_analyzer.anomaly_detector - INFO - ✅ Phát hiện 0 anomalies 24h cho BNBUSDT
2025-05-26 06:29:24,949 - data_analyzer.anomaly_detector - INFO - 🔍 Phát hiện volume spikes cho BNBUSDT
2025-05-26 06:29:24,963 - data_analyzer.anomaly_detector - INFO - ✅ Phát hiện 0 volume spikes cho BNBUSDT
2025-05-26 06:29:24,963 - data_analyzer.anomaly_detector - INFO - 🔍 Phát hiện OI-Price divergence cho BNBUSDT
2025-05-26 06:29:24,968 - data_analyzer.anomaly_detector - INFO - ✅ Kiểm tra OI divergence cho BNBUSDT: 0 anomalies
2025-05-26 06:29:24,969 - data_analyzer.anomaly_detector - INFO - 🔍 Phát hiện anomalies correlation 24h cho BNBUSDT
2025-05-26 06:29:24,974 - data_analyzer.anomaly_detector - INFO - ✅ Correlation 24h BNBUSDT: 0.999
2025-05-26 06:29:24,975 - data_analyzer.anomaly_detector - INFO - 🔍 Phát hiện anomalies 30d cho BNBUSDT
2025-05-26 06:29:24,991 - data_analyzer.anomaly_detector - ERROR - ❌ Lỗi khi kiểm tra recent anomaly: '>=' not supported between instances of 'int' and 'datetime.datetime'
2025-05-26 06:29:24,992 - data_analyzer.anomaly_detector - ERROR - ❌ Lỗi khi kiểm tra recent anomaly: '>=' not supported between instances of 'int' and 'datetime.datetime'
2025-05-26 06:29:24,992 - data_analyzer.anomaly_detector - INFO - ✅ Phát hiện 2 anomalies 30d cho BNBUSDT
2025-05-26 06:29:24,993 - data_analyzer.anomaly_detector - INFO - 🔍 Phát hiện anomalies correlation 30d cho BNBUSDT
2025-05-26 06:29:25,018 - data_analyzer.anomaly_detector - INFO - ✅ Phát hiện 2 anomalies cho BNBUSDT
2025-05-26 06:29:25,019 - data_analyzer.anomaly_detector - INFO -    - 30d_Volume_USDT: 1
2025-05-26 06:29:25,019 - data_analyzer.anomaly_detector - INFO -    - 30d_Volume: 1
2025-05-26 06:29:25,022 - data_analyzer.anomaly_detector - INFO - 🔍 Phát hiện tất cả anomalies cho SOLUSDT
2025-05-26 06:29:25,022 - data_analyzer.anomaly_detector - INFO - 🔍 Phát hiện anomalies 24h cho SOLUSDT
2025-05-26 06:29:25,029 - data_analyzer.anomaly_detector - INFO - ✅ Phát hiện 0 anomalies 24h cho SOLUSDT
2025-05-26 06:29:25,029 - data_analyzer.anomaly_detector - INFO - 🔍 Phát hiện volume spikes cho SOLUSDT
2025-05-26 06:29:25,043 - data_analyzer.anomaly_detector - INFO - ✅ Phát hiện 0 volume spikes cho SOLUSDT
2025-05-26 06:29:25,044 - data_analyzer.anomaly_detector - INFO - 🔍 Phát hiện OI-Price divergence cho SOLUSDT
2025-05-26 06:29:25,048 - data_analyzer.anomaly_detector - INFO - ✅ Kiểm tra OI divergence cho SOLUSDT: 0 anomalies
2025-05-26 06:29:25,049 - data_analyzer.anomaly_detector - INFO - 🔍 Phát hiện anomalies correlation 24h cho SOLUSDT
2025-05-26 06:29:25,054 - data_analyzer.anomaly_detector - INFO - ✅ Correlation 24h SOLUSDT: 0.997
2025-05-26 06:29:25,055 - data_analyzer.anomaly_detector - INFO - 🔍 Phát hiện anomalies 30d cho SOLUSDT
2025-05-26 06:29:25,071 - data_analyzer.anomaly_detector - INFO - ✅ Phát hiện 0 anomalies 30d cho SOLUSDT
2025-05-26 06:29:25,071 - data_analyzer.anomaly_detector - INFO - 🔍 Phát hiện anomalies correlation 30d cho SOLUSDT
2025-05-26 06:29:25,089 - data_analyzer.anomaly_detector - INFO - ✅ Phát hiện 0 anomalies cho SOLUSDT
2025-05-26 06:29:25,090 - data_analyzer.anomaly_detector - INFO - 🔍 Phát hiện tất cả anomalies cho DOGEUSDT
2025-05-26 06:29:25,091 - data_analyzer.anomaly_detector - INFO - 🔍 Phát hiện anomalies 24h cho DOGEUSDT
2025-05-26 06:29:25,097 - data_analyzer.anomaly_detector - INFO - ✅ Phát hiện 0 anomalies 24h cho DOGEUSDT
2025-05-26 06:29:25,098 - data_analyzer.anomaly_detector - INFO - 🔍 Phát hiện volume spikes cho DOGEUSDT
2025-05-26 06:29:25,111 - data_analyzer.anomaly_detector - INFO - ✅ Phát hiện 0 volume spikes cho DOGEUSDT
2025-05-26 06:29:25,112 - data_analyzer.anomaly_detector - INFO - 🔍 Phát hiện OI-Price divergence cho DOGEUSDT
2025-05-26 06:29:25,116 - data_analyzer.anomaly_detector - INFO - ✅ Kiểm tra OI divergence cho DOGEUSDT: 0 anomalies
2025-05-26 06:29:25,117 - data_analyzer.anomaly_detector - INFO - 🔍 Phát hiện anomalies correlation 24h cho DOGEUSDT
2025-05-26 06:29:25,122 - data_analyzer.anomaly_detector - INFO - ✅ Correlation 24h DOGEUSDT: 0.994
2025-05-26 06:29:25,123 - data_analyzer.anomaly_detector - INFO - 🔍 Phát hiện anomalies 30d cho DOGEUSDT
2025-05-26 06:29:25,140 - data_analyzer.anomaly_detector - ERROR - ❌ Lỗi khi kiểm tra recent anomaly: '>=' not supported between instances of 'int' and 'datetime.datetime'
2025-05-26 06:29:25,141 - data_analyzer.anomaly_detector - ERROR - ❌ Lỗi khi kiểm tra recent anomaly: '>=' not supported between instances of 'int' and 'datetime.datetime'
2025-05-26 06:29:25,142 - data_analyzer.anomaly_detector - INFO - ✅ Phát hiện 4 anomalies 30d cho DOGEUSDT
2025-05-26 06:29:25,142 - data_analyzer.anomaly_detector - INFO - 🔍 Phát hiện anomalies correlation 30d cho DOGEUSDT
2025-05-26 06:29:25,175 - data_analyzer.anomaly_detector - INFO - ✅ Phát hiện 4 anomalies cho DOGEUSDT
2025-05-26 06:29:25,176 - data_analyzer.anomaly_detector - INFO -    - 30d_OI_Value: 1
2025-05-26 06:29:25,177 - data_analyzer.anomaly_detector - INFO -    - 30d_Avg_OI_Value: 1
2025-05-26 06:29:25,177 - data_analyzer.anomaly_detector - INFO -    - 30d_Volume_USDT: 1
2025-05-26 06:29:25,178 - data_analyzer.anomaly_detector - INFO -    - 30d_Volume: 1
2025-05-26 06:44:45,416 - data_analyzer.anomaly_detector - INFO - 🔧 Khởi tạo OptimizedAnomalyDetector với ngưỡng 2.5
2025-05-26 06:44:45,418 - data_analyzer.anomaly_detector - INFO - 🔍 Phát hiện tất cả anomalies cho BTCUSDT
2025-05-26 06:44:45,419 - data_analyzer.anomaly_detector - INFO - 🔍 Phát hiện anomalies 24h cho BTCUSDT
2025-05-26 06:44:45,431 - data_analyzer.anomaly_detector - INFO - ✅ Phát hiện 0 anomalies 24h cho BTCUSDT
2025-05-26 06:44:45,432 - data_analyzer.anomaly_detector - INFO - 🔍 Phát hiện volume spikes cho BTCUSDT
2025-05-26 06:44:45,450 - data_analyzer.anomaly_detector - INFO - ✅ Phát hiện 0 volume spikes cho BTCUSDT
2025-05-26 06:44:45,451 - data_analyzer.anomaly_detector - INFO - 🔍 Phát hiện OI-Price divergence cho BTCUSDT
2025-05-26 06:44:45,457 - data_analyzer.anomaly_detector - INFO - ✅ Kiểm tra OI divergence cho BTCUSDT: 0 anomalies
2025-05-26 06:44:45,458 - data_analyzer.anomaly_detector - INFO - 🔍 Phát hiện anomalies correlation 24h cho BTCUSDT
2025-05-26 06:44:45,465 - data_analyzer.anomaly_detector - INFO - ✅ Correlation 24h BTCUSDT: 0.999
2025-05-26 06:44:45,466 - data_analyzer.anomaly_detector - INFO - 🔍 Phát hiện anomalies 30d cho BTCUSDT
2025-05-26 06:44:45,484 - data_analyzer.anomaly_detector - ERROR - ❌ Lỗi khi kiểm tra recent anomaly: '>=' not supported between instances of 'int' and 'datetime.datetime'
2025-05-26 06:44:45,484 - data_analyzer.anomaly_detector - ERROR - ❌ Lỗi khi kiểm tra recent anomaly: '>=' not supported between instances of 'int' and 'datetime.datetime'
2025-05-26 06:44:45,485 - data_analyzer.anomaly_detector - INFO - ✅ Phát hiện 2 anomalies 30d cho BTCUSDT
2025-05-26 06:44:45,486 - data_analyzer.anomaly_detector - INFO - 🔍 Phát hiện anomalies correlation 30d cho BTCUSDT
2025-05-26 06:44:45,516 - data_analyzer.anomaly_detector - INFO - ✅ Phát hiện 2 anomalies cho BTCUSDT
2025-05-26 06:44:45,516 - data_analyzer.anomaly_detector - INFO -    - 30d_Volume_USDT: 1
2025-05-26 06:44:45,517 - data_analyzer.anomaly_detector - INFO -    - 30d_Volume: 1
2025-05-26 06:44:45,519 - data_analyzer.anomaly_detector - INFO - 🔍 Phát hiện tất cả anomalies cho ETHUSDT
2025-05-26 06:44:45,520 - data_analyzer.anomaly_detector - INFO - 🔍 Phát hiện anomalies 24h cho ETHUSDT
2025-05-26 06:44:45,527 - data_analyzer.anomaly_detector - INFO - ✅ Phát hiện 0 anomalies 24h cho ETHUSDT
2025-05-26 06:44:45,528 - data_analyzer.anomaly_detector - INFO - 🔍 Phát hiện volume spikes cho ETHUSDT
2025-05-26 06:44:45,542 - data_analyzer.anomaly_detector - INFO - ✅ Phát hiện 0 volume spikes cho ETHUSDT
2025-05-26 06:44:45,542 - data_analyzer.anomaly_detector - INFO - 🔍 Phát hiện OI-Price divergence cho ETHUSDT
2025-05-26 06:44:45,547 - data_analyzer.anomaly_detector - INFO - ✅ Kiểm tra OI divergence cho ETHUSDT: 0 anomalies
2025-05-26 06:44:45,548 - data_analyzer.anomaly_detector - INFO - 🔍 Phát hiện anomalies correlation 24h cho ETHUSDT
2025-05-26 06:44:45,553 - data_analyzer.anomaly_detector - INFO - ✅ Correlation 24h ETHUSDT: 0.989
2025-05-26 06:44:45,554 - data_analyzer.anomaly_detector - INFO - 🔍 Phát hiện anomalies 30d cho ETHUSDT
2025-05-26 06:44:45,570 - data_analyzer.anomaly_detector - ERROR - ❌ Lỗi khi kiểm tra recent anomaly: '>=' not supported between instances of 'int' and 'datetime.datetime'
2025-05-26 06:44:45,570 - data_analyzer.anomaly_detector - INFO - ✅ Phát hiện 1 anomalies 30d cho ETHUSDT
2025-05-26 06:44:45,571 - data_analyzer.anomaly_detector - INFO - 🔍 Phát hiện anomalies correlation 30d cho ETHUSDT
2025-05-26 06:44:45,593 - data_analyzer.anomaly_detector - INFO - ✅ Phát hiện 1 anomalies cho ETHUSDT
2025-05-26 06:44:45,593 - data_analyzer.anomaly_detector - INFO -    - 30d_Volume: 1
2025-05-26 06:44:45,595 - data_analyzer.anomaly_detector - INFO - 🔍 Phát hiện tất cả anomalies cho BNBUSDT
2025-05-26 06:44:45,596 - data_analyzer.anomaly_detector - INFO - 🔍 Phát hiện anomalies 24h cho BNBUSDT
2025-05-26 06:44:45,602 - data_analyzer.anomaly_detector - INFO - ✅ Phát hiện 0 anomalies 24h cho BNBUSDT
2025-05-26 06:44:45,602 - data_analyzer.anomaly_detector - INFO - 🔍 Phát hiện volume spikes cho BNBUSDT
2025-05-26 06:44:45,616 - data_analyzer.anomaly_detector - INFO - ✅ Phát hiện 0 volume spikes cho BNBUSDT
2025-05-26 06:44:45,617 - data_analyzer.anomaly_detector - INFO - 🔍 Phát hiện OI-Price divergence cho BNBUSDT
2025-05-26 06:44:45,621 - data_analyzer.anomaly_detector - INFO - ✅ Kiểm tra OI divergence cho BNBUSDT: 0 anomalies
2025-05-26 06:44:45,622 - data_analyzer.anomaly_detector - INFO - 🔍 Phát hiện anomalies correlation 24h cho BNBUSDT
2025-05-26 06:44:45,627 - data_analyzer.anomaly_detector - INFO - ✅ Correlation 24h BNBUSDT: 0.999
2025-05-26 06:44:45,628 - data_analyzer.anomaly_detector - INFO - 🔍 Phát hiện anomalies 30d cho BNBUSDT
2025-05-26 06:44:45,648 - data_analyzer.anomaly_detector - ERROR - ❌ Lỗi khi kiểm tra recent anomaly: '>=' not supported between instances of 'int' and 'datetime.datetime'
2025-05-26 06:44:45,648 - data_analyzer.anomaly_detector - ERROR - ❌ Lỗi khi kiểm tra recent anomaly: '>=' not supported between instances of 'int' and 'datetime.datetime'
2025-05-26 06:44:45,649 - data_analyzer.anomaly_detector - INFO - ✅ Phát hiện 3 anomalies 30d cho BNBUSDT
2025-05-26 06:44:45,650 - data_analyzer.anomaly_detector - INFO - 🔍 Phát hiện anomalies correlation 30d cho BNBUSDT
2025-05-26 06:44:45,678 - data_analyzer.anomaly_detector - INFO - ✅ Phát hiện 3 anomalies cho BNBUSDT
2025-05-26 06:44:45,679 - data_analyzer.anomaly_detector - INFO -    - 30d_OI: 1
2025-05-26 06:44:45,679 - data_analyzer.anomaly_detector - INFO -    - 30d_Volume_USDT: 1
2025-05-26 06:44:45,680 - data_analyzer.anomaly_detector - INFO -    - 30d_Volume: 1
2025-05-26 06:44:45,683 - data_analyzer.anomaly_detector - INFO - 🔍 Phát hiện tất cả anomalies cho SOLUSDT
2025-05-26 06:44:45,683 - data_analyzer.anomaly_detector - INFO - 🔍 Phát hiện anomalies 24h cho SOLUSDT
2025-05-26 06:44:45,690 - data_analyzer.anomaly_detector - INFO - ✅ Phát hiện 0 anomalies 24h cho SOLUSDT
2025-05-26 06:44:45,690 - data_analyzer.anomaly_detector - INFO - 🔍 Phát hiện volume spikes cho SOLUSDT
2025-05-26 06:44:45,704 - data_analyzer.anomaly_detector - INFO - ✅ Phát hiện 0 volume spikes cho SOLUSDT
2025-05-26 06:44:45,705 - data_analyzer.anomaly_detector - INFO - 🔍 Phát hiện OI-Price divergence cho SOLUSDT
2025-05-26 06:44:45,710 - data_analyzer.anomaly_detector - INFO - ✅ Kiểm tra OI divergence cho SOLUSDT: 0 anomalies
2025-05-26 06:44:45,710 - data_analyzer.anomaly_detector - INFO - 🔍 Phát hiện anomalies correlation 24h cho SOLUSDT
2025-05-26 06:44:45,716 - data_analyzer.anomaly_detector - INFO - ✅ Correlation 24h SOLUSDT: 0.997
2025-05-26 06:44:45,716 - data_analyzer.anomaly_detector - INFO - 🔍 Phát hiện anomalies 30d cho SOLUSDT
2025-05-26 06:44:45,731 - data_analyzer.anomaly_detector - INFO - ✅ Phát hiện 0 anomalies 30d cho SOLUSDT
2025-05-26 06:44:45,732 - data_analyzer.anomaly_detector - INFO - 🔍 Phát hiện anomalies correlation 30d cho SOLUSDT
2025-05-26 06:44:45,749 - data_analyzer.anomaly_detector - INFO - ✅ Phát hiện 0 anomalies cho SOLUSDT
2025-05-26 06:44:45,751 - data_analyzer.anomaly_detector - INFO - 🔍 Phát hiện tất cả anomalies cho DOGEUSDT
2025-05-26 06:44:45,752 - data_analyzer.anomaly_detector - INFO - 🔍 Phát hiện anomalies 24h cho DOGEUSDT
2025-05-26 06:44:45,758 - data_analyzer.anomaly_detector - INFO - ✅ Phát hiện 0 anomalies 24h cho DOGEUSDT
2025-05-26 06:44:45,758 - data_analyzer.anomaly_detector - INFO - 🔍 Phát hiện volume spikes cho DOGEUSDT
2025-05-26 06:44:45,772 - data_analyzer.anomaly_detector - INFO - ✅ Phát hiện 0 volume spikes cho DOGEUSDT
2025-05-26 06:44:45,772 - data_analyzer.anomaly_detector - INFO - 🔍 Phát hiện OI-Price divergence cho DOGEUSDT
2025-05-26 06:44:45,777 - data_analyzer.anomaly_detector - INFO - ✅ Kiểm tra OI divergence cho DOGEUSDT: 0 anomalies
2025-05-26 06:44:45,777 - data_analyzer.anomaly_detector - INFO - 🔍 Phát hiện anomalies correlation 24h cho DOGEUSDT
2025-05-26 06:44:45,783 - data_analyzer.anomaly_detector - INFO - ✅ Correlation 24h DOGEUSDT: 0.994
2025-05-26 06:44:45,783 - data_analyzer.anomaly_detector - INFO - 🔍 Phát hiện anomalies 30d cho DOGEUSDT
2025-05-26 06:44:45,801 - data_analyzer.anomaly_detector - ERROR - ❌ Lỗi khi kiểm tra recent anomaly: '>=' not supported between instances of 'int' and 'datetime.datetime'
2025-05-26 06:44:45,801 - data_analyzer.anomaly_detector - ERROR - ❌ Lỗi khi kiểm tra recent anomaly: '>=' not supported between instances of 'int' and 'datetime.datetime'
2025-05-26 06:44:45,802 - data_analyzer.anomaly_detector - INFO - ✅ Phát hiện 4 anomalies 30d cho DOGEUSDT
2025-05-26 06:44:45,803 - data_analyzer.anomaly_detector - INFO - 🔍 Phát hiện anomalies correlation 30d cho DOGEUSDT
2025-05-26 06:44:45,836 - data_analyzer.anomaly_detector - INFO - ✅ Phát hiện 4 anomalies cho DOGEUSDT
2025-05-26 06:44:45,837 - data_analyzer.anomaly_detector - INFO -    - 30d_OI_Value: 1
2025-05-26 06:44:45,837 - data_analyzer.anomaly_detector - INFO -    - 30d_Avg_OI_Value: 1
2025-05-26 06:44:45,838 - data_analyzer.anomaly_detector - INFO -    - 30d_Volume_USDT: 1
2025-05-26 06:44:45,838 - data_analyzer.anomaly_detector - INFO -    - 30d_Volume: 1
2025-05-26 06:59:46,026 - data_analyzer.anomaly_detector - INFO - 🔧 Khởi tạo OptimizedAnomalyDetector với ngưỡng 2.5
2025-05-26 06:59:46,029 - data_analyzer.anomaly_detector - INFO - 🔍 Phát hiện tất cả anomalies cho BTCUSDT
2025-05-26 06:59:46,031 - data_analyzer.anomaly_detector - INFO - 🔍 Phát hiện anomalies 24h cho BTCUSDT
2025-05-26 06:59:46,043 - data_analyzer.anomaly_detector - INFO - ✅ Phát hiện 0 anomalies 24h cho BTCUSDT
2025-05-26 06:59:46,044 - data_analyzer.anomaly_detector - INFO - 🔍 Phát hiện volume spikes cho BTCUSDT
2025-05-26 06:59:46,068 - data_analyzer.anomaly_detector - INFO - ✅ Phát hiện 0 volume spikes cho BTCUSDT
2025-05-26 06:59:46,069 - data_analyzer.anomaly_detector - INFO - 🔍 Phát hiện OI-Price divergence cho BTCUSDT
2025-05-26 06:59:46,074 - data_analyzer.anomaly_detector - INFO - ✅ Kiểm tra OI divergence cho BTCUSDT: 0 anomalies
2025-05-26 06:59:46,075 - data_analyzer.anomaly_detector - INFO - 🔍 Phát hiện anomalies correlation 24h cho BTCUSDT
2025-05-26 06:59:46,083 - data_analyzer.anomaly_detector - INFO - ✅ Correlation 24h BTCUSDT: 0.999
2025-05-26 06:59:46,084 - data_analyzer.anomaly_detector - INFO - 🔍 Phát hiện anomalies 30d cho BTCUSDT
2025-05-26 06:59:46,103 - data_analyzer.anomaly_detector - ERROR - ❌ Lỗi khi kiểm tra recent anomaly: '>=' not supported between instances of 'int' and 'datetime.datetime'
2025-05-26 06:59:46,104 - data_analyzer.anomaly_detector - ERROR - ❌ Lỗi khi kiểm tra recent anomaly: '>=' not supported between instances of 'int' and 'datetime.datetime'
2025-05-26 06:59:46,105 - data_analyzer.anomaly_detector - INFO - ✅ Phát hiện 2 anomalies 30d cho BTCUSDT
2025-05-26 06:59:46,105 - data_analyzer.anomaly_detector - INFO - 🔍 Phát hiện anomalies correlation 30d cho BTCUSDT
2025-05-26 06:59:46,137 - data_analyzer.anomaly_detector - INFO - ✅ Phát hiện 2 anomalies cho BTCUSDT
2025-05-26 06:59:46,137 - data_analyzer.anomaly_detector - INFO -    - 30d_Volume_USDT: 1
2025-05-26 06:59:46,138 - data_analyzer.anomaly_detector - INFO -    - 30d_Volume: 1
2025-05-26 06:59:46,141 - data_analyzer.anomaly_detector - INFO - 🔍 Phát hiện tất cả anomalies cho ETHUSDT
2025-05-26 06:59:46,141 - data_analyzer.anomaly_detector - INFO - 🔍 Phát hiện anomalies 24h cho ETHUSDT
2025-05-26 06:59:46,148 - data_analyzer.anomaly_detector - INFO - ✅ Phát hiện 0 anomalies 24h cho ETHUSDT
2025-05-26 06:59:46,149 - data_analyzer.anomaly_detector - INFO - 🔍 Phát hiện volume spikes cho ETHUSDT
2025-05-26 06:59:46,164 - data_analyzer.anomaly_detector - INFO - ✅ Phát hiện 0 volume spikes cho ETHUSDT
2025-05-26 06:59:46,164 - data_analyzer.anomaly_detector - INFO - 🔍 Phát hiện OI-Price divergence cho ETHUSDT
2025-05-26 06:59:46,169 - data_analyzer.anomaly_detector - INFO - ✅ Kiểm tra OI divergence cho ETHUSDT: 0 anomalies
2025-05-26 06:59:46,170 - data_analyzer.anomaly_detector - INFO - 🔍 Phát hiện anomalies correlation 24h cho ETHUSDT
2025-05-26 06:59:46,175 - data_analyzer.anomaly_detector - INFO - ✅ Correlation 24h ETHUSDT: 0.989
2025-05-26 06:59:46,176 - data_analyzer.anomaly_detector - INFO - 🔍 Phát hiện anomalies 30d cho ETHUSDT
2025-05-26 06:59:46,192 - data_analyzer.anomaly_detector - ERROR - ❌ Lỗi khi kiểm tra recent anomaly: '>=' not supported between instances of 'int' and 'datetime.datetime'
2025-05-26 06:59:46,193 - data_analyzer.anomaly_detector - INFO - ✅ Phát hiện 1 anomalies 30d cho ETHUSDT
2025-05-26 06:59:46,193 - data_analyzer.anomaly_detector - INFO - 🔍 Phát hiện anomalies correlation 30d cho ETHUSDT
2025-05-26 06:59:46,215 - data_analyzer.anomaly_detector - INFO - ✅ Phát hiện 1 anomalies cho ETHUSDT
2025-05-26 06:59:46,216 - data_analyzer.anomaly_detector - INFO -    - 30d_Volume: 1
2025-05-26 06:59:46,217 - data_analyzer.anomaly_detector - INFO - 🔍 Phát hiện tất cả anomalies cho BNBUSDT
2025-05-26 06:59:46,218 - data_analyzer.anomaly_detector - INFO - 🔍 Phát hiện anomalies 24h cho BNBUSDT
2025-05-26 06:59:46,225 - data_analyzer.anomaly_detector - INFO - ✅ Phát hiện 0 anomalies 24h cho BNBUSDT
2025-05-26 06:59:46,225 - data_analyzer.anomaly_detector - INFO - 🔍 Phát hiện volume spikes cho BNBUSDT
2025-05-26 06:59:46,238 - data_analyzer.anomaly_detector - INFO - ✅ Phát hiện 0 volume spikes cho BNBUSDT
2025-05-26 06:59:46,239 - data_analyzer.anomaly_detector - INFO - 🔍 Phát hiện OI-Price divergence cho BNBUSDT
2025-05-26 06:59:46,244 - data_analyzer.anomaly_detector - INFO - ✅ Kiểm tra OI divergence cho BNBUSDT: 0 anomalies
2025-05-26 06:59:46,244 - data_analyzer.anomaly_detector - INFO - 🔍 Phát hiện anomalies correlation 24h cho BNBUSDT
2025-05-26 06:59:46,250 - data_analyzer.anomaly_detector - INFO - ✅ Correlation 24h BNBUSDT: 0.999
2025-05-26 06:59:46,250 - data_analyzer.anomaly_detector - INFO - 🔍 Phát hiện anomalies 30d cho BNBUSDT
2025-05-26 06:59:46,267 - data_analyzer.anomaly_detector - ERROR - ❌ Lỗi khi kiểm tra recent anomaly: '>=' not supported between instances of 'int' and 'datetime.datetime'
2025-05-26 06:59:46,267 - data_analyzer.anomaly_detector - ERROR - ❌ Lỗi khi kiểm tra recent anomaly: '>=' not supported between instances of 'int' and 'datetime.datetime'
2025-05-26 06:59:46,268 - data_analyzer.anomaly_detector - INFO - ✅ Phát hiện 3 anomalies 30d cho BNBUSDT
2025-05-26 06:59:46,268 - data_analyzer.anomaly_detector - INFO - 🔍 Phát hiện anomalies correlation 30d cho BNBUSDT
2025-05-26 06:59:46,297 - data_analyzer.anomaly_detector - INFO - ✅ Phát hiện 3 anomalies cho BNBUSDT
2025-05-26 06:59:46,298 - data_analyzer.anomaly_detector - INFO -    - 30d_OI: 1
2025-05-26 06:59:46,298 - data_analyzer.anomaly_detector - INFO -    - 30d_Volume_USDT: 1
2025-05-26 06:59:46,299 - data_analyzer.anomaly_detector - INFO -    - 30d_Volume: 1
2025-05-26 06:59:46,301 - data_analyzer.anomaly_detector - INFO - 🔍 Phát hiện tất cả anomalies cho SOLUSDT
2025-05-26 06:59:46,302 - data_analyzer.anomaly_detector - INFO - 🔍 Phát hiện anomalies 24h cho SOLUSDT
2025-05-26 06:59:46,308 - data_analyzer.anomaly_detector - INFO - ✅ Phát hiện 0 anomalies 24h cho SOLUSDT
2025-05-26 06:59:46,308 - data_analyzer.anomaly_detector - INFO - 🔍 Phát hiện volume spikes cho SOLUSDT
2025-05-26 06:59:46,322 - data_analyzer.anomaly_detector - INFO - ✅ Phát hiện 0 volume spikes cho SOLUSDT
2025-05-26 06:59:46,322 - data_analyzer.anomaly_detector - INFO - 🔍 Phát hiện OI-Price divergence cho SOLUSDT
2025-05-26 06:59:46,328 - data_analyzer.anomaly_detector - INFO - ✅ Kiểm tra OI divergence cho SOLUSDT: 0 anomalies
2025-05-26 06:59:46,329 - data_analyzer.anomaly_detector - INFO - 🔍 Phát hiện anomalies correlation 24h cho SOLUSDT
2025-05-26 06:59:46,334 - data_analyzer.anomaly_detector - INFO - ✅ Correlation 24h SOLUSDT: 0.997
2025-05-26 06:59:46,334 - data_analyzer.anomaly_detector - INFO - 🔍 Phát hiện anomalies 30d cho SOLUSDT
2025-05-26 06:59:46,349 - data_analyzer.anomaly_detector - INFO - ✅ Phát hiện 0 anomalies 30d cho SOLUSDT
2025-05-26 06:59:46,350 - data_analyzer.anomaly_detector - INFO - 🔍 Phát hiện anomalies correlation 30d cho SOLUSDT
2025-05-26 06:59:46,367 - data_analyzer.anomaly_detector - INFO - ✅ Phát hiện 0 anomalies cho SOLUSDT
2025-05-26 06:59:46,369 - data_analyzer.anomaly_detector - INFO - 🔍 Phát hiện tất cả anomalies cho DOGEUSDT
2025-05-26 06:59:46,369 - data_analyzer.anomaly_detector - INFO - 🔍 Phát hiện anomalies 24h cho DOGEUSDT
2025-05-26 06:59:46,375 - data_analyzer.anomaly_detector - INFO - ✅ Phát hiện 0 anomalies 24h cho DOGEUSDT
2025-05-26 06:59:46,376 - data_analyzer.anomaly_detector - INFO - 🔍 Phát hiện volume spikes cho DOGEUSDT
2025-05-26 06:59:46,389 - data_analyzer.anomaly_detector - INFO - ✅ Phát hiện 0 volume spikes cho DOGEUSDT
2025-05-26 06:59:46,389 - data_analyzer.anomaly_detector - INFO - 🔍 Phát hiện OI-Price divergence cho DOGEUSDT
2025-05-26 06:59:46,394 - data_analyzer.anomaly_detector - INFO - ✅ Kiểm tra OI divergence cho DOGEUSDT: 0 anomalies
2025-05-26 06:59:46,394 - data_analyzer.anomaly_detector - INFO - 🔍 Phát hiện anomalies correlation 24h cho DOGEUSDT
2025-05-26 06:59:46,399 - data_analyzer.anomaly_detector - INFO - ✅ Correlation 24h DOGEUSDT: 0.994
2025-05-26 06:59:46,400 - data_analyzer.anomaly_detector - INFO - 🔍 Phát hiện anomalies 30d cho DOGEUSDT
2025-05-26 06:59:46,417 - data_analyzer.anomaly_detector - ERROR - ❌ Lỗi khi kiểm tra recent anomaly: '>=' not supported between instances of 'int' and 'datetime.datetime'
2025-05-26 06:59:46,418 - data_analyzer.anomaly_detector - ERROR - ❌ Lỗi khi kiểm tra recent anomaly: '>=' not supported between instances of 'int' and 'datetime.datetime'
2025-05-26 06:59:46,418 - data_analyzer.anomaly_detector - INFO - ✅ Phát hiện 4 anomalies 30d cho DOGEUSDT
2025-05-26 06:59:46,419 - data_analyzer.anomaly_detector - INFO - 🔍 Phát hiện anomalies correlation 30d cho DOGEUSDT
2025-05-26 06:59:46,456 - data_analyzer.anomaly_detector - INFO - ✅ Phát hiện 4 anomalies cho DOGEUSDT
2025-05-26 06:59:46,456 - data_analyzer.anomaly_detector - INFO -    - 30d_OI_Value: 1
2025-05-26 06:59:46,457 - data_analyzer.anomaly_detector - INFO -    - 30d_Avg_OI_Value: 1
2025-05-26 06:59:46,458 - data_analyzer.anomaly_detector - INFO -    - 30d_Volume_USDT: 1
2025-05-26 06:59:46,459 - data_analyzer.anomaly_detector - INFO -    - 30d_Volume: 1
2025-05-26 07:15:06,859 - data_analyzer.anomaly_detector - INFO - 🔧 Khởi tạo OptimizedAnomalyDetector với ngưỡng 2.5
2025-05-26 07:15:06,861 - data_analyzer.anomaly_detector - INFO - 🔍 Phát hiện tất cả anomalies cho BTCUSDT
2025-05-26 07:15:06,862 - data_analyzer.anomaly_detector - INFO - 🔍 Phát hiện anomalies 24h cho BTCUSDT
2025-05-26 07:15:06,869 - data_analyzer.anomaly_detector - INFO - ✅ Phát hiện 0 anomalies 24h cho BTCUSDT
2025-05-26 07:15:06,870 - data_analyzer.anomaly_detector - INFO - 🔍 Phát hiện volume spikes cho BTCUSDT
2025-05-26 07:15:06,883 - data_analyzer.anomaly_detector - INFO - ✅ Phát hiện 0 volume spikes cho BTCUSDT
2025-05-26 07:15:06,883 - data_analyzer.anomaly_detector - INFO - 🔍 Phát hiện OI-Price divergence cho BTCUSDT
2025-05-26 07:15:06,888 - data_analyzer.anomaly_detector - INFO - ✅ Kiểm tra OI divergence cho BTCUSDT: 0 anomalies
2025-05-26 07:15:06,888 - data_analyzer.anomaly_detector - INFO - 🔍 Phát hiện anomalies correlation 24h cho BTCUSDT
2025-05-26 07:15:06,893 - data_analyzer.anomaly_detector - INFO - ✅ Correlation 24h BTCUSDT: 0.999
2025-05-26 07:15:06,894 - data_analyzer.anomaly_detector - INFO - 🔍 Phát hiện anomalies 30d cho BTCUSDT
2025-05-26 07:15:06,910 - data_analyzer.anomaly_detector - ERROR - ❌ Lỗi khi kiểm tra recent anomaly: '>=' not supported between instances of 'int' and 'datetime.datetime'
2025-05-26 07:15:06,911 - data_analyzer.anomaly_detector - ERROR - ❌ Lỗi khi kiểm tra recent anomaly: '>=' not supported between instances of 'int' and 'datetime.datetime'
2025-05-26 07:15:06,911 - data_analyzer.anomaly_detector - INFO - ✅ Phát hiện 2 anomalies 30d cho BTCUSDT
2025-05-26 07:15:06,912 - data_analyzer.anomaly_detector - INFO - 🔍 Phát hiện anomalies correlation 30d cho BTCUSDT
2025-05-26 07:15:06,939 - data_analyzer.anomaly_detector - INFO - ✅ Phát hiện 2 anomalies cho BTCUSDT
2025-05-26 07:15:06,940 - data_analyzer.anomaly_detector - INFO -    - 30d_Volume_USDT: 1
2025-05-26 07:15:06,940 - data_analyzer.anomaly_detector - INFO -    - 30d_Volume: 1
2025-05-26 07:15:06,943 - data_analyzer.anomaly_detector - INFO - 🔍 Phát hiện tất cả anomalies cho ETHUSDT
2025-05-26 07:15:06,943 - data_analyzer.anomaly_detector - INFO - 🔍 Phát hiện anomalies 24h cho ETHUSDT
2025-05-26 07:15:06,949 - data_analyzer.anomaly_detector - INFO - ✅ Phát hiện 0 anomalies 24h cho ETHUSDT
2025-05-26 07:15:06,950 - data_analyzer.anomaly_detector - INFO - 🔍 Phát hiện volume spikes cho ETHUSDT
2025-05-26 07:15:06,963 - data_analyzer.anomaly_detector - INFO - ✅ Phát hiện 0 volume spikes cho ETHUSDT
2025-05-26 07:15:06,964 - data_analyzer.anomaly_detector - INFO - 🔍 Phát hiện OI-Price divergence cho ETHUSDT
2025-05-26 07:15:06,969 - data_analyzer.anomaly_detector - INFO - ✅ Kiểm tra OI divergence cho ETHUSDT: 0 anomalies
2025-05-26 07:15:06,969 - data_analyzer.anomaly_detector - INFO - 🔍 Phát hiện anomalies correlation 24h cho ETHUSDT
2025-05-26 07:15:06,975 - data_analyzer.anomaly_detector - INFO - ✅ Correlation 24h ETHUSDT: 0.987
2025-05-26 07:15:06,975 - data_analyzer.anomaly_detector - INFO - 🔍 Phát hiện anomalies 30d cho ETHUSDT
2025-05-26 07:15:06,989 - data_analyzer.anomaly_detector - ERROR - ❌ Lỗi khi kiểm tra recent anomaly: '>=' not supported between instances of 'int' and 'datetime.datetime'
2025-05-26 07:15:06,990 - data_analyzer.anomaly_detector - INFO - ✅ Phát hiện 1 anomalies 30d cho ETHUSDT
2025-05-26 07:15:06,990 - data_analyzer.anomaly_detector - INFO - 🔍 Phát hiện anomalies correlation 30d cho ETHUSDT
2025-05-26 07:15:07,009 - data_analyzer.anomaly_detector - INFO - ✅ Phát hiện 1 anomalies cho ETHUSDT
2025-05-26 07:15:07,009 - data_analyzer.anomaly_detector - INFO -    - 30d_Volume: 1
2025-05-26 07:15:07,010 - data_analyzer.anomaly_detector - INFO - 🔍 Phát hiện tất cả anomalies cho BNBUSDT
2025-05-26 07:15:07,011 - data_analyzer.anomaly_detector - INFO - 🔍 Phát hiện anomalies 24h cho BNBUSDT
2025-05-26 07:15:07,017 - data_analyzer.anomaly_detector - INFO - ✅ Phát hiện 0 anomalies 24h cho BNBUSDT
2025-05-26 07:15:07,017 - data_analyzer.anomaly_detector - INFO - 🔍 Phát hiện volume spikes cho BNBUSDT
2025-05-26 07:15:07,028 - data_analyzer.anomaly_detector - INFO - ✅ Phát hiện 0 volume spikes cho BNBUSDT
2025-05-26 07:15:07,028 - data_analyzer.anomaly_detector - INFO - 🔍 Phát hiện OI-Price divergence cho BNBUSDT
2025-05-26 07:15:07,032 - data_analyzer.anomaly_detector - INFO - ✅ Kiểm tra OI divergence cho BNBUSDT: 0 anomalies
2025-05-26 07:15:07,033 - data_analyzer.anomaly_detector - INFO - 🔍 Phát hiện anomalies correlation 24h cho BNBUSDT
2025-05-26 07:15:07,038 - data_analyzer.anomaly_detector - INFO - ✅ Correlation 24h BNBUSDT: 0.999
2025-05-26 07:15:07,038 - data_analyzer.anomaly_detector - INFO - 🔍 Phát hiện anomalies 30d cho BNBUSDT
2025-05-26 07:15:07,052 - data_analyzer.anomaly_detector - ERROR - ❌ Lỗi khi kiểm tra recent anomaly: '>=' not supported between instances of 'int' and 'datetime.datetime'
2025-05-26 07:15:07,053 - data_analyzer.anomaly_detector - ERROR - ❌ Lỗi khi kiểm tra recent anomaly: '>=' not supported between instances of 'int' and 'datetime.datetime'
2025-05-26 07:15:07,053 - data_analyzer.anomaly_detector - INFO - ✅ Phát hiện 3 anomalies 30d cho BNBUSDT
2025-05-26 07:15:07,054 - data_analyzer.anomaly_detector - INFO - 🔍 Phát hiện anomalies correlation 30d cho BNBUSDT
2025-05-26 07:15:07,079 - data_analyzer.anomaly_detector - INFO - ✅ Phát hiện 3 anomalies cho BNBUSDT
2025-05-26 07:15:07,080 - data_analyzer.anomaly_detector - INFO -    - 30d_OI: 1
2025-05-26 07:15:07,081 - data_analyzer.anomaly_detector - INFO -    - 30d_Volume_USDT: 1
2025-05-26 07:15:07,082 - data_analyzer.anomaly_detector - INFO -    - 30d_Volume: 1
2025-05-26 07:15:07,085 - data_analyzer.anomaly_detector - INFO - 🔍 Phát hiện tất cả anomalies cho SOLUSDT
2025-05-26 07:15:07,085 - data_analyzer.anomaly_detector - INFO - 🔍 Phát hiện anomalies 24h cho SOLUSDT
2025-05-26 07:15:07,093 - data_analyzer.anomaly_detector - INFO - ✅ Phát hiện 0 anomalies 24h cho SOLUSDT
2025-05-26 07:15:07,094 - data_analyzer.anomaly_detector - INFO - 🔍 Phát hiện volume spikes cho SOLUSDT
2025-05-26 07:15:07,105 - data_analyzer.anomaly_detector - INFO - ✅ Phát hiện 0 volume spikes cho SOLUSDT
2025-05-26 07:15:07,105 - data_analyzer.anomaly_detector - INFO - 🔍 Phát hiện OI-Price divergence cho SOLUSDT
2025-05-26 07:15:07,109 - data_analyzer.anomaly_detector - INFO - ✅ Kiểm tra OI divergence cho SOLUSDT: 0 anomalies
2025-05-26 07:15:07,110 - data_analyzer.anomaly_detector - INFO - 🔍 Phát hiện anomalies correlation 24h cho SOLUSDT
2025-05-26 07:15:07,114 - data_analyzer.anomaly_detector - INFO - ✅ Correlation 24h SOLUSDT: 0.996
2025-05-26 07:15:07,115 - data_analyzer.anomaly_detector - INFO - 🔍 Phát hiện anomalies 30d cho SOLUSDT
2025-05-26 07:15:07,128 - data_analyzer.anomaly_detector - INFO - ✅ Phát hiện 0 anomalies 30d cho SOLUSDT
2025-05-26 07:15:07,128 - data_analyzer.anomaly_detector - INFO - 🔍 Phát hiện anomalies correlation 30d cho SOLUSDT
2025-05-26 07:15:07,142 - data_analyzer.anomaly_detector - INFO - ✅ Phát hiện 0 anomalies cho SOLUSDT
2025-05-26 07:15:07,144 - data_analyzer.anomaly_detector - INFO - 🔍 Phát hiện tất cả anomalies cho DOGEUSDT
2025-05-26 07:15:07,144 - data_analyzer.anomaly_detector - INFO - 🔍 Phát hiện anomalies 24h cho DOGEUSDT
2025-05-26 07:15:07,149 - data_analyzer.anomaly_detector - INFO - ✅ Phát hiện 0 anomalies 24h cho DOGEUSDT
2025-05-26 07:15:07,150 - data_analyzer.anomaly_detector - INFO - 🔍 Phát hiện volume spikes cho DOGEUSDT
2025-05-26 07:15:07,164 - data_analyzer.anomaly_detector - INFO - ✅ Phát hiện 0 volume spikes cho DOGEUSDT
2025-05-26 07:15:07,165 - data_analyzer.anomaly_detector - INFO - 🔍 Phát hiện OI-Price divergence cho DOGEUSDT
2025-05-26 07:15:07,169 - data_analyzer.anomaly_detector - INFO - ✅ Kiểm tra OI divergence cho DOGEUSDT: 0 anomalies
2025-05-26 07:15:07,170 - data_analyzer.anomaly_detector - INFO - 🔍 Phát hiện anomalies correlation 24h cho DOGEUSDT
2025-05-26 07:15:07,174 - data_analyzer.anomaly_detector - INFO - ✅ Correlation 24h DOGEUSDT: 0.992
2025-05-26 07:15:07,175 - data_analyzer.anomaly_detector - INFO - 🔍 Phát hiện anomalies 30d cho DOGEUSDT
2025-05-26 07:15:07,188 - data_analyzer.anomaly_detector - ERROR - ❌ Lỗi khi kiểm tra recent anomaly: '>=' not supported between instances of 'int' and 'datetime.datetime'
2025-05-26 07:15:07,189 - data_analyzer.anomaly_detector - ERROR - ❌ Lỗi khi kiểm tra recent anomaly: '>=' not supported between instances of 'int' and 'datetime.datetime'
2025-05-26 07:15:07,189 - data_analyzer.anomaly_detector - INFO - ✅ Phát hiện 2 anomalies 30d cho DOGEUSDT
2025-05-26 07:15:07,190 - data_analyzer.anomaly_detector - INFO - 🔍 Phát hiện anomalies correlation 30d cho DOGEUSDT
2025-05-26 07:15:07,213 - data_analyzer.anomaly_detector - INFO - ✅ Phát hiện 2 anomalies cho DOGEUSDT
2025-05-26 07:15:07,213 - data_analyzer.anomaly_detector - INFO -    - 30d_Volume_USDT: 1
2025-05-26 07:15:07,214 - data_analyzer.anomaly_detector - INFO -    - 30d_Volume: 1
2025-05-26 07:30:07,395 - data_analyzer.anomaly_detector - INFO - 🔧 Khởi tạo OptimizedAnomalyDetector với ngưỡng 2.5
2025-05-26 07:30:07,397 - data_analyzer.anomaly_detector - INFO - 🔍 Phát hiện tất cả anomalies cho BTCUSDT
2025-05-26 07:30:07,398 - data_analyzer.anomaly_detector - INFO - 🔍 Phát hiện anomalies 24h cho BTCUSDT
2025-05-26 07:30:07,409 - data_analyzer.anomaly_detector - INFO - ✅ Phát hiện 0 anomalies 24h cho BTCUSDT
2025-05-26 07:30:07,410 - data_analyzer.anomaly_detector - INFO - 🔍 Phát hiện volume spikes cho BTCUSDT
2025-05-26 07:30:07,427 - data_analyzer.anomaly_detector - INFO - ✅ Phát hiện 0 volume spikes cho BTCUSDT
2025-05-26 07:30:07,427 - data_analyzer.anomaly_detector - INFO - 🔍 Phát hiện OI-Price divergence cho BTCUSDT
2025-05-26 07:30:07,431 - data_analyzer.anomaly_detector - INFO - ✅ Kiểm tra OI divergence cho BTCUSDT: 0 anomalies
2025-05-26 07:30:07,432 - data_analyzer.anomaly_detector - INFO - 🔍 Phát hiện anomalies correlation 24h cho BTCUSDT
2025-05-26 07:30:07,436 - data_analyzer.anomaly_detector - INFO - ✅ Correlation 24h BTCUSDT: 0.999
2025-05-26 07:30:07,437 - data_analyzer.anomaly_detector - INFO - 🔍 Phát hiện anomalies 30d cho BTCUSDT
2025-05-26 07:30:07,452 - data_analyzer.anomaly_detector - ERROR - ❌ Lỗi khi kiểm tra recent anomaly: '>=' not supported between instances of 'int' and 'datetime.datetime'
2025-05-26 07:30:07,452 - data_analyzer.anomaly_detector - ERROR - ❌ Lỗi khi kiểm tra recent anomaly: '>=' not supported between instances of 'int' and 'datetime.datetime'
2025-05-26 07:30:07,453 - data_analyzer.anomaly_detector - INFO - ✅ Phát hiện 2 anomalies 30d cho BTCUSDT
2025-05-26 07:30:07,454 - data_analyzer.anomaly_detector - INFO - 🔍 Phát hiện anomalies correlation 30d cho BTCUSDT
2025-05-26 07:30:07,485 - data_analyzer.anomaly_detector - INFO - ✅ Phát hiện 2 anomalies cho BTCUSDT
2025-05-26 07:30:07,485 - data_analyzer.anomaly_detector - INFO -    - 30d_Volume_USDT: 1
2025-05-26 07:30:07,485 - data_analyzer.anomaly_detector - INFO -    - 30d_Volume: 1
2025-05-26 07:30:07,488 - data_analyzer.anomaly_detector - INFO - 🔍 Phát hiện tất cả anomalies cho ETHUSDT
2025-05-26 07:30:07,489 - data_analyzer.anomaly_detector - INFO - 🔍 Phát hiện anomalies 24h cho ETHUSDT
2025-05-26 07:30:07,500 - data_analyzer.anomaly_detector - INFO - ✅ Phát hiện 0 anomalies 24h cho ETHUSDT
2025-05-26 07:30:07,500 - data_analyzer.anomaly_detector - INFO - 🔍 Phát hiện volume spikes cho ETHUSDT
2025-05-26 07:30:07,517 - data_analyzer.anomaly_detector - INFO - ✅ Phát hiện 0 volume spikes cho ETHUSDT
2025-05-26 07:30:07,518 - data_analyzer.anomaly_detector - INFO - 🔍 Phát hiện OI-Price divergence cho ETHUSDT
2025-05-26 07:30:07,522 - data_analyzer.anomaly_detector - INFO - ✅ Kiểm tra OI divergence cho ETHUSDT: 0 anomalies
2025-05-26 07:30:07,523 - data_analyzer.anomaly_detector - INFO - 🔍 Phát hiện anomalies correlation 24h cho ETHUSDT
2025-05-26 07:30:07,527 - data_analyzer.anomaly_detector - INFO - ✅ Correlation 24h ETHUSDT: 0.987
2025-05-26 07:30:07,527 - data_analyzer.anomaly_detector - INFO - 🔍 Phát hiện anomalies 30d cho ETHUSDT
2025-05-26 07:30:07,540 - data_analyzer.anomaly_detector - ERROR - ❌ Lỗi khi kiểm tra recent anomaly: '>=' not supported between instances of 'int' and 'datetime.datetime'
2025-05-26 07:30:07,541 - data_analyzer.anomaly_detector - INFO - ✅ Phát hiện 1 anomalies 30d cho ETHUSDT
2025-05-26 07:30:07,541 - data_analyzer.anomaly_detector - INFO - 🔍 Phát hiện anomalies correlation 30d cho ETHUSDT
2025-05-26 07:30:07,567 - data_analyzer.anomaly_detector - INFO - ✅ Phát hiện 1 anomalies cho ETHUSDT
2025-05-26 07:30:07,568 - data_analyzer.anomaly_detector - INFO -    - 30d_Volume: 1
2025-05-26 07:30:07,569 - data_analyzer.anomaly_detector - INFO - 🔍 Phát hiện tất cả anomalies cho BNBUSDT
2025-05-26 07:30:07,569 - data_analyzer.anomaly_detector - INFO - 🔍 Phát hiện anomalies 24h cho BNBUSDT
2025-05-26 07:30:07,576 - data_analyzer.anomaly_detector - INFO - ✅ Phát hiện 0 anomalies 24h cho BNBUSDT
2025-05-26 07:30:07,577 - data_analyzer.anomaly_detector - INFO - 🔍 Phát hiện volume spikes cho BNBUSDT
2025-05-26 07:30:07,588 - data_analyzer.anomaly_detector - INFO - ✅ Phát hiện 0 volume spikes cho BNBUSDT
2025-05-26 07:30:07,589 - data_analyzer.anomaly_detector - INFO - 🔍 Phát hiện OI-Price divergence cho BNBUSDT
2025-05-26 07:30:07,592 - data_analyzer.anomaly_detector - INFO - ✅ Kiểm tra OI divergence cho BNBUSDT: 0 anomalies
2025-05-26 07:30:07,593 - data_analyzer.anomaly_detector - INFO - 🔍 Phát hiện anomalies correlation 24h cho BNBUSDT
2025-05-26 07:30:07,597 - data_analyzer.anomaly_detector - INFO - ✅ Correlation 24h BNBUSDT: 0.999
2025-05-26 07:30:07,598 - data_analyzer.anomaly_detector - INFO - 🔍 Phát hiện anomalies 30d cho BNBUSDT
2025-05-26 07:30:07,612 - data_analyzer.anomaly_detector - ERROR - ❌ Lỗi khi kiểm tra recent anomaly: '>=' not supported between instances of 'int' and 'datetime.datetime'
2025-05-26 07:30:07,613 - data_analyzer.anomaly_detector - ERROR - ❌ Lỗi khi kiểm tra recent anomaly: '>=' not supported between instances of 'int' and 'datetime.datetime'
2025-05-26 07:30:07,613 - data_analyzer.anomaly_detector - INFO - ✅ Phát hiện 3 anomalies 30d cho BNBUSDT
2025-05-26 07:30:07,614 - data_analyzer.anomaly_detector - INFO - 🔍 Phát hiện anomalies correlation 30d cho BNBUSDT
2025-05-26 07:30:07,642 - data_analyzer.anomaly_detector - INFO - ✅ Phát hiện 3 anomalies cho BNBUSDT
2025-05-26 07:30:07,643 - data_analyzer.anomaly_detector - INFO -    - 30d_OI: 1
2025-05-26 07:30:07,644 - data_analyzer.anomaly_detector - INFO -    - 30d_Volume_USDT: 1
2025-05-26 07:30:07,644 - data_analyzer.anomaly_detector - INFO -    - 30d_Volume: 1
2025-05-26 07:30:07,646 - data_analyzer.anomaly_detector - INFO - 🔍 Phát hiện tất cả anomalies cho SOLUSDT
2025-05-26 07:30:07,647 - data_analyzer.anomaly_detector - INFO - 🔍 Phát hiện anomalies 24h cho SOLUSDT
2025-05-26 07:30:07,653 - data_analyzer.anomaly_detector - INFO - ✅ Phát hiện 0 anomalies 24h cho SOLUSDT
2025-05-26 07:30:07,653 - data_analyzer.anomaly_detector - INFO - 🔍 Phát hiện volume spikes cho SOLUSDT
2025-05-26 07:30:07,674 - data_analyzer.anomaly_detector - INFO - ✅ Phát hiện 0 volume spikes cho SOLUSDT
2025-05-26 07:30:07,675 - data_analyzer.anomaly_detector - INFO - 🔍 Phát hiện OI-Price divergence cho SOLUSDT
2025-05-26 07:30:07,680 - data_analyzer.anomaly_detector - INFO - ✅ Kiểm tra OI divergence cho SOLUSDT: 0 anomalies
2025-05-26 07:30:07,680 - data_analyzer.anomaly_detector - INFO - 🔍 Phát hiện anomalies correlation 24h cho SOLUSDT
2025-05-26 07:30:07,689 - data_analyzer.anomaly_detector - INFO - ✅ Correlation 24h SOLUSDT: 0.996
2025-05-26 07:30:07,689 - data_analyzer.anomaly_detector - INFO - 🔍 Phát hiện anomalies 30d cho SOLUSDT
2025-05-26 07:30:07,702 - data_analyzer.anomaly_detector - INFO - ✅ Phát hiện 0 anomalies 30d cho SOLUSDT
2025-05-26 07:30:07,703 - data_analyzer.anomaly_detector - INFO - 🔍 Phát hiện anomalies correlation 30d cho SOLUSDT
2025-05-26 07:30:07,718 - data_analyzer.anomaly_detector - INFO - ✅ Phát hiện 0 anomalies cho SOLUSDT
2025-05-26 07:30:07,720 - data_analyzer.anomaly_detector - INFO - 🔍 Phát hiện tất cả anomalies cho DOGEUSDT
2025-05-26 07:30:07,720 - data_analyzer.anomaly_detector - INFO - 🔍 Phát hiện anomalies 24h cho DOGEUSDT
2025-05-26 07:30:07,727 - data_analyzer.anomaly_detector - INFO - ✅ Phát hiện 0 anomalies 24h cho DOGEUSDT
2025-05-26 07:30:07,727 - data_analyzer.anomaly_detector - INFO - 🔍 Phát hiện volume spikes cho DOGEUSDT
2025-05-26 07:30:07,740 - data_analyzer.anomaly_detector - INFO - ✅ Phát hiện 0 volume spikes cho DOGEUSDT
2025-05-26 07:30:07,740 - data_analyzer.anomaly_detector - INFO - 🔍 Phát hiện OI-Price divergence cho DOGEUSDT
2025-05-26 07:30:07,745 - data_analyzer.anomaly_detector - INFO - ✅ Kiểm tra OI divergence cho DOGEUSDT: 0 anomalies
2025-05-26 07:30:07,746 - data_analyzer.anomaly_detector - INFO - 🔍 Phát hiện anomalies correlation 24h cho DOGEUSDT
2025-05-26 07:30:07,750 - data_analyzer.anomaly_detector - INFO - ✅ Correlation 24h DOGEUSDT: 0.992
2025-05-26 07:30:07,750 - data_analyzer.anomaly_detector - INFO - 🔍 Phát hiện anomalies 30d cho DOGEUSDT
2025-05-26 07:30:07,764 - data_analyzer.anomaly_detector - ERROR - ❌ Lỗi khi kiểm tra recent anomaly: '>=' not supported between instances of 'int' and 'datetime.datetime'
2025-05-26 07:30:07,765 - data_analyzer.anomaly_detector - ERROR - ❌ Lỗi khi kiểm tra recent anomaly: '>=' not supported between instances of 'int' and 'datetime.datetime'
2025-05-26 07:30:07,765 - data_analyzer.anomaly_detector - INFO - ✅ Phát hiện 2 anomalies 30d cho DOGEUSDT
2025-05-26 07:30:07,766 - data_analyzer.anomaly_detector - INFO - 🔍 Phát hiện anomalies correlation 30d cho DOGEUSDT
2025-05-26 07:30:07,788 - data_analyzer.anomaly_detector - INFO - ✅ Phát hiện 2 anomalies cho DOGEUSDT
2025-05-26 07:30:07,788 - data_analyzer.anomaly_detector - INFO -    - 30d_Volume_USDT: 1
2025-05-26 07:30:07,788 - data_analyzer.anomaly_detector - INFO -    - 30d_Volume: 1
2025-05-26 07:45:27,391 - data_analyzer.anomaly_detector - INFO - 🔧 Khởi tạo OptimizedAnomalyDetector với ngưỡng 2.5
2025-05-26 07:45:27,393 - data_analyzer.anomaly_detector - INFO - 🔍 Phát hiện tất cả anomalies cho BTCUSDT
2025-05-26 07:45:27,394 - data_analyzer.anomaly_detector - INFO - 🔍 Phát hiện anomalies 24h cho BTCUSDT
2025-05-26 07:45:27,406 - data_analyzer.anomaly_detector - INFO - ✅ Phát hiện 0 anomalies 24h cho BTCUSDT
2025-05-26 07:45:27,407 - data_analyzer.anomaly_detector - INFO - 🔍 Phát hiện volume spikes cho BTCUSDT
2025-05-26 07:45:27,431 - data_analyzer.anomaly_detector - INFO - ✅ Phát hiện 0 volume spikes cho BTCUSDT
2025-05-26 07:45:27,432 - data_analyzer.anomaly_detector - INFO - 🔍 Phát hiện OI-Price divergence cho BTCUSDT
2025-05-26 07:45:27,438 - data_analyzer.anomaly_detector - INFO - ✅ Kiểm tra OI divergence cho BTCUSDT: 0 anomalies
2025-05-26 07:45:27,439 - data_analyzer.anomaly_detector - INFO - 🔍 Phát hiện anomalies correlation 24h cho BTCUSDT
2025-05-26 07:45:27,447 - data_analyzer.anomaly_detector - INFO - ✅ Correlation 24h BTCUSDT: 0.999
2025-05-26 07:45:27,448 - data_analyzer.anomaly_detector - INFO - 🔍 Phát hiện anomalies 30d cho BTCUSDT
2025-05-26 07:45:27,468 - data_analyzer.anomaly_detector - ERROR - ❌ Lỗi khi kiểm tra recent anomaly: '>=' not supported between instances of 'int' and 'datetime.datetime'
2025-05-26 07:45:27,468 - data_analyzer.anomaly_detector - ERROR - ❌ Lỗi khi kiểm tra recent anomaly: '>=' not supported between instances of 'int' and 'datetime.datetime'
2025-05-26 07:45:27,469 - data_analyzer.anomaly_detector - INFO - ✅ Phát hiện 2 anomalies 30d cho BTCUSDT
2025-05-26 07:45:27,470 - data_analyzer.anomaly_detector - INFO - 🔍 Phát hiện anomalies correlation 30d cho BTCUSDT
2025-05-26 07:45:27,500 - data_analyzer.anomaly_detector - INFO - ✅ Phát hiện 2 anomalies cho BTCUSDT
2025-05-26 07:45:27,500 - data_analyzer.anomaly_detector - INFO -    - 30d_Volume_USDT: 1
2025-05-26 07:45:27,501 - data_analyzer.anomaly_detector - INFO -    - 30d_Volume: 1
2025-05-26 07:45:27,504 - data_analyzer.anomaly_detector - INFO - 🔍 Phát hiện tất cả anomalies cho ETHUSDT
2025-05-26 07:45:27,504 - data_analyzer.anomaly_detector - INFO - 🔍 Phát hiện anomalies 24h cho ETHUSDT
2025-05-26 07:45:27,512 - data_analyzer.anomaly_detector - INFO - ✅ Phát hiện 0 anomalies 24h cho ETHUSDT
2025-05-26 07:45:27,512 - data_analyzer.anomaly_detector - INFO - 🔍 Phát hiện volume spikes cho ETHUSDT
2025-05-26 07:45:27,527 - data_analyzer.anomaly_detector - INFO - ✅ Phát hiện 0 volume spikes cho ETHUSDT
2025-05-26 07:45:27,528 - data_analyzer.anomaly_detector - INFO - 🔍 Phát hiện OI-Price divergence cho ETHUSDT
2025-05-26 07:45:27,533 - data_analyzer.anomaly_detector - INFO - ✅ Kiểm tra OI divergence cho ETHUSDT: 0 anomalies
2025-05-26 07:45:27,534 - data_analyzer.anomaly_detector - INFO - 🔍 Phát hiện anomalies correlation 24h cho ETHUSDT
2025-05-26 07:45:27,539 - data_analyzer.anomaly_detector - INFO - ✅ Correlation 24h ETHUSDT: 0.987
2025-05-26 07:45:27,540 - data_analyzer.anomaly_detector - INFO - 🔍 Phát hiện anomalies 30d cho ETHUSDT
2025-05-26 07:45:27,556 - data_analyzer.anomaly_detector - ERROR - ❌ Lỗi khi kiểm tra recent anomaly: '>=' not supported between instances of 'int' and 'datetime.datetime'
2025-05-26 07:45:27,557 - data_analyzer.anomaly_detector - INFO - ✅ Phát hiện 1 anomalies 30d cho ETHUSDT
2025-05-26 07:45:27,558 - data_analyzer.anomaly_detector - INFO - 🔍 Phát hiện anomalies correlation 30d cho ETHUSDT
2025-05-26 07:45:27,579 - data_analyzer.anomaly_detector - INFO - ✅ Phát hiện 1 anomalies cho ETHUSDT
2025-05-26 07:45:27,580 - data_analyzer.anomaly_detector - INFO -    - 30d_Volume: 1
2025-05-26 07:45:27,582 - data_analyzer.anomaly_detector - INFO - 🔍 Phát hiện tất cả anomalies cho BNBUSDT
2025-05-26 07:45:27,582 - data_analyzer.anomaly_detector - INFO - 🔍 Phát hiện anomalies 24h cho BNBUSDT
2025-05-26 07:45:27,589 - data_analyzer.anomaly_detector - INFO - ✅ Phát hiện 0 anomalies 24h cho BNBUSDT
2025-05-26 07:45:27,589 - data_analyzer.anomaly_detector - INFO - 🔍 Phát hiện volume spikes cho BNBUSDT
2025-05-26 07:45:27,603 - data_analyzer.anomaly_detector - INFO - ✅ Phát hiện 0 volume spikes cho BNBUSDT
2025-05-26 07:45:27,603 - data_analyzer.anomaly_detector - INFO - 🔍 Phát hiện OI-Price divergence cho BNBUSDT
2025-05-26 07:45:27,610 - data_analyzer.anomaly_detector - INFO - ✅ Kiểm tra OI divergence cho BNBUSDT: 0 anomalies
2025-05-26 07:45:27,611 - data_analyzer.anomaly_detector - INFO - 🔍 Phát hiện anomalies correlation 24h cho BNBUSDT
2025-05-26 07:45:27,616 - data_analyzer.anomaly_detector - INFO - ✅ Correlation 24h BNBUSDT: 0.999
2025-05-26 07:45:27,617 - data_analyzer.anomaly_detector - INFO - 🔍 Phát hiện anomalies 30d cho BNBUSDT
2025-05-26 07:45:27,634 - data_analyzer.anomaly_detector - ERROR - ❌ Lỗi khi kiểm tra recent anomaly: '>=' not supported between instances of 'int' and 'datetime.datetime'
2025-05-26 07:45:27,635 - data_analyzer.anomaly_detector - ERROR - ❌ Lỗi khi kiểm tra recent anomaly: '>=' not supported between instances of 'int' and 'datetime.datetime'
2025-05-26 07:45:27,635 - data_analyzer.anomaly_detector - INFO - ✅ Phát hiện 3 anomalies 30d cho BNBUSDT
2025-05-26 07:45:27,636 - data_analyzer.anomaly_detector - INFO - 🔍 Phát hiện anomalies correlation 30d cho BNBUSDT
2025-05-26 07:45:27,667 - data_analyzer.anomaly_detector - INFO - ✅ Phát hiện 3 anomalies cho BNBUSDT
2025-05-26 07:45:27,667 - data_analyzer.anomaly_detector - INFO -    - 30d_OI: 1
2025-05-26 07:45:27,668 - data_analyzer.anomaly_detector - INFO -    - 30d_Volume_USDT: 1
2025-05-26 07:45:27,668 - data_analyzer.anomaly_detector - INFO -    - 30d_Volume: 1
2025-05-26 07:45:27,671 - data_analyzer.anomaly_detector - INFO - 🔍 Phát hiện tất cả anomalies cho SOLUSDT
2025-05-26 07:45:27,672 - data_analyzer.anomaly_detector - INFO - 🔍 Phát hiện anomalies 24h cho SOLUSDT
2025-05-26 07:45:27,678 - data_analyzer.anomaly_detector - INFO - ✅ Phát hiện 0 anomalies 24h cho SOLUSDT
2025-05-26 07:45:27,679 - data_analyzer.anomaly_detector - INFO - 🔍 Phát hiện volume spikes cho SOLUSDT
2025-05-26 07:45:27,692 - data_analyzer.anomaly_detector - INFO - ✅ Phát hiện 0 volume spikes cho SOLUSDT
2025-05-26 07:45:27,693 - data_analyzer.anomaly_detector - INFO - 🔍 Phát hiện OI-Price divergence cho SOLUSDT
2025-05-26 07:45:27,697 - data_analyzer.anomaly_detector - INFO - ✅ Kiểm tra OI divergence cho SOLUSDT: 0 anomalies
2025-05-26 07:45:27,698 - data_analyzer.anomaly_detector - INFO - 🔍 Phát hiện anomalies correlation 24h cho SOLUSDT
2025-05-26 07:45:27,703 - data_analyzer.anomaly_detector - INFO - ✅ Correlation 24h SOLUSDT: 0.996
2025-05-26 07:45:27,703 - data_analyzer.anomaly_detector - INFO - 🔍 Phát hiện anomalies 30d cho SOLUSDT
2025-05-26 07:45:27,721 - data_analyzer.anomaly_detector - INFO - ✅ Phát hiện 3 anomalies 30d cho SOLUSDT
2025-05-26 07:45:27,721 - data_analyzer.anomaly_detector - INFO - 🔍 Phát hiện anomalies correlation 30d cho SOLUSDT
2025-05-26 07:45:27,750 - data_analyzer.anomaly_detector - INFO - ✅ Phát hiện 3 anomalies cho SOLUSDT
2025-05-26 07:45:27,751 - data_analyzer.anomaly_detector - INFO -    - 30d_OI_Value: 1
2025-05-26 07:45:27,751 - data_analyzer.anomaly_detector - INFO -    - 30d_OI: 1
2025-05-26 07:45:27,752 - data_analyzer.anomaly_detector - INFO -    - 30d_Avg_OI_Value: 1
2025-05-26 07:45:27,754 - data_analyzer.anomaly_detector - INFO - 🔍 Phát hiện tất cả anomalies cho DOGEUSDT
2025-05-26 07:45:27,755 - data_analyzer.anomaly_detector - INFO - 🔍 Phát hiện anomalies 24h cho DOGEUSDT
2025-05-26 07:45:27,761 - data_analyzer.anomaly_detector - INFO - ✅ Phát hiện 0 anomalies 24h cho DOGEUSDT
2025-05-26 07:45:27,761 - data_analyzer.anomaly_detector - INFO - 🔍 Phát hiện volume spikes cho DOGEUSDT
2025-05-26 07:45:27,774 - data_analyzer.anomaly_detector - INFO - ✅ Phát hiện 0 volume spikes cho DOGEUSDT
2025-05-26 07:45:27,775 - data_analyzer.anomaly_detector - INFO - 🔍 Phát hiện OI-Price divergence cho DOGEUSDT
2025-05-26 07:45:27,779 - data_analyzer.anomaly_detector - INFO - ✅ Kiểm tra OI divergence cho DOGEUSDT: 0 anomalies
2025-05-26 07:45:27,780 - data_analyzer.anomaly_detector - INFO - 🔍 Phát hiện anomalies correlation 24h cho DOGEUSDT
2025-05-26 07:45:27,785 - data_analyzer.anomaly_detector - INFO - ✅ Correlation 24h DOGEUSDT: 0.992
2025-05-26 07:45:27,786 - data_analyzer.anomaly_detector - INFO - 🔍 Phát hiện anomalies 30d cho DOGEUSDT
2025-05-26 07:45:27,802 - data_analyzer.anomaly_detector - ERROR - ❌ Lỗi khi kiểm tra recent anomaly: '>=' not supported between instances of 'int' and 'datetime.datetime'
2025-05-26 07:45:27,802 - data_analyzer.anomaly_detector - ERROR - ❌ Lỗi khi kiểm tra recent anomaly: '>=' not supported between instances of 'int' and 'datetime.datetime'
2025-05-26 07:45:27,803 - data_analyzer.anomaly_detector - INFO - ✅ Phát hiện 2 anomalies 30d cho DOGEUSDT
2025-05-26 07:45:27,803 - data_analyzer.anomaly_detector - INFO - 🔍 Phát hiện anomalies correlation 30d cho DOGEUSDT
2025-05-26 07:45:27,831 - data_analyzer.anomaly_detector - INFO - ✅ Phát hiện 2 anomalies cho DOGEUSDT
2025-05-26 07:45:27,831 - data_analyzer.anomaly_detector - INFO -    - 30d_Volume_USDT: 1
2025-05-26 07:45:27,832 - data_analyzer.anomaly_detector - INFO -    - 30d_Volume: 1
2025-05-26 08:00:28,030 - data_analyzer.anomaly_detector - INFO - 🔧 Khởi tạo OptimizedAnomalyDetector với ngưỡng 2.5
2025-05-26 08:00:28,032 - data_analyzer.anomaly_detector - INFO - 🔍 Phát hiện tất cả anomalies cho BTCUSDT
2025-05-26 08:00:28,032 - data_analyzer.anomaly_detector - INFO - 🔍 Phát hiện anomalies 24h cho BTCUSDT
2025-05-26 08:00:28,043 - data_analyzer.anomaly_detector - INFO - ✅ Phát hiện 0 anomalies 24h cho BTCUSDT
2025-05-26 08:00:28,044 - data_analyzer.anomaly_detector - INFO - 🔍 Phát hiện volume spikes cho BTCUSDT
2025-05-26 08:00:28,065 - data_analyzer.anomaly_detector - INFO - ✅ Phát hiện 0 volume spikes cho BTCUSDT
2025-05-26 08:00:28,065 - data_analyzer.anomaly_detector - INFO - 🔍 Phát hiện OI-Price divergence cho BTCUSDT
2025-05-26 08:00:28,070 - data_analyzer.anomaly_detector - INFO - ✅ Kiểm tra OI divergence cho BTCUSDT: 0 anomalies
2025-05-26 08:00:28,071 - data_analyzer.anomaly_detector - INFO - 🔍 Phát hiện anomalies correlation 24h cho BTCUSDT
2025-05-26 08:00:28,079 - data_analyzer.anomaly_detector - INFO - ✅ Correlation 24h BTCUSDT: 0.999
2025-05-26 08:00:28,080 - data_analyzer.anomaly_detector - INFO - 🔍 Phát hiện anomalies 30d cho BTCUSDT
2025-05-26 08:00:28,096 - data_analyzer.anomaly_detector - ERROR - ❌ Lỗi khi kiểm tra recent anomaly: '>=' not supported between instances of 'int' and 'datetime.datetime'
2025-05-26 08:00:28,097 - data_analyzer.anomaly_detector - ERROR - ❌ Lỗi khi kiểm tra recent anomaly: '>=' not supported between instances of 'int' and 'datetime.datetime'
2025-05-26 08:00:28,097 - data_analyzer.anomaly_detector - INFO - ✅ Phát hiện 2 anomalies 30d cho BTCUSDT
2025-05-26 08:00:28,098 - data_analyzer.anomaly_detector - INFO - 🔍 Phát hiện anomalies correlation 30d cho BTCUSDT
2025-05-26 08:00:28,126 - data_analyzer.anomaly_detector - INFO - ✅ Phát hiện 2 anomalies cho BTCUSDT
2025-05-26 08:00:28,127 - data_analyzer.anomaly_detector - INFO -    - 30d_Volume_USDT: 1
2025-05-26 08:00:28,128 - data_analyzer.anomaly_detector - INFO -    - 30d_Volume: 1
2025-05-26 08:00:28,130 - data_analyzer.anomaly_detector - INFO - 🔍 Phát hiện tất cả anomalies cho ETHUSDT
2025-05-26 08:00:28,131 - data_analyzer.anomaly_detector - INFO - 🔍 Phát hiện anomalies 24h cho ETHUSDT
2025-05-26 08:00:28,137 - data_analyzer.anomaly_detector - INFO - ✅ Phát hiện 0 anomalies 24h cho ETHUSDT
2025-05-26 08:00:28,137 - data_analyzer.anomaly_detector - INFO - 🔍 Phát hiện volume spikes cho ETHUSDT
2025-05-26 08:00:28,151 - data_analyzer.anomaly_detector - INFO - ✅ Phát hiện 0 volume spikes cho ETHUSDT
2025-05-26 08:00:28,151 - data_analyzer.anomaly_detector - INFO - 🔍 Phát hiện OI-Price divergence cho ETHUSDT
2025-05-26 08:00:28,156 - data_analyzer.anomaly_detector - INFO - ✅ Kiểm tra OI divergence cho ETHUSDT: 0 anomalies
2025-05-26 08:00:28,157 - data_analyzer.anomaly_detector - INFO - 🔍 Phát hiện anomalies correlation 24h cho ETHUSDT
2025-05-26 08:00:28,162 - data_analyzer.anomaly_detector - INFO - ✅ Correlation 24h ETHUSDT: 0.985
2025-05-26 08:00:28,163 - data_analyzer.anomaly_detector - INFO - 🔍 Phát hiện anomalies 30d cho ETHUSDT
2025-05-26 08:00:28,179 - data_analyzer.anomaly_detector - ERROR - ❌ Lỗi khi kiểm tra recent anomaly: '>=' not supported between instances of 'int' and 'datetime.datetime'
2025-05-26 08:00:28,180 - data_analyzer.anomaly_detector - INFO - ✅ Phát hiện 2 anomalies 30d cho ETHUSDT
2025-05-26 08:00:28,181 - data_analyzer.anomaly_detector - INFO - 🔍 Phát hiện anomalies correlation 30d cho ETHUSDT
2025-05-26 08:00:28,221 - data_analyzer.anomaly_detector - INFO - ✅ Phát hiện 2 anomalies cho ETHUSDT
2025-05-26 08:00:28,222 - data_analyzer.anomaly_detector - INFO -    - 30d_OI: 1
2025-05-26 08:00:28,223 - data_analyzer.anomaly_detector - INFO -    - 30d_Volume: 1
2025-05-26 08:00:28,226 - data_analyzer.anomaly_detector - INFO - 🔍 Phát hiện tất cả anomalies cho BNBUSDT
2025-05-26 08:00:28,227 - data_analyzer.anomaly_detector - INFO - 🔍 Phát hiện anomalies 24h cho BNBUSDT
2025-05-26 08:00:28,235 - data_analyzer.anomaly_detector - INFO - ✅ Phát hiện 0 anomalies 24h cho BNBUSDT
2025-05-26 08:00:28,235 - data_analyzer.anomaly_detector - INFO - 🔍 Phát hiện volume spikes cho BNBUSDT
2025-05-26 08:00:28,250 - data_analyzer.anomaly_detector - INFO - ✅ Phát hiện 0 volume spikes cho BNBUSDT
2025-05-26 08:00:28,250 - data_analyzer.anomaly_detector - INFO - 🔍 Phát hiện OI-Price divergence cho BNBUSDT
2025-05-26 08:00:28,255 - data_analyzer.anomaly_detector - INFO - ✅ Kiểm tra OI divergence cho BNBUSDT: 0 anomalies
2025-05-26 08:00:28,256 - data_analyzer.anomaly_detector - INFO - 🔍 Phát hiện anomalies correlation 24h cho BNBUSDT
2025-05-26 08:00:28,260 - data_analyzer.anomaly_detector - INFO - ✅ Correlation 24h BNBUSDT: 0.999
2025-05-26 08:00:28,260 - data_analyzer.anomaly_detector - INFO - 🔍 Phát hiện anomalies 30d cho BNBUSDT
2025-05-26 08:00:28,279 - data_analyzer.anomaly_detector - ERROR - ❌ Lỗi khi kiểm tra recent anomaly: '>=' not supported between instances of 'int' and 'datetime.datetime'
2025-05-26 08:00:28,279 - data_analyzer.anomaly_detector - ERROR - ❌ Lỗi khi kiểm tra recent anomaly: '>=' not supported between instances of 'int' and 'datetime.datetime'
2025-05-26 08:00:28,280 - data_analyzer.anomaly_detector - INFO - ✅ Phát hiện 2 anomalies 30d cho BNBUSDT
2025-05-26 08:00:28,281 - data_analyzer.anomaly_detector - INFO - 🔍 Phát hiện anomalies correlation 30d cho BNBUSDT
2025-05-26 08:00:28,306 - data_analyzer.anomaly_detector - INFO - ✅ Phát hiện 2 anomalies cho BNBUSDT
2025-05-26 08:00:28,306 - data_analyzer.anomaly_detector - INFO -    - 30d_Volume_USDT: 1
2025-05-26 08:00:28,307 - data_analyzer.anomaly_detector - INFO -    - 30d_Volume: 1
2025-05-26 08:00:28,309 - data_analyzer.anomaly_detector - INFO - 🔍 Phát hiện tất cả anomalies cho SOLUSDT
2025-05-26 08:00:28,309 - data_analyzer.anomaly_detector - INFO - 🔍 Phát hiện anomalies 24h cho SOLUSDT
2025-05-26 08:00:28,316 - data_analyzer.anomaly_detector - INFO - ✅ Phát hiện 0 anomalies 24h cho SOLUSDT
2025-05-26 08:00:28,316 - data_analyzer.anomaly_detector - INFO - 🔍 Phát hiện volume spikes cho SOLUSDT
2025-05-26 08:00:28,329 - data_analyzer.anomaly_detector - INFO - ✅ Phát hiện 0 volume spikes cho SOLUSDT
2025-05-26 08:00:28,330 - data_analyzer.anomaly_detector - INFO - 🔍 Phát hiện OI-Price divergence cho SOLUSDT
2025-05-26 08:00:28,335 - data_analyzer.anomaly_detector - INFO - ✅ Kiểm tra OI divergence cho SOLUSDT: 0 anomalies
2025-05-26 08:00:28,335 - data_analyzer.anomaly_detector - INFO - 🔍 Phát hiện anomalies correlation 24h cho SOLUSDT
2025-05-26 08:00:28,340 - data_analyzer.anomaly_detector - INFO - ✅ Correlation 24h SOLUSDT: 0.995
2025-05-26 08:00:28,340 - data_analyzer.anomaly_detector - INFO - 🔍 Phát hiện anomalies 30d cho SOLUSDT
2025-05-26 08:00:28,357 - data_analyzer.anomaly_detector - INFO - ✅ Phát hiện 3 anomalies 30d cho SOLUSDT
2025-05-26 08:00:28,357 - data_analyzer.anomaly_detector - INFO - 🔍 Phát hiện anomalies correlation 30d cho SOLUSDT
2025-05-26 08:00:28,385 - data_analyzer.anomaly_detector - INFO - ✅ Phát hiện 3 anomalies cho SOLUSDT
2025-05-26 08:00:28,386 - data_analyzer.anomaly_detector - INFO -    - 30d_OI_Value: 1
2025-05-26 08:00:28,387 - data_analyzer.anomaly_detector - INFO -    - 30d_OI: 1
2025-05-26 08:00:28,387 - data_analyzer.anomaly_detector - INFO -    - 30d_Avg_OI_Value: 1
2025-05-26 08:00:28,390 - data_analyzer.anomaly_detector - INFO - 🔍 Phát hiện tất cả anomalies cho DOGEUSDT
2025-05-26 08:00:28,391 - data_analyzer.anomaly_detector - INFO - 🔍 Phát hiện anomalies 24h cho DOGEUSDT
2025-05-26 08:00:28,396 - data_analyzer.anomaly_detector - INFO - ✅ Phát hiện 0 anomalies 24h cho DOGEUSDT
2025-05-26 08:00:28,397 - data_analyzer.anomaly_detector - INFO - 🔍 Phát hiện volume spikes cho DOGEUSDT
2025-05-26 08:00:28,410 - data_analyzer.anomaly_detector - INFO - ✅ Phát hiện 0 volume spikes cho DOGEUSDT
2025-05-26 08:00:28,411 - data_analyzer.anomaly_detector - INFO - 🔍 Phát hiện OI-Price divergence cho DOGEUSDT
2025-05-26 08:00:28,415 - data_analyzer.anomaly_detector - INFO - ✅ Kiểm tra OI divergence cho DOGEUSDT: 0 anomalies
2025-05-26 08:00:28,416 - data_analyzer.anomaly_detector - INFO - 🔍 Phát hiện anomalies correlation 24h cho DOGEUSDT
2025-05-26 08:00:28,421 - data_analyzer.anomaly_detector - INFO - ✅ Correlation 24h DOGEUSDT: 0.991
2025-05-26 08:00:28,421 - data_analyzer.anomaly_detector - INFO - 🔍 Phát hiện anomalies 30d cho DOGEUSDT
2025-05-26 08:00:28,438 - data_analyzer.anomaly_detector - ERROR - ❌ Lỗi khi kiểm tra recent anomaly: '>=' not supported between instances of 'int' and 'datetime.datetime'
2025-05-26 08:00:28,438 - data_analyzer.anomaly_detector - ERROR - ❌ Lỗi khi kiểm tra recent anomaly: '>=' not supported between instances of 'int' and 'datetime.datetime'
2025-05-26 08:00:28,439 - data_analyzer.anomaly_detector - INFO - ✅ Phát hiện 2 anomalies 30d cho DOGEUSDT
2025-05-26 08:00:28,440 - data_analyzer.anomaly_detector - INFO - 🔍 Phát hiện anomalies correlation 30d cho DOGEUSDT
2025-05-26 08:00:28,460 - data_analyzer.anomaly_detector - INFO - ✅ Phát hiện 2 anomalies cho DOGEUSDT
2025-05-26 08:00:28,462 - data_analyzer.anomaly_detector - INFO -    - 30d_Volume_USDT: 1
2025-05-26 08:00:28,462 - data_analyzer.anomaly_detector - INFO -    - 30d_Volume: 1
2025-05-26 08:15:48,501 - data_analyzer.anomaly_detector - INFO - 🔧 Khởi tạo OptimizedAnomalyDetector với ngưỡng 2.5
2025-05-26 08:15:48,503 - data_analyzer.anomaly_detector - INFO - 🔍 Phát hiện tất cả anomalies cho BTCUSDT
2025-05-26 08:15:48,504 - data_analyzer.anomaly_detector - INFO - 🔍 Phát hiện anomalies 24h cho BTCUSDT
2025-05-26 08:15:48,515 - data_analyzer.anomaly_detector - INFO - ✅ Phát hiện 0 anomalies 24h cho BTCUSDT
2025-05-26 08:15:48,516 - data_analyzer.anomaly_detector - INFO - 🔍 Phát hiện volume spikes cho BTCUSDT
2025-05-26 08:15:48,532 - data_analyzer.anomaly_detector - INFO - ✅ Phát hiện 0 volume spikes cho BTCUSDT
2025-05-26 08:15:48,533 - data_analyzer.anomaly_detector - INFO - 🔍 Phát hiện OI-Price divergence cho BTCUSDT
2025-05-26 08:15:48,539 - data_analyzer.anomaly_detector - INFO - ✅ Kiểm tra OI divergence cho BTCUSDT: 0 anomalies
2025-05-26 08:15:48,540 - data_analyzer.anomaly_detector - INFO - 🔍 Phát hiện anomalies correlation 24h cho BTCUSDT
2025-05-26 08:15:48,548 - data_analyzer.anomaly_detector - INFO - ✅ Correlation 24h BTCUSDT: 0.999
2025-05-26 08:15:48,548 - data_analyzer.anomaly_detector - INFO - 🔍 Phát hiện anomalies 30d cho BTCUSDT
2025-05-26 08:15:48,565 - data_analyzer.anomaly_detector - ERROR - ❌ Lỗi khi kiểm tra recent anomaly: '>=' not supported between instances of 'int' and 'datetime.datetime'
2025-05-26 08:15:48,565 - data_analyzer.anomaly_detector - ERROR - ❌ Lỗi khi kiểm tra recent anomaly: '>=' not supported between instances of 'int' and 'datetime.datetime'
2025-05-26 08:15:48,566 - data_analyzer.anomaly_detector - INFO - ✅ Phát hiện 2 anomalies 30d cho BTCUSDT
2025-05-26 08:15:48,566 - data_analyzer.anomaly_detector - INFO - 🔍 Phát hiện anomalies correlation 30d cho BTCUSDT
2025-05-26 08:15:48,591 - data_analyzer.anomaly_detector - INFO - ✅ Phát hiện 2 anomalies cho BTCUSDT
2025-05-26 08:15:48,592 - data_analyzer.anomaly_detector - INFO -    - 30d_Volume_USDT: 1
2025-05-26 08:15:48,592 - data_analyzer.anomaly_detector - INFO -    - 30d_Volume: 1
2025-05-26 08:15:48,595 - data_analyzer.anomaly_detector - INFO - 🔍 Phát hiện tất cả anomalies cho ETHUSDT
2025-05-26 08:15:48,595 - data_analyzer.anomaly_detector - INFO - 🔍 Phát hiện anomalies 24h cho ETHUSDT
2025-05-26 08:15:48,602 - data_analyzer.anomaly_detector - INFO - ✅ Phát hiện 0 anomalies 24h cho ETHUSDT
2025-05-26 08:15:48,602 - data_analyzer.anomaly_detector - INFO - 🔍 Phát hiện volume spikes cho ETHUSDT
2025-05-26 08:15:48,619 - data_analyzer.anomaly_detector - INFO - ✅ Phát hiện 0 volume spikes cho ETHUSDT
2025-05-26 08:15:48,620 - data_analyzer.anomaly_detector - INFO - 🔍 Phát hiện OI-Price divergence cho ETHUSDT
2025-05-26 08:15:48,627 - data_analyzer.anomaly_detector - INFO - ✅ Kiểm tra OI divergence cho ETHUSDT: 0 anomalies
2025-05-26 08:15:48,627 - data_analyzer.anomaly_detector - INFO - 🔍 Phát hiện anomalies correlation 24h cho ETHUSDT
2025-05-26 08:15:48,632 - data_analyzer.anomaly_detector - INFO - ✅ Correlation 24h ETHUSDT: 0.985
2025-05-26 08:15:48,633 - data_analyzer.anomaly_detector - INFO - 🔍 Phát hiện anomalies 30d cho ETHUSDT
2025-05-26 08:15:48,649 - data_analyzer.anomaly_detector - ERROR - ❌ Lỗi khi kiểm tra recent anomaly: '>=' not supported between instances of 'int' and 'datetime.datetime'
2025-05-26 08:15:48,649 - data_analyzer.anomaly_detector - INFO - ✅ Phát hiện 2 anomalies 30d cho ETHUSDT
2025-05-26 08:15:48,650 - data_analyzer.anomaly_detector - INFO - 🔍 Phát hiện anomalies correlation 30d cho ETHUSDT
2025-05-26 08:15:48,674 - data_analyzer.anomaly_detector - INFO - ✅ Phát hiện 2 anomalies cho ETHUSDT
2025-05-26 08:15:48,675 - data_analyzer.anomaly_detector - INFO -    - 30d_OI: 1
2025-05-26 08:15:48,675 - data_analyzer.anomaly_detector - INFO -    - 30d_Volume: 1
2025-05-26 08:15:48,678 - data_analyzer.anomaly_detector - INFO - 🔍 Phát hiện tất cả anomalies cho BNBUSDT
2025-05-26 08:15:48,678 - data_analyzer.anomaly_detector - INFO - 🔍 Phát hiện anomalies 24h cho BNBUSDT
2025-05-26 08:15:48,684 - data_analyzer.anomaly_detector - INFO - ✅ Phát hiện 0 anomalies 24h cho BNBUSDT
2025-05-26 08:15:48,685 - data_analyzer.anomaly_detector - INFO - 🔍 Phát hiện volume spikes cho BNBUSDT
2025-05-26 08:15:48,697 - data_analyzer.anomaly_detector - INFO - ✅ Phát hiện 0 volume spikes cho BNBUSDT
2025-05-26 08:15:48,698 - data_analyzer.anomaly_detector - INFO - 🔍 Phát hiện OI-Price divergence cho BNBUSDT
2025-05-26 08:15:48,703 - data_analyzer.anomaly_detector - INFO - ✅ Kiểm tra OI divergence cho BNBUSDT: 0 anomalies
2025-05-26 08:15:48,704 - data_analyzer.anomaly_detector - INFO - 🔍 Phát hiện anomalies correlation 24h cho BNBUSDT
2025-05-26 08:15:48,711 - data_analyzer.anomaly_detector - INFO - ✅ Correlation 24h BNBUSDT: 0.999
2025-05-26 08:15:48,711 - data_analyzer.anomaly_detector - INFO - 🔍 Phát hiện anomalies 30d cho BNBUSDT
2025-05-26 08:15:48,727 - data_analyzer.anomaly_detector - ERROR - ❌ Lỗi khi kiểm tra recent anomaly: '>=' not supported between instances of 'int' and 'datetime.datetime'
2025-05-26 08:15:48,727 - data_analyzer.anomaly_detector - ERROR - ❌ Lỗi khi kiểm tra recent anomaly: '>=' not supported between instances of 'int' and 'datetime.datetime'
2025-05-26 08:15:48,728 - data_analyzer.anomaly_detector - INFO - ✅ Phát hiện 2 anomalies 30d cho BNBUSDT
2025-05-26 08:15:48,728 - data_analyzer.anomaly_detector - INFO - 🔍 Phát hiện anomalies correlation 30d cho BNBUSDT
2025-05-26 08:15:48,753 - data_analyzer.anomaly_detector - INFO - ✅ Phát hiện 2 anomalies cho BNBUSDT
2025-05-26 08:15:48,754 - data_analyzer.anomaly_detector - INFO -    - 30d_Volume_USDT: 1
2025-05-26 08:15:48,754 - data_analyzer.anomaly_detector - INFO -    - 30d_Volume: 1
2025-05-26 08:15:48,756 - data_analyzer.anomaly_detector - INFO - 🔍 Phát hiện tất cả anomalies cho SOLUSDT
2025-05-26 08:15:48,756 - data_analyzer.anomaly_detector - INFO - 🔍 Phát hiện anomalies 24h cho SOLUSDT
2025-05-26 08:15:48,763 - data_analyzer.anomaly_detector - INFO - ✅ Phát hiện 0 anomalies 24h cho SOLUSDT
2025-05-26 08:15:48,764 - data_analyzer.anomaly_detector - INFO - 🔍 Phát hiện volume spikes cho SOLUSDT
2025-05-26 08:15:48,777 - data_analyzer.anomaly_detector - INFO - ✅ Phát hiện 0 volume spikes cho SOLUSDT
2025-05-26 08:15:48,778 - data_analyzer.anomaly_detector - INFO - 🔍 Phát hiện OI-Price divergence cho SOLUSDT
2025-05-26 08:15:48,782 - data_analyzer.anomaly_detector - INFO - ✅ Kiểm tra OI divergence cho SOLUSDT: 0 anomalies
2025-05-26 08:15:48,782 - data_analyzer.anomaly_detector - INFO - 🔍 Phát hiện anomalies correlation 24h cho SOLUSDT
2025-05-26 08:15:48,788 - data_analyzer.anomaly_detector - INFO - ✅ Correlation 24h SOLUSDT: 0.995
2025-05-26 08:15:48,789 - data_analyzer.anomaly_detector - INFO - 🔍 Phát hiện anomalies 30d cho SOLUSDT
2025-05-26 08:15:48,805 - data_analyzer.anomaly_detector - INFO - ✅ Phát hiện 1 anomalies 30d cho SOLUSDT
2025-05-26 08:15:48,805 - data_analyzer.anomaly_detector - INFO - 🔍 Phát hiện anomalies correlation 30d cho SOLUSDT
2025-05-26 08:15:48,826 - data_analyzer.anomaly_detector - INFO - ✅ Phát hiện 1 anomalies cho SOLUSDT
2025-05-26 08:15:48,826 - data_analyzer.anomaly_detector - INFO -    - 30d_OI: 1
2025-05-26 08:15:48,828 - data_analyzer.anomaly_detector - INFO - 🔍 Phát hiện tất cả anomalies cho DOGEUSDT
2025-05-26 08:15:48,828 - data_analyzer.anomaly_detector - INFO - 🔍 Phát hiện anomalies 24h cho DOGEUSDT
2025-05-26 08:15:48,834 - data_analyzer.anomaly_detector - INFO - ✅ Phát hiện 0 anomalies 24h cho DOGEUSDT
2025-05-26 08:15:48,834 - data_analyzer.anomaly_detector - INFO - 🔍 Phát hiện volume spikes cho DOGEUSDT
2025-05-26 08:15:48,846 - data_analyzer.anomaly_detector - INFO - ✅ Phát hiện 0 volume spikes cho DOGEUSDT
2025-05-26 08:15:48,847 - data_analyzer.anomaly_detector - INFO - 🔍 Phát hiện OI-Price divergence cho DOGEUSDT
2025-05-26 08:15:48,851 - data_analyzer.anomaly_detector - INFO - ✅ Kiểm tra OI divergence cho DOGEUSDT: 0 anomalies
2025-05-26 08:15:48,851 - data_analyzer.anomaly_detector - INFO - 🔍 Phát hiện anomalies correlation 24h cho DOGEUSDT
2025-05-26 08:15:48,856 - data_analyzer.anomaly_detector - INFO - ✅ Correlation 24h DOGEUSDT: 0.991
2025-05-26 08:15:48,856 - data_analyzer.anomaly_detector - INFO - 🔍 Phát hiện anomalies 30d cho DOGEUSDT
2025-05-26 08:15:48,871 - data_analyzer.anomaly_detector - ERROR - ❌ Lỗi khi kiểm tra recent anomaly: '>=' not supported between instances of 'int' and 'datetime.datetime'
2025-05-26 08:15:48,872 - data_analyzer.anomaly_detector - ERROR - ❌ Lỗi khi kiểm tra recent anomaly: '>=' not supported between instances of 'int' and 'datetime.datetime'
2025-05-26 08:15:48,872 - data_analyzer.anomaly_detector - INFO - ✅ Phát hiện 2 anomalies 30d cho DOGEUSDT
2025-05-26 08:15:48,873 - data_analyzer.anomaly_detector - INFO - 🔍 Phát hiện anomalies correlation 30d cho DOGEUSDT
2025-05-26 08:15:48,897 - data_analyzer.anomaly_detector - INFO - ✅ Phát hiện 2 anomalies cho DOGEUSDT
2025-05-26 08:15:48,897 - data_analyzer.anomaly_detector - INFO -    - 30d_Volume_USDT: 1
2025-05-26 08:15:48,897 - data_analyzer.anomaly_detector - INFO -    - 30d_Volume: 1
2025-05-26 08:30:49,263 - data_analyzer.anomaly_detector - INFO - 🔧 Khởi tạo OptimizedAnomalyDetector với ngưỡng 2.5
2025-05-26 08:30:49,264 - data_analyzer.anomaly_detector - INFO - 🔍 Phát hiện tất cả anomalies cho BTCUSDT
2025-05-26 08:30:49,264 - data_analyzer.anomaly_detector - INFO - 🔍 Phát hiện anomalies 24h cho BTCUSDT
2025-05-26 08:30:49,272 - data_analyzer.anomaly_detector - INFO - ✅ Phát hiện 0 anomalies 24h cho BTCUSDT
2025-05-26 08:30:49,272 - data_analyzer.anomaly_detector - INFO - 🔍 Phát hiện volume spikes cho BTCUSDT
2025-05-26 08:30:49,285 - data_analyzer.anomaly_detector - INFO - ✅ Phát hiện 0 volume spikes cho BTCUSDT
2025-05-26 08:30:49,286 - data_analyzer.anomaly_detector - INFO - 🔍 Phát hiện OI-Price divergence cho BTCUSDT
2025-05-26 08:30:49,290 - data_analyzer.anomaly_detector - INFO - ✅ Kiểm tra OI divergence cho BTCUSDT: 0 anomalies
2025-05-26 08:30:49,291 - data_analyzer.anomaly_detector - INFO - 🔍 Phát hiện anomalies correlation 24h cho BTCUSDT
2025-05-26 08:30:49,298 - data_analyzer.anomaly_detector - INFO - ✅ Correlation 24h BTCUSDT: 0.999
2025-05-26 08:30:49,299 - data_analyzer.anomaly_detector - INFO - 🔍 Phát hiện anomalies 30d cho BTCUSDT
2025-05-26 08:30:49,316 - data_analyzer.anomaly_detector - ERROR - ❌ Lỗi khi kiểm tra recent anomaly: '>=' not supported between instances of 'int' and 'datetime.datetime'
2025-05-26 08:30:49,316 - data_analyzer.anomaly_detector - ERROR - ❌ Lỗi khi kiểm tra recent anomaly: '>=' not supported between instances of 'int' and 'datetime.datetime'
2025-05-26 08:30:49,317 - data_analyzer.anomaly_detector - INFO - ✅ Phát hiện 2 anomalies 30d cho BTCUSDT
2025-05-26 08:30:49,317 - data_analyzer.anomaly_detector - INFO - 🔍 Phát hiện anomalies correlation 30d cho BTCUSDT
2025-05-26 08:30:49,345 - data_analyzer.anomaly_detector - INFO - ✅ Phát hiện 2 anomalies cho BTCUSDT
2025-05-26 08:30:49,346 - data_analyzer.anomaly_detector - INFO -    - 30d_Volume_USDT: 1
2025-05-26 08:30:49,346 - data_analyzer.anomaly_detector - INFO -    - 30d_Volume: 1
2025-05-26 08:30:49,348 - data_analyzer.anomaly_detector - INFO - 🔍 Phát hiện tất cả anomalies cho ETHUSDT
2025-05-26 08:30:49,349 - data_analyzer.anomaly_detector - INFO - 🔍 Phát hiện anomalies 24h cho ETHUSDT
2025-05-26 08:30:49,355 - data_analyzer.anomaly_detector - INFO - ✅ Phát hiện 0 anomalies 24h cho ETHUSDT
2025-05-26 08:30:49,355 - data_analyzer.anomaly_detector - INFO - 🔍 Phát hiện volume spikes cho ETHUSDT
2025-05-26 08:30:49,368 - data_analyzer.anomaly_detector - INFO - ✅ Phát hiện 0 volume spikes cho ETHUSDT
2025-05-26 08:30:49,369 - data_analyzer.anomaly_detector - INFO - 🔍 Phát hiện OI-Price divergence cho ETHUSDT
2025-05-26 08:30:49,373 - data_analyzer.anomaly_detector - INFO - ✅ Kiểm tra OI divergence cho ETHUSDT: 0 anomalies
2025-05-26 08:30:49,374 - data_analyzer.anomaly_detector - INFO - 🔍 Phát hiện anomalies correlation 24h cho ETHUSDT
2025-05-26 08:30:49,378 - data_analyzer.anomaly_detector - INFO - ✅ Correlation 24h ETHUSDT: 0.985
2025-05-26 08:30:49,379 - data_analyzer.anomaly_detector - INFO - 🔍 Phát hiện anomalies 30d cho ETHUSDT
2025-05-26 08:30:49,394 - data_analyzer.anomaly_detector - ERROR - ❌ Lỗi khi kiểm tra recent anomaly: '>=' not supported between instances of 'int' and 'datetime.datetime'
2025-05-26 08:30:49,395 - data_analyzer.anomaly_detector - INFO - ✅ Phát hiện 2 anomalies 30d cho ETHUSDT
2025-05-26 08:30:49,395 - data_analyzer.anomaly_detector - INFO - 🔍 Phát hiện anomalies correlation 30d cho ETHUSDT
2025-05-26 08:30:49,420 - data_analyzer.anomaly_detector - INFO - ✅ Phát hiện 2 anomalies cho ETHUSDT
2025-05-26 08:30:49,421 - data_analyzer.anomaly_detector - INFO -    - 30d_OI: 1
2025-05-26 08:30:49,422 - data_analyzer.anomaly_detector - INFO -    - 30d_Volume: 1
2025-05-26 08:30:49,423 - data_analyzer.anomaly_detector - INFO - 🔍 Phát hiện tất cả anomalies cho BNBUSDT
2025-05-26 08:30:49,424 - data_analyzer.anomaly_detector - INFO - 🔍 Phát hiện anomalies 24h cho BNBUSDT
2025-05-26 08:30:49,430 - data_analyzer.anomaly_detector - INFO - ✅ Phát hiện 0 anomalies 24h cho BNBUSDT
2025-05-26 08:30:49,430 - data_analyzer.anomaly_detector - INFO - 🔍 Phát hiện volume spikes cho BNBUSDT
2025-05-26 08:30:49,443 - data_analyzer.anomaly_detector - INFO - ✅ Phát hiện 0 volume spikes cho BNBUSDT
2025-05-26 08:30:49,443 - data_analyzer.anomaly_detector - INFO - 🔍 Phát hiện OI-Price divergence cho BNBUSDT
2025-05-26 08:30:49,448 - data_analyzer.anomaly_detector - INFO - ✅ Kiểm tra OI divergence cho BNBUSDT: 0 anomalies
2025-05-26 08:30:49,449 - data_analyzer.anomaly_detector - INFO - 🔍 Phát hiện anomalies correlation 24h cho BNBUSDT
2025-05-26 08:30:49,453 - data_analyzer.anomaly_detector - INFO - ✅ Correlation 24h BNBUSDT: 0.999
2025-05-26 08:30:49,454 - data_analyzer.anomaly_detector - INFO - 🔍 Phát hiện anomalies 30d cho BNBUSDT
2025-05-26 08:30:49,469 - data_analyzer.anomaly_detector - ERROR - ❌ Lỗi khi kiểm tra recent anomaly: '>=' not supported between instances of 'int' and 'datetime.datetime'
2025-05-26 08:30:49,470 - data_analyzer.anomaly_detector - ERROR - ❌ Lỗi khi kiểm tra recent anomaly: '>=' not supported between instances of 'int' and 'datetime.datetime'
2025-05-26 08:30:49,470 - data_analyzer.anomaly_detector - INFO - ✅ Phát hiện 2 anomalies 30d cho BNBUSDT
2025-05-26 08:30:49,471 - data_analyzer.anomaly_detector - INFO - 🔍 Phát hiện anomalies correlation 30d cho BNBUSDT
2025-05-26 08:30:49,495 - data_analyzer.anomaly_detector - INFO - ✅ Phát hiện 2 anomalies cho BNBUSDT
2025-05-26 08:30:49,496 - data_analyzer.anomaly_detector - INFO -    - 30d_Volume_USDT: 1
2025-05-26 08:30:49,496 - data_analyzer.anomaly_detector - INFO -    - 30d_Volume: 1
2025-05-26 08:30:49,498 - data_analyzer.anomaly_detector - INFO - 🔍 Phát hiện tất cả anomalies cho SOLUSDT
2025-05-26 08:30:49,498 - data_analyzer.anomaly_detector - INFO - 🔍 Phát hiện anomalies 24h cho SOLUSDT
2025-05-26 08:30:49,504 - data_analyzer.anomaly_detector - INFO - ✅ Phát hiện 0 anomalies 24h cho SOLUSDT
2025-05-26 08:30:49,504 - data_analyzer.anomaly_detector - INFO - 🔍 Phát hiện volume spikes cho SOLUSDT
2025-05-26 08:30:49,517 - data_analyzer.anomaly_detector - INFO - ✅ Phát hiện 0 volume spikes cho SOLUSDT
2025-05-26 08:30:49,517 - data_analyzer.anomaly_detector - INFO - 🔍 Phát hiện OI-Price divergence cho SOLUSDT
2025-05-26 08:30:49,521 - data_analyzer.anomaly_detector - INFO - ✅ Kiểm tra OI divergence cho SOLUSDT: 0 anomalies
2025-05-26 08:30:49,522 - data_analyzer.anomaly_detector - INFO - 🔍 Phát hiện anomalies correlation 24h cho SOLUSDT
2025-05-26 08:30:49,527 - data_analyzer.anomaly_detector - INFO - ✅ Correlation 24h SOLUSDT: 0.995
2025-05-26 08:30:49,527 - data_analyzer.anomaly_detector - INFO - 🔍 Phát hiện anomalies 30d cho SOLUSDT
2025-05-26 08:30:49,542 - data_analyzer.anomaly_detector - INFO - ✅ Phát hiện 1 anomalies 30d cho SOLUSDT
2025-05-26 08:30:49,543 - data_analyzer.anomaly_detector - INFO - 🔍 Phát hiện anomalies correlation 30d cho SOLUSDT
2025-05-26 08:30:49,563 - data_analyzer.anomaly_detector - INFO - ✅ Phát hiện 1 anomalies cho SOLUSDT
2025-05-26 08:30:49,563 - data_analyzer.anomaly_detector - INFO -    - 30d_OI: 1
2025-05-26 08:30:49,565 - data_analyzer.anomaly_detector - INFO - 🔍 Phát hiện tất cả anomalies cho DOGEUSDT
2025-05-26 08:30:49,565 - data_analyzer.anomaly_detector - INFO - 🔍 Phát hiện anomalies 24h cho DOGEUSDT
2025-05-26 08:30:49,571 - data_analyzer.anomaly_detector - INFO - ✅ Phát hiện 0 anomalies 24h cho DOGEUSDT
2025-05-26 08:30:49,572 - data_analyzer.anomaly_detector - INFO - 🔍 Phát hiện volume spikes cho DOGEUSDT
2025-05-26 08:30:49,584 - data_analyzer.anomaly_detector - INFO - ✅ Phát hiện 0 volume spikes cho DOGEUSDT
2025-05-26 08:30:49,584 - data_analyzer.anomaly_detector - INFO - 🔍 Phát hiện OI-Price divergence cho DOGEUSDT
2025-05-26 08:30:49,589 - data_analyzer.anomaly_detector - INFO - ✅ Kiểm tra OI divergence cho DOGEUSDT: 0 anomalies
2025-05-26 08:30:49,589 - data_analyzer.anomaly_detector - INFO - 🔍 Phát hiện anomalies correlation 24h cho DOGEUSDT
2025-05-26 08:30:49,594 - data_analyzer.anomaly_detector - INFO - ✅ Correlation 24h DOGEUSDT: 0.991
2025-05-26 08:30:49,594 - data_analyzer.anomaly_detector - INFO - 🔍 Phát hiện anomalies 30d cho DOGEUSDT
2025-05-26 08:30:49,611 - data_analyzer.anomaly_detector - ERROR - ❌ Lỗi khi kiểm tra recent anomaly: '>=' not supported between instances of 'int' and 'datetime.datetime'
2025-05-26 08:30:49,611 - data_analyzer.anomaly_detector - ERROR - ❌ Lỗi khi kiểm tra recent anomaly: '>=' not supported between instances of 'int' and 'datetime.datetime'
2025-05-26 08:30:49,612 - data_analyzer.anomaly_detector - INFO - ✅ Phát hiện 2 anomalies 30d cho DOGEUSDT
2025-05-26 08:30:49,612 - data_analyzer.anomaly_detector - INFO - 🔍 Phát hiện anomalies correlation 30d cho DOGEUSDT
2025-05-26 08:30:49,636 - data_analyzer.anomaly_detector - INFO - ✅ Phát hiện 2 anomalies cho DOGEUSDT
2025-05-26 08:30:49,636 - data_analyzer.anomaly_detector - INFO -    - 30d_Volume_USDT: 1
2025-05-26 08:30:49,637 - data_analyzer.anomaly_detector - INFO -    - 30d_Volume: 1
2025-05-26 08:46:09,666 - data_analyzer.anomaly_detector - INFO - 🔧 Khởi tạo OptimizedAnomalyDetector với ngưỡng 2.5
2025-05-26 08:46:09,668 - data_analyzer.anomaly_detector - INFO - 🔍 Phát hiện tất cả anomalies cho BTCUSDT
2025-05-26 08:46:09,669 - data_analyzer.anomaly_detector - INFO - 🔍 Phát hiện anomalies 24h cho BTCUSDT
2025-05-26 08:46:09,681 - data_analyzer.anomaly_detector - INFO - ✅ Phát hiện 0 anomalies 24h cho BTCUSDT
2025-05-26 08:46:09,682 - data_analyzer.anomaly_detector - INFO - 🔍 Phát hiện volume spikes cho BTCUSDT
2025-05-26 08:46:09,706 - data_analyzer.anomaly_detector - INFO - ✅ Phát hiện 0 volume spikes cho BTCUSDT
2025-05-26 08:46:09,707 - data_analyzer.anomaly_detector - INFO - 🔍 Phát hiện OI-Price divergence cho BTCUSDT
2025-05-26 08:46:09,713 - data_analyzer.anomaly_detector - INFO - ✅ Kiểm tra OI divergence cho BTCUSDT: 0 anomalies
2025-05-26 08:46:09,714 - data_analyzer.anomaly_detector - INFO - 🔍 Phát hiện anomalies correlation 24h cho BTCUSDT
2025-05-26 08:46:09,720 - data_analyzer.anomaly_detector - INFO - ✅ Correlation 24h BTCUSDT: 0.999
2025-05-26 08:46:09,721 - data_analyzer.anomaly_detector - INFO - 🔍 Phát hiện anomalies 30d cho BTCUSDT
2025-05-26 08:46:09,742 - data_analyzer.anomaly_detector - ERROR - ❌ Lỗi khi kiểm tra recent anomaly: '>=' not supported between instances of 'int' and 'datetime.datetime'
2025-05-26 08:46:09,743 - data_analyzer.anomaly_detector - ERROR - ❌ Lỗi khi kiểm tra recent anomaly: '>=' not supported between instances of 'int' and 'datetime.datetime'
2025-05-26 08:46:09,744 - data_analyzer.anomaly_detector - INFO - ✅ Phát hiện 2 anomalies 30d cho BTCUSDT
2025-05-26 08:46:09,744 - data_analyzer.anomaly_detector - INFO - 🔍 Phát hiện anomalies correlation 30d cho BTCUSDT
2025-05-26 08:46:09,771 - data_analyzer.anomaly_detector - INFO - ✅ Phát hiện 2 anomalies cho BTCUSDT
2025-05-26 08:46:09,772 - data_analyzer.anomaly_detector - INFO -    - 30d_Volume_USDT: 1
2025-05-26 08:46:09,773 - data_analyzer.anomaly_detector - INFO -    - 30d_Volume: 1
2025-05-26 08:46:09,775 - data_analyzer.anomaly_detector - INFO - 🔍 Phát hiện tất cả anomalies cho ETHUSDT
2025-05-26 08:46:09,776 - data_analyzer.anomaly_detector - INFO - 🔍 Phát hiện anomalies 24h cho ETHUSDT
2025-05-26 08:46:09,782 - data_analyzer.anomaly_detector - INFO - ✅ Phát hiện 0 anomalies 24h cho ETHUSDT
2025-05-26 08:46:09,783 - data_analyzer.anomaly_detector - INFO - 🔍 Phát hiện volume spikes cho ETHUSDT
2025-05-26 08:46:09,797 - data_analyzer.anomaly_detector - INFO - ✅ Phát hiện 0 volume spikes cho ETHUSDT
2025-05-26 08:46:09,797 - data_analyzer.anomaly_detector - INFO - 🔍 Phát hiện OI-Price divergence cho ETHUSDT
2025-05-26 08:46:09,802 - data_analyzer.anomaly_detector - INFO - ✅ Kiểm tra OI divergence cho ETHUSDT: 0 anomalies
2025-05-26 08:46:09,802 - data_analyzer.anomaly_detector - INFO - 🔍 Phát hiện anomalies correlation 24h cho ETHUSDT
2025-05-26 08:46:09,808 - data_analyzer.anomaly_detector - INFO - ✅ Correlation 24h ETHUSDT: 0.985
2025-05-26 08:46:09,808 - data_analyzer.anomaly_detector - INFO - 🔍 Phát hiện anomalies 30d cho ETHUSDT
2025-05-26 08:46:09,825 - data_analyzer.anomaly_detector - ERROR - ❌ Lỗi khi kiểm tra recent anomaly: '>=' not supported between instances of 'int' and 'datetime.datetime'
2025-05-26 08:46:09,826 - data_analyzer.anomaly_detector - INFO - ✅ Phát hiện 2 anomalies 30d cho ETHUSDT
2025-05-26 08:46:09,826 - data_analyzer.anomaly_detector - INFO - 🔍 Phát hiện anomalies correlation 30d cho ETHUSDT
2025-05-26 08:46:09,852 - data_analyzer.anomaly_detector - INFO - ✅ Phát hiện 2 anomalies cho ETHUSDT
2025-05-26 08:46:09,853 - data_analyzer.anomaly_detector - INFO -    - 30d_OI: 1
2025-05-26 08:46:09,853 - data_analyzer.anomaly_detector - INFO -    - 30d_Volume: 1
2025-05-26 08:46:09,855 - data_analyzer.anomaly_detector - INFO - 🔍 Phát hiện tất cả anomalies cho BNBUSDT
2025-05-26 08:46:09,856 - data_analyzer.anomaly_detector - INFO - 🔍 Phát hiện anomalies 24h cho BNBUSDT
2025-05-26 08:46:09,862 - data_analyzer.anomaly_detector - INFO - ✅ Phát hiện 0 anomalies 24h cho BNBUSDT
2025-05-26 08:46:09,862 - data_analyzer.anomaly_detector - INFO - 🔍 Phát hiện volume spikes cho BNBUSDT
2025-05-26 08:46:09,876 - data_analyzer.anomaly_detector - INFO - ✅ Phát hiện 0 volume spikes cho BNBUSDT
2025-05-26 08:46:09,876 - data_analyzer.anomaly_detector - INFO - 🔍 Phát hiện OI-Price divergence cho BNBUSDT
2025-05-26 08:46:09,881 - data_analyzer.anomaly_detector - INFO - ✅ Kiểm tra OI divergence cho BNBUSDT: 0 anomalies
2025-05-26 08:46:09,882 - data_analyzer.anomaly_detector - INFO - 🔍 Phát hiện anomalies correlation 24h cho BNBUSDT
2025-05-26 08:46:09,887 - data_analyzer.anomaly_detector - INFO - ✅ Correlation 24h BNBUSDT: 0.999
2025-05-26 08:46:09,887 - data_analyzer.anomaly_detector - INFO - 🔍 Phát hiện anomalies 30d cho BNBUSDT
2025-05-26 08:46:09,904 - data_analyzer.anomaly_detector - ERROR - ❌ Lỗi khi kiểm tra recent anomaly: '>=' not supported between instances of 'int' and 'datetime.datetime'
2025-05-26 08:46:09,904 - data_analyzer.anomaly_detector - ERROR - ❌ Lỗi khi kiểm tra recent anomaly: '>=' not supported between instances of 'int' and 'datetime.datetime'
2025-05-26 08:46:09,905 - data_analyzer.anomaly_detector - INFO - ✅ Phát hiện 2 anomalies 30d cho BNBUSDT
2025-05-26 08:46:09,905 - data_analyzer.anomaly_detector - INFO - 🔍 Phát hiện anomalies correlation 30d cho BNBUSDT
2025-05-26 08:46:09,930 - data_analyzer.anomaly_detector - INFO - ✅ Phát hiện 2 anomalies cho BNBUSDT
2025-05-26 08:46:09,931 - data_analyzer.anomaly_detector - INFO -    - 30d_Volume_USDT: 1
2025-05-26 08:46:09,931 - data_analyzer.anomaly_detector - INFO -    - 30d_Volume: 1
2025-05-26 08:46:09,934 - data_analyzer.anomaly_detector - INFO - 🔍 Phát hiện tất cả anomalies cho SOLUSDT
2025-05-26 08:46:09,934 - data_analyzer.anomaly_detector - INFO - 🔍 Phát hiện anomalies 24h cho SOLUSDT
2025-05-26 08:46:09,940 - data_analyzer.anomaly_detector - INFO - ✅ Phát hiện 0 anomalies 24h cho SOLUSDT
2025-05-26 08:46:09,941 - data_analyzer.anomaly_detector - INFO - 🔍 Phát hiện volume spikes cho SOLUSDT
2025-05-26 08:46:09,954 - data_analyzer.anomaly_detector - INFO - ✅ Phát hiện 0 volume spikes cho SOLUSDT
2025-05-26 08:46:09,954 - data_analyzer.anomaly_detector - INFO - 🔍 Phát hiện OI-Price divergence cho SOLUSDT
2025-05-26 08:46:09,959 - data_analyzer.anomaly_detector - INFO - ✅ Kiểm tra OI divergence cho SOLUSDT: 0 anomalies
2025-05-26 08:46:09,959 - data_analyzer.anomaly_detector - INFO - 🔍 Phát hiện anomalies correlation 24h cho SOLUSDT
2025-05-26 08:46:09,965 - data_analyzer.anomaly_detector - INFO - ✅ Correlation 24h SOLUSDT: 0.995
2025-05-26 08:46:09,965 - data_analyzer.anomaly_detector - INFO - 🔍 Phát hiện anomalies 30d cho SOLUSDT
2025-05-26 08:46:09,981 - data_analyzer.anomaly_detector - INFO - ✅ Phát hiện 1 anomalies 30d cho SOLUSDT
2025-05-26 08:46:09,982 - data_analyzer.anomaly_detector - INFO - 🔍 Phát hiện anomalies correlation 30d cho SOLUSDT
2025-05-26 08:46:10,003 - data_analyzer.anomaly_detector - INFO - ✅ Phát hiện 1 anomalies cho SOLUSDT
2025-05-26 08:46:10,003 - data_analyzer.anomaly_detector - INFO -    - 30d_OI: 1
2025-05-26 08:46:10,005 - data_analyzer.anomaly_detector - INFO - 🔍 Phát hiện tất cả anomalies cho DOGEUSDT
2025-05-26 08:46:10,006 - data_analyzer.anomaly_detector - INFO - 🔍 Phát hiện anomalies 24h cho DOGEUSDT
2025-05-26 08:46:10,012 - data_analyzer.anomaly_detector - INFO - ✅ Phát hiện 0 anomalies 24h cho DOGEUSDT
2025-05-26 08:46:10,012 - data_analyzer.anomaly_detector - INFO - 🔍 Phát hiện volume spikes cho DOGEUSDT
2025-05-26 08:46:10,025 - data_analyzer.anomaly_detector - INFO - ✅ Phát hiện 0 volume spikes cho DOGEUSDT
2025-05-26 08:46:10,026 - data_analyzer.anomaly_detector - INFO - 🔍 Phát hiện OI-Price divergence cho DOGEUSDT
2025-05-26 08:46:10,031 - data_analyzer.anomaly_detector - INFO - ✅ Kiểm tra OI divergence cho DOGEUSDT: 0 anomalies
2025-05-26 08:46:10,032 - data_analyzer.anomaly_detector - INFO - 🔍 Phát hiện anomalies correlation 24h cho DOGEUSDT
2025-05-26 08:46:10,037 - data_analyzer.anomaly_detector - INFO - ✅ Correlation 24h DOGEUSDT: 0.991
2025-05-26 08:46:10,038 - data_analyzer.anomaly_detector - INFO - 🔍 Phát hiện anomalies 30d cho DOGEUSDT
2025-05-26 08:46:10,055 - data_analyzer.anomaly_detector - ERROR - ❌ Lỗi khi kiểm tra recent anomaly: '>=' not supported between instances of 'int' and 'datetime.datetime'
2025-05-26 08:46:10,056 - data_analyzer.anomaly_detector - ERROR - ❌ Lỗi khi kiểm tra recent anomaly: '>=' not supported between instances of 'int' and 'datetime.datetime'
2025-05-26 08:46:10,056 - data_analyzer.anomaly_detector - INFO - ✅ Phát hiện 3 anomalies 30d cho DOGEUSDT
2025-05-26 08:46:10,057 - data_analyzer.anomaly_detector - INFO - 🔍 Phát hiện anomalies correlation 30d cho DOGEUSDT
2025-05-26 08:46:10,086 - data_analyzer.anomaly_detector - INFO - ✅ Phát hiện 3 anomalies cho DOGEUSDT
2025-05-26 08:46:10,087 - data_analyzer.anomaly_detector - INFO -    - 30d_OI: 1
2025-05-26 08:46:10,087 - data_analyzer.anomaly_detector - INFO -    - 30d_Volume_USDT: 1
2025-05-26 08:46:10,088 - data_analyzer.anomaly_detector - INFO -    - 30d_Volume: 1
2025-05-26 09:01:10,399 - data_analyzer.anomaly_detector - INFO - 🔧 Khởi tạo OptimizedAnomalyDetector với ngưỡng 2.5
2025-05-26 09:01:10,401 - data_analyzer.anomaly_detector - INFO - 🔍 Phát hiện tất cả anomalies cho BTCUSDT
2025-05-26 09:01:10,402 - data_analyzer.anomaly_detector - INFO - 🔍 Phát hiện anomalies 24h cho BTCUSDT
2025-05-26 09:01:10,416 - data_analyzer.anomaly_detector - INFO - ✅ Phát hiện 0 anomalies 24h cho BTCUSDT
2025-05-26 09:01:10,417 - data_analyzer.anomaly_detector - INFO - 🔍 Phát hiện volume spikes cho BTCUSDT
2025-05-26 09:01:10,437 - data_analyzer.anomaly_detector - INFO - ✅ Phát hiện 0 volume spikes cho BTCUSDT
2025-05-26 09:01:10,438 - data_analyzer.anomaly_detector - INFO - 🔍 Phát hiện OI-Price divergence cho BTCUSDT
2025-05-26 09:01:10,443 - data_analyzer.anomaly_detector - INFO - ✅ Kiểm tra OI divergence cho BTCUSDT: 0 anomalies
2025-05-26 09:01:10,444 - data_analyzer.anomaly_detector - INFO - 🔍 Phát hiện anomalies correlation 24h cho BTCUSDT
2025-05-26 09:01:10,450 - data_analyzer.anomaly_detector - INFO - ✅ Correlation 24h BTCUSDT: 0.998
2025-05-26 09:01:10,451 - data_analyzer.anomaly_detector - INFO - 🔍 Phát hiện anomalies 30d cho BTCUSDT
2025-05-26 09:01:10,469 - data_analyzer.anomaly_detector - ERROR - ❌ Lỗi khi kiểm tra recent anomaly: '>=' not supported between instances of 'int' and 'datetime.datetime'
2025-05-26 09:01:10,470 - data_analyzer.anomaly_detector - ERROR - ❌ Lỗi khi kiểm tra recent anomaly: '>=' not supported between instances of 'int' and 'datetime.datetime'
2025-05-26 09:01:10,470 - data_analyzer.anomaly_detector - INFO - ✅ Phát hiện 2 anomalies 30d cho BTCUSDT
2025-05-26 09:01:10,471 - data_analyzer.anomaly_detector - INFO - 🔍 Phát hiện anomalies correlation 30d cho BTCUSDT
2025-05-26 09:01:10,503 - data_analyzer.anomaly_detector - INFO - ✅ Phát hiện 2 anomalies cho BTCUSDT
2025-05-26 09:01:10,503 - data_analyzer.anomaly_detector - INFO -    - 30d_Volume_USDT: 1
2025-05-26 09:01:10,504 - data_analyzer.anomaly_detector - INFO -    - 30d_Volume: 1
2025-05-26 09:01:10,507 - data_analyzer.anomaly_detector - INFO - 🔍 Phát hiện tất cả anomalies cho ETHUSDT
2025-05-26 09:01:10,507 - data_analyzer.anomaly_detector - INFO - 🔍 Phát hiện anomalies 24h cho ETHUSDT
2025-05-26 09:01:10,514 - data_analyzer.anomaly_detector - INFO - ✅ Phát hiện 0 anomalies 24h cho ETHUSDT
2025-05-26 09:01:10,515 - data_analyzer.anomaly_detector - INFO - 🔍 Phát hiện volume spikes cho ETHUSDT
2025-05-26 09:01:10,528 - data_analyzer.anomaly_detector - INFO - ✅ Phát hiện 0 volume spikes cho ETHUSDT
2025-05-26 09:01:10,529 - data_analyzer.anomaly_detector - INFO - 🔍 Phát hiện OI-Price divergence cho ETHUSDT
2025-05-26 09:01:10,534 - data_analyzer.anomaly_detector - INFO - ✅ Kiểm tra OI divergence cho ETHUSDT: 0 anomalies
2025-05-26 09:01:10,534 - data_analyzer.anomaly_detector - INFO - 🔍 Phát hiện anomalies correlation 24h cho ETHUSDT
2025-05-26 09:01:10,541 - data_analyzer.anomaly_detector - INFO - ✅ Correlation 24h ETHUSDT: 0.983
2025-05-26 09:01:10,542 - data_analyzer.anomaly_detector - INFO - 🔍 Phát hiện anomalies 30d cho ETHUSDT
2025-05-26 09:01:10,559 - data_analyzer.anomaly_detector - ERROR - ❌ Lỗi khi kiểm tra recent anomaly: '>=' not supported between instances of 'int' and 'datetime.datetime'
2025-05-26 09:01:10,559 - data_analyzer.anomaly_detector - INFO - ✅ Phát hiện 2 anomalies 30d cho ETHUSDT
2025-05-26 09:01:10,560 - data_analyzer.anomaly_detector - INFO - 🔍 Phát hiện anomalies correlation 30d cho ETHUSDT
2025-05-26 09:01:10,585 - data_analyzer.anomaly_detector - INFO - ✅ Phát hiện 2 anomalies cho ETHUSDT
2025-05-26 09:01:10,586 - data_analyzer.anomaly_detector - INFO -    - 30d_OI: 1
2025-05-26 09:01:10,587 - data_analyzer.anomaly_detector - INFO -    - 30d_Volume: 1
2025-05-26 09:01:10,589 - data_analyzer.anomaly_detector - INFO - 🔍 Phát hiện tất cả anomalies cho BNBUSDT
2025-05-26 09:01:10,589 - data_analyzer.anomaly_detector - INFO - 🔍 Phát hiện anomalies 24h cho BNBUSDT
2025-05-26 09:01:10,595 - data_analyzer.anomaly_detector - INFO - ✅ Phát hiện 0 anomalies 24h cho BNBUSDT
2025-05-26 09:01:10,596 - data_analyzer.anomaly_detector - INFO - 🔍 Phát hiện volume spikes cho BNBUSDT
2025-05-26 09:01:10,609 - data_analyzer.anomaly_detector - INFO - ✅ Phát hiện 0 volume spikes cho BNBUSDT
2025-05-26 09:01:10,610 - data_analyzer.anomaly_detector - INFO - 🔍 Phát hiện OI-Price divergence cho BNBUSDT
2025-05-26 09:01:10,615 - data_analyzer.anomaly_detector - INFO - ✅ Kiểm tra OI divergence cho BNBUSDT: 0 anomalies
2025-05-26 09:01:10,616 - data_analyzer.anomaly_detector - INFO - 🔍 Phát hiện anomalies correlation 24h cho BNBUSDT
2025-05-26 09:01:10,621 - data_analyzer.anomaly_detector - INFO - ✅ Correlation 24h BNBUSDT: 0.998
2025-05-26 09:01:10,621 - data_analyzer.anomaly_detector - INFO - 🔍 Phát hiện anomalies 30d cho BNBUSDT
2025-05-26 09:01:10,639 - data_analyzer.anomaly_detector - ERROR - ❌ Lỗi khi kiểm tra recent anomaly: '>=' not supported between instances of 'int' and 'datetime.datetime'
2025-05-26 09:01:10,640 - data_analyzer.anomaly_detector - ERROR - ❌ Lỗi khi kiểm tra recent anomaly: '>=' not supported between instances of 'int' and 'datetime.datetime'
2025-05-26 09:01:10,640 - data_analyzer.anomaly_detector - INFO - ✅ Phát hiện 4 anomalies 30d cho BNBUSDT
2025-05-26 09:01:10,641 - data_analyzer.anomaly_detector - INFO - 🔍 Phát hiện anomalies correlation 30d cho BNBUSDT
2025-05-26 09:01:10,675 - data_analyzer.anomaly_detector - INFO - ✅ Phát hiện 4 anomalies cho BNBUSDT
2025-05-26 09:01:10,675 - data_analyzer.anomaly_detector - INFO -    - 30d_OI_Value: 1
2025-05-26 09:01:10,676 - data_analyzer.anomaly_detector - INFO -    - 30d_Avg_OI_Value: 1
2025-05-26 09:01:10,676 - data_analyzer.anomaly_detector - INFO -    - 30d_Volume_USDT: 1
2025-05-26 09:01:10,677 - data_analyzer.anomaly_detector - INFO -    - 30d_Volume: 1
2025-05-26 09:01:10,679 - data_analyzer.anomaly_detector - INFO - 🔍 Phát hiện tất cả anomalies cho SOLUSDT
2025-05-26 09:01:10,680 - data_analyzer.anomaly_detector - INFO - 🔍 Phát hiện anomalies 24h cho SOLUSDT
2025-05-26 09:01:10,691 - data_analyzer.anomaly_detector - INFO - ✅ Phát hiện 0 anomalies 24h cho SOLUSDT
2025-05-26 09:01:10,692 - data_analyzer.anomaly_detector - INFO - 🔍 Phát hiện volume spikes cho SOLUSDT
2025-05-26 09:01:10,706 - data_analyzer.anomaly_detector - INFO - ✅ Phát hiện 0 volume spikes cho SOLUSDT
2025-05-26 09:01:10,707 - data_analyzer.anomaly_detector - INFO - 🔍 Phát hiện OI-Price divergence cho SOLUSDT
2025-05-26 09:01:10,712 - data_analyzer.anomaly_detector - INFO - ✅ Kiểm tra OI divergence cho SOLUSDT: 0 anomalies
2025-05-26 09:01:10,712 - data_analyzer.anomaly_detector - INFO - 🔍 Phát hiện anomalies correlation 24h cho SOLUSDT
2025-05-26 09:01:10,717 - data_analyzer.anomaly_detector - INFO - ✅ Correlation 24h SOLUSDT: 0.994
2025-05-26 09:01:10,718 - data_analyzer.anomaly_detector - INFO - 🔍 Phát hiện anomalies 30d cho SOLUSDT
2025-05-26 09:01:10,734 - data_analyzer.anomaly_detector - INFO - ✅ Phát hiện 1 anomalies 30d cho SOLUSDT
2025-05-26 09:01:10,734 - data_analyzer.anomaly_detector - INFO - 🔍 Phát hiện anomalies correlation 30d cho SOLUSDT
2025-05-26 09:01:10,755 - data_analyzer.anomaly_detector - INFO - ✅ Phát hiện 1 anomalies cho SOLUSDT
2025-05-26 09:01:10,756 - data_analyzer.anomaly_detector - INFO -    - 30d_OI: 1
2025-05-26 09:01:10,757 - data_analyzer.anomaly_detector - INFO - 🔍 Phát hiện tất cả anomalies cho DOGEUSDT
2025-05-26 09:01:10,758 - data_analyzer.anomaly_detector - INFO - 🔍 Phát hiện anomalies 24h cho DOGEUSDT
2025-05-26 09:01:10,764 - data_analyzer.anomaly_detector - INFO - ✅ Phát hiện 0 anomalies 24h cho DOGEUSDT
2025-05-26 09:01:10,765 - data_analyzer.anomaly_detector - INFO - 🔍 Phát hiện volume spikes cho DOGEUSDT
2025-05-26 09:01:10,778 - data_analyzer.anomaly_detector - INFO - ✅ Phát hiện 0 volume spikes cho DOGEUSDT
2025-05-26 09:01:10,778 - data_analyzer.anomaly_detector - INFO - 🔍 Phát hiện OI-Price divergence cho DOGEUSDT
2025-05-26 09:01:10,783 - data_analyzer.anomaly_detector - INFO - ✅ Kiểm tra OI divergence cho DOGEUSDT: 0 anomalies
2025-05-26 09:01:10,784 - data_analyzer.anomaly_detector - INFO - 🔍 Phát hiện anomalies correlation 24h cho DOGEUSDT
2025-05-26 09:01:10,789 - data_analyzer.anomaly_detector - INFO - ✅ Correlation 24h DOGEUSDT: 0.990
2025-05-26 09:01:10,789 - data_analyzer.anomaly_detector - INFO - 🔍 Phát hiện anomalies 30d cho DOGEUSDT
2025-05-26 09:01:10,806 - data_analyzer.anomaly_detector - ERROR - ❌ Lỗi khi kiểm tra recent anomaly: '>=' not supported between instances of 'int' and 'datetime.datetime'
2025-05-26 09:01:10,807 - data_analyzer.anomaly_detector - ERROR - ❌ Lỗi khi kiểm tra recent anomaly: '>=' not supported between instances of 'int' and 'datetime.datetime'
2025-05-26 09:01:10,808 - data_analyzer.anomaly_detector - INFO - ✅ Phát hiện 3 anomalies 30d cho DOGEUSDT
2025-05-26 09:01:10,808 - data_analyzer.anomaly_detector - INFO - 🔍 Phát hiện anomalies correlation 30d cho DOGEUSDT
2025-05-26 09:01:10,837 - data_analyzer.anomaly_detector - INFO - ✅ Phát hiện 3 anomalies cho DOGEUSDT
2025-05-26 09:01:10,838 - data_analyzer.anomaly_detector - INFO -    - 30d_OI: 1
2025-05-26 09:01:10,838 - data_analyzer.anomaly_detector - INFO -    - 30d_Volume_USDT: 1
2025-05-26 09:01:10,839 - data_analyzer.anomaly_detector - INFO -    - 30d_Volume: 1
2025-05-26 09:16:31,790 - data_analyzer.anomaly_detector - INFO - 🔧 Khởi tạo OptimizedAnomalyDetector với ngưỡng 2.5
2025-05-26 09:16:31,792 - data_analyzer.anomaly_detector - INFO - 🔍 Phát hiện tất cả anomalies cho BTCUSDT
2025-05-26 09:16:31,793 - data_analyzer.anomaly_detector - INFO - 🔍 Phát hiện anomalies 24h cho BTCUSDT
2025-05-26 09:16:31,804 - data_analyzer.anomaly_detector - INFO - ✅ Phát hiện 0 anomalies 24h cho BTCUSDT
2025-05-26 09:16:31,805 - data_analyzer.anomaly_detector - INFO - 🔍 Phát hiện volume spikes cho BTCUSDT
2025-05-26 09:16:31,824 - data_analyzer.anomaly_detector - INFO - ✅ Phát hiện 0 volume spikes cho BTCUSDT
2025-05-26 09:16:31,825 - data_analyzer.anomaly_detector - INFO - 🔍 Phát hiện OI-Price divergence cho BTCUSDT
2025-05-26 09:16:31,829 - data_analyzer.anomaly_detector - INFO - ✅ Kiểm tra OI divergence cho BTCUSDT: 0 anomalies
2025-05-26 09:16:31,830 - data_analyzer.anomaly_detector - INFO - 🔍 Phát hiện anomalies correlation 24h cho BTCUSDT
2025-05-26 09:16:31,835 - data_analyzer.anomaly_detector - INFO - ✅ Correlation 24h BTCUSDT: 0.998
2025-05-26 09:16:31,836 - data_analyzer.anomaly_detector - INFO - 🔍 Phát hiện anomalies 30d cho BTCUSDT
2025-05-26 09:16:31,852 - data_analyzer.anomaly_detector - ERROR - ❌ Lỗi khi kiểm tra recent anomaly: '>=' not supported between instances of 'int' and 'datetime.datetime'
2025-05-26 09:16:31,852 - data_analyzer.anomaly_detector - ERROR - ❌ Lỗi khi kiểm tra recent anomaly: '>=' not supported between instances of 'int' and 'datetime.datetime'
2025-05-26 09:16:31,853 - data_analyzer.anomaly_detector - INFO - ✅ Phát hiện 2 anomalies 30d cho BTCUSDT
2025-05-26 09:16:31,853 - data_analyzer.anomaly_detector - INFO - 🔍 Phát hiện anomalies correlation 30d cho BTCUSDT
2025-05-26 09:16:31,881 - data_analyzer.anomaly_detector - INFO - ✅ Phát hiện 2 anomalies cho BTCUSDT
2025-05-26 09:16:31,881 - data_analyzer.anomaly_detector - INFO -    - 30d_Volume_USDT: 1
2025-05-26 09:16:31,882 - data_analyzer.anomaly_detector - INFO -    - 30d_Volume: 1
2025-05-26 09:16:31,884 - data_analyzer.anomaly_detector - INFO - 🔍 Phát hiện tất cả anomalies cho ETHUSDT
2025-05-26 09:16:31,884 - data_analyzer.anomaly_detector - INFO - 🔍 Phát hiện anomalies 24h cho ETHUSDT
2025-05-26 09:16:31,891 - data_analyzer.anomaly_detector - INFO - ✅ Phát hiện 0 anomalies 24h cho ETHUSDT
2025-05-26 09:16:31,891 - data_analyzer.anomaly_detector - INFO - 🔍 Phát hiện volume spikes cho ETHUSDT
2025-05-26 09:16:31,903 - data_analyzer.anomaly_detector - INFO - ✅ Phát hiện 0 volume spikes cho ETHUSDT
2025-05-26 09:16:31,903 - data_analyzer.anomaly_detector - INFO - 🔍 Phát hiện OI-Price divergence cho ETHUSDT
2025-05-26 09:16:31,908 - data_analyzer.anomaly_detector - INFO - ✅ Kiểm tra OI divergence cho ETHUSDT: 0 anomalies
2025-05-26 09:16:31,908 - data_analyzer.anomaly_detector - INFO - 🔍 Phát hiện anomalies correlation 24h cho ETHUSDT
2025-05-26 09:16:31,914 - data_analyzer.anomaly_detector - INFO - ✅ Correlation 24h ETHUSDT: 0.983
2025-05-26 09:16:31,915 - data_analyzer.anomaly_detector - INFO - 🔍 Phát hiện anomalies 30d cho ETHUSDT
2025-05-26 09:16:31,931 - data_analyzer.anomaly_detector - ERROR - ❌ Lỗi khi kiểm tra recent anomaly: '>=' not supported between instances of 'int' and 'datetime.datetime'
2025-05-26 09:16:31,932 - data_analyzer.anomaly_detector - INFO - ✅ Phát hiện 2 anomalies 30d cho ETHUSDT
2025-05-26 09:16:31,932 - data_analyzer.anomaly_detector - INFO - 🔍 Phát hiện anomalies correlation 30d cho ETHUSDT
2025-05-26 09:16:31,955 - data_analyzer.anomaly_detector - INFO - ✅ Phát hiện 2 anomalies cho ETHUSDT
2025-05-26 09:16:31,957 - data_analyzer.anomaly_detector - INFO -    - 30d_OI: 1
2025-05-26 09:16:31,957 - data_analyzer.anomaly_detector - INFO -    - 30d_Volume: 1
2025-05-26 09:16:31,958 - data_analyzer.anomaly_detector - INFO - 🔍 Phát hiện tất cả anomalies cho BNBUSDT
2025-05-26 09:16:31,959 - data_analyzer.anomaly_detector - INFO - 🔍 Phát hiện anomalies 24h cho BNBUSDT
2025-05-26 09:16:31,965 - data_analyzer.anomaly_detector - INFO - ✅ Phát hiện 0 anomalies 24h cho BNBUSDT
2025-05-26 09:16:31,965 - data_analyzer.anomaly_detector - INFO - 🔍 Phát hiện volume spikes cho BNBUSDT
2025-05-26 09:16:31,979 - data_analyzer.anomaly_detector - INFO - ✅ Phát hiện 0 volume spikes cho BNBUSDT
2025-05-26 09:16:31,980 - data_analyzer.anomaly_detector - INFO - 🔍 Phát hiện OI-Price divergence cho BNBUSDT
2025-05-26 09:16:31,984 - data_analyzer.anomaly_detector - INFO - ✅ Kiểm tra OI divergence cho BNBUSDT: 0 anomalies
2025-05-26 09:16:31,984 - data_analyzer.anomaly_detector - INFO - 🔍 Phát hiện anomalies correlation 24h cho BNBUSDT
2025-05-26 09:16:31,989 - data_analyzer.anomaly_detector - INFO - ✅ Correlation 24h BNBUSDT: 0.998
2025-05-26 09:16:31,990 - data_analyzer.anomaly_detector - INFO - 🔍 Phát hiện anomalies 30d cho BNBUSDT
2025-05-26 09:16:32,006 - data_analyzer.anomaly_detector - ERROR - ❌ Lỗi khi kiểm tra recent anomaly: '>=' not supported between instances of 'int' and 'datetime.datetime'
2025-05-26 09:16:32,007 - data_analyzer.anomaly_detector - ERROR - ❌ Lỗi khi kiểm tra recent anomaly: '>=' not supported between instances of 'int' and 'datetime.datetime'
2025-05-26 09:16:32,007 - data_analyzer.anomaly_detector - INFO - ✅ Phát hiện 4 anomalies 30d cho BNBUSDT
2025-05-26 09:16:32,008 - data_analyzer.anomaly_detector - INFO - 🔍 Phát hiện anomalies correlation 30d cho BNBUSDT
2025-05-26 09:16:32,041 - data_analyzer.anomaly_detector - INFO - ✅ Phát hiện 4 anomalies cho BNBUSDT
2025-05-26 09:16:32,041 - data_analyzer.anomaly_detector - INFO -    - 30d_OI_Value: 1
2025-05-26 09:16:32,041 - data_analyzer.anomaly_detector - INFO -    - 30d_Avg_OI_Value: 1
2025-05-26 09:16:32,042 - data_analyzer.anomaly_detector - INFO -    - 30d_Volume_USDT: 1
2025-05-26 09:16:32,042 - data_analyzer.anomaly_detector - INFO -    - 30d_Volume: 1
2025-05-26 09:16:32,044 - data_analyzer.anomaly_detector - INFO - 🔍 Phát hiện tất cả anomalies cho SOLUSDT
2025-05-26 09:16:32,045 - data_analyzer.anomaly_detector - INFO - 🔍 Phát hiện anomalies 24h cho SOLUSDT
2025-05-26 09:16:32,051 - data_analyzer.anomaly_detector - INFO - ✅ Phát hiện 0 anomalies 24h cho SOLUSDT
2025-05-26 09:16:32,051 - data_analyzer.anomaly_detector - INFO - 🔍 Phát hiện volume spikes cho SOLUSDT
2025-05-26 09:16:32,064 - data_analyzer.anomaly_detector - INFO - ✅ Phát hiện 0 volume spikes cho SOLUSDT
2025-05-26 09:16:32,064 - data_analyzer.anomaly_detector - INFO - 🔍 Phát hiện OI-Price divergence cho SOLUSDT
2025-05-26 09:16:32,069 - data_analyzer.anomaly_detector - INFO - ✅ Kiểm tra OI divergence cho SOLUSDT: 0 anomalies
2025-05-26 09:16:32,069 - data_analyzer.anomaly_detector - INFO - 🔍 Phát hiện anomalies correlation 24h cho SOLUSDT
2025-05-26 09:16:32,075 - data_analyzer.anomaly_detector - INFO - ✅ Correlation 24h SOLUSDT: 0.994
2025-05-26 09:16:32,075 - data_analyzer.anomaly_detector - INFO - 🔍 Phát hiện anomalies 30d cho SOLUSDT
2025-05-26 09:16:32,090 - data_analyzer.anomaly_detector - INFO - ✅ Phát hiện 1 anomalies 30d cho SOLUSDT
2025-05-26 09:16:32,090 - data_analyzer.anomaly_detector - INFO - 🔍 Phát hiện anomalies correlation 30d cho SOLUSDT
2025-05-26 09:16:32,110 - data_analyzer.anomaly_detector - INFO - ✅ Phát hiện 1 anomalies cho SOLUSDT
2025-05-26 09:16:32,110 - data_analyzer.anomaly_detector - INFO -    - 30d_OI: 1
2025-05-26 09:16:32,111 - data_analyzer.anomaly_detector - INFO - 🔍 Phát hiện tất cả anomalies cho DOGEUSDT
2025-05-26 09:16:32,112 - data_analyzer.anomaly_detector - INFO - 🔍 Phát hiện anomalies 24h cho DOGEUSDT
2025-05-26 09:16:32,117 - data_analyzer.anomaly_detector - INFO - ✅ Phát hiện 0 anomalies 24h cho DOGEUSDT
2025-05-26 09:16:32,118 - data_analyzer.anomaly_detector - INFO - 🔍 Phát hiện volume spikes cho DOGEUSDT
2025-05-26 09:16:32,130 - data_analyzer.anomaly_detector - INFO - ✅ Phát hiện 0 volume spikes cho DOGEUSDT
2025-05-26 09:16:32,130 - data_analyzer.anomaly_detector - INFO - 🔍 Phát hiện OI-Price divergence cho DOGEUSDT
2025-05-26 09:16:32,135 - data_analyzer.anomaly_detector - INFO - ✅ Kiểm tra OI divergence cho DOGEUSDT: 0 anomalies
2025-05-26 09:16:32,135 - data_analyzer.anomaly_detector - INFO - 🔍 Phát hiện anomalies correlation 24h cho DOGEUSDT
2025-05-26 09:16:32,140 - data_analyzer.anomaly_detector - INFO - ✅ Correlation 24h DOGEUSDT: 0.990
2025-05-26 09:16:32,140 - data_analyzer.anomaly_detector - INFO - 🔍 Phát hiện anomalies 30d cho DOGEUSDT
2025-05-26 09:16:32,155 - data_analyzer.anomaly_detector - ERROR - ❌ Lỗi khi kiểm tra recent anomaly: '>=' not supported between instances of 'int' and 'datetime.datetime'
2025-05-26 09:16:32,156 - data_analyzer.anomaly_detector - ERROR - ❌ Lỗi khi kiểm tra recent anomaly: '>=' not supported between instances of 'int' and 'datetime.datetime'
2025-05-26 09:16:32,156 - data_analyzer.anomaly_detector - INFO - ✅ Phát hiện 3 anomalies 30d cho DOGEUSDT
2025-05-26 09:16:32,157 - data_analyzer.anomaly_detector - INFO - 🔍 Phát hiện anomalies correlation 30d cho DOGEUSDT
2025-05-26 09:16:32,186 - data_analyzer.anomaly_detector - INFO - ✅ Phát hiện 3 anomalies cho DOGEUSDT
2025-05-26 09:16:32,187 - data_analyzer.anomaly_detector - INFO -    - 30d_OI: 1
2025-05-26 09:16:32,187 - data_analyzer.anomaly_detector - INFO -    - 30d_Volume_USDT: 1
2025-05-26 09:16:32,188 - data_analyzer.anomaly_detector - INFO -    - 30d_Volume: 1
2025-05-26 09:31:33,051 - data_analyzer.anomaly_detector - INFO - 🔧 Khởi tạo OptimizedAnomalyDetector với ngưỡng 2.5
2025-05-26 09:31:33,053 - data_analyzer.anomaly_detector - INFO - 🔍 Phát hiện tất cả anomalies cho BTCUSDT
2025-05-26 09:31:33,054 - data_analyzer.anomaly_detector - INFO - 🔍 Phát hiện anomalies 24h cho BTCUSDT
2025-05-26 09:31:33,065 - data_analyzer.anomaly_detector - INFO - ✅ Phát hiện 0 anomalies 24h cho BTCUSDT
2025-05-26 09:31:33,066 - data_analyzer.anomaly_detector - INFO - 🔍 Phát hiện volume spikes cho BTCUSDT
2025-05-26 09:31:33,086 - data_analyzer.anomaly_detector - INFO - ✅ Phát hiện 0 volume spikes cho BTCUSDT
2025-05-26 09:31:33,086 - data_analyzer.anomaly_detector - INFO - 🔍 Phát hiện OI-Price divergence cho BTCUSDT
2025-05-26 09:31:33,091 - data_analyzer.anomaly_detector - INFO - ✅ Kiểm tra OI divergence cho BTCUSDT: 0 anomalies
2025-05-26 09:31:33,092 - data_analyzer.anomaly_detector - INFO - 🔍 Phát hiện anomalies correlation 24h cho BTCUSDT
2025-05-26 09:31:33,097 - data_analyzer.anomaly_detector - INFO - ✅ Correlation 24h BTCUSDT: 0.998
2025-05-26 09:31:33,098 - data_analyzer.anomaly_detector - INFO - 🔍 Phát hiện anomalies 30d cho BTCUSDT
2025-05-26 09:31:33,113 - data_analyzer.anomaly_detector - ERROR - ❌ Lỗi khi kiểm tra recent anomaly: '>=' not supported between instances of 'int' and 'datetime.datetime'
2025-05-26 09:31:33,113 - data_analyzer.anomaly_detector - ERROR - ❌ Lỗi khi kiểm tra recent anomaly: '>=' not supported between instances of 'int' and 'datetime.datetime'
2025-05-26 09:31:33,114 - data_analyzer.anomaly_detector - INFO - ✅ Phát hiện 2 anomalies 30d cho BTCUSDT
2025-05-26 09:31:33,114 - data_analyzer.anomaly_detector - INFO - 🔍 Phát hiện anomalies correlation 30d cho BTCUSDT
2025-05-26 09:31:33,142 - data_analyzer.anomaly_detector - INFO - ✅ Phát hiện 2 anomalies cho BTCUSDT
2025-05-26 09:31:33,142 - data_analyzer.anomaly_detector - INFO -    - 30d_Volume_USDT: 1
2025-05-26 09:31:33,143 - data_analyzer.anomaly_detector - INFO -    - 30d_Volume: 1
2025-05-26 09:31:33,145 - data_analyzer.anomaly_detector - INFO - 🔍 Phát hiện tất cả anomalies cho ETHUSDT
2025-05-26 09:31:33,146 - data_analyzer.anomaly_detector - INFO - 🔍 Phát hiện anomalies 24h cho ETHUSDT
2025-05-26 09:31:33,151 - data_analyzer.anomaly_detector - INFO - ✅ Phát hiện 0 anomalies 24h cho ETHUSDT
2025-05-26 09:31:33,152 - data_analyzer.anomaly_detector - INFO - 🔍 Phát hiện volume spikes cho ETHUSDT
2025-05-26 09:31:33,165 - data_analyzer.anomaly_detector - INFO - ✅ Phát hiện 0 volume spikes cho ETHUSDT
2025-05-26 09:31:33,165 - data_analyzer.anomaly_detector - INFO - 🔍 Phát hiện OI-Price divergence cho ETHUSDT
2025-05-26 09:31:33,170 - data_analyzer.anomaly_detector - INFO - ✅ Kiểm tra OI divergence cho ETHUSDT: 0 anomalies
2025-05-26 09:31:33,170 - data_analyzer.anomaly_detector - INFO - 🔍 Phát hiện anomalies correlation 24h cho ETHUSDT
2025-05-26 09:31:33,176 - data_analyzer.anomaly_detector - INFO - ✅ Correlation 24h ETHUSDT: 0.983
2025-05-26 09:31:33,176 - data_analyzer.anomaly_detector - INFO - 🔍 Phát hiện anomalies 30d cho ETHUSDT
2025-05-26 09:31:33,193 - data_analyzer.anomaly_detector - ERROR - ❌ Lỗi khi kiểm tra recent anomaly: '>=' not supported between instances of 'int' and 'datetime.datetime'
2025-05-26 09:31:33,193 - data_analyzer.anomaly_detector - INFO - ✅ Phát hiện 2 anomalies 30d cho ETHUSDT
2025-05-26 09:31:33,194 - data_analyzer.anomaly_detector - INFO - 🔍 Phát hiện anomalies correlation 30d cho ETHUSDT
2025-05-26 09:31:33,218 - data_analyzer.anomaly_detector - INFO - ✅ Phát hiện 2 anomalies cho ETHUSDT
2025-05-26 09:31:33,219 - data_analyzer.anomaly_detector - INFO -    - 30d_OI: 1
2025-05-26 09:31:33,219 - data_analyzer.anomaly_detector - INFO -    - 30d_Volume: 1
2025-05-26 09:31:33,222 - data_analyzer.anomaly_detector - INFO - 🔍 Phát hiện tất cả anomalies cho BNBUSDT
2025-05-26 09:31:33,222 - data_analyzer.anomaly_detector - INFO - 🔍 Phát hiện anomalies 24h cho BNBUSDT
2025-05-26 09:31:33,228 - data_analyzer.anomaly_detector - INFO - ✅ Phát hiện 0 anomalies 24h cho BNBUSDT
2025-05-26 09:31:33,229 - data_analyzer.anomaly_detector - INFO - 🔍 Phát hiện volume spikes cho BNBUSDT
2025-05-26 09:31:33,241 - data_analyzer.anomaly_detector - INFO - ✅ Phát hiện 0 volume spikes cho BNBUSDT
2025-05-26 09:31:33,242 - data_analyzer.anomaly_detector - INFO - 🔍 Phát hiện OI-Price divergence cho BNBUSDT
2025-05-26 09:31:33,246 - data_analyzer.anomaly_detector - INFO - ✅ Kiểm tra OI divergence cho BNBUSDT: 0 anomalies
2025-05-26 09:31:33,247 - data_analyzer.anomaly_detector - INFO - 🔍 Phát hiện anomalies correlation 24h cho BNBUSDT
2025-05-26 09:31:33,252 - data_analyzer.anomaly_detector - INFO - ✅ Correlation 24h BNBUSDT: 0.998
2025-05-26 09:31:33,252 - data_analyzer.anomaly_detector - INFO - 🔍 Phát hiện anomalies 30d cho BNBUSDT
2025-05-26 09:31:33,268 - data_analyzer.anomaly_detector - ERROR - ❌ Lỗi khi kiểm tra recent anomaly: '>=' not supported between instances of 'int' and 'datetime.datetime'
2025-05-26 09:31:33,269 - data_analyzer.anomaly_detector - ERROR - ❌ Lỗi khi kiểm tra recent anomaly: '>=' not supported between instances of 'int' and 'datetime.datetime'
2025-05-26 09:31:33,269 - data_analyzer.anomaly_detector - INFO - ✅ Phát hiện 4 anomalies 30d cho BNBUSDT
2025-05-26 09:31:33,270 - data_analyzer.anomaly_detector - INFO - 🔍 Phát hiện anomalies correlation 30d cho BNBUSDT
2025-05-26 09:31:33,302 - data_analyzer.anomaly_detector - INFO - ✅ Phát hiện 4 anomalies cho BNBUSDT
2025-05-26 09:31:33,302 - data_analyzer.anomaly_detector - INFO -    - 30d_OI_Value: 1
2025-05-26 09:31:33,303 - data_analyzer.anomaly_detector - INFO -    - 30d_Avg_OI_Value: 1
2025-05-26 09:31:33,303 - data_analyzer.anomaly_detector - INFO -    - 30d_Volume_USDT: 1
2025-05-26 09:31:33,304 - data_analyzer.anomaly_detector - INFO -    - 30d_Volume: 1
2025-05-26 09:31:33,306 - data_analyzer.anomaly_detector - INFO - 🔍 Phát hiện tất cả anomalies cho SOLUSDT
2025-05-26 09:31:33,307 - data_analyzer.anomaly_detector - INFO - 🔍 Phát hiện anomalies 24h cho SOLUSDT
2025-05-26 09:31:33,313 - data_analyzer.anomaly_detector - INFO - ✅ Phát hiện 0 anomalies 24h cho SOLUSDT
2025-05-26 09:31:33,313 - data_analyzer.anomaly_detector - INFO - 🔍 Phát hiện volume spikes cho SOLUSDT
2025-05-26 09:31:33,326 - data_analyzer.anomaly_detector - INFO - ✅ Phát hiện 0 volume spikes cho SOLUSDT
2025-05-26 09:31:33,326 - data_analyzer.anomaly_detector - INFO - 🔍 Phát hiện OI-Price divergence cho SOLUSDT
2025-05-26 09:31:33,331 - data_analyzer.anomaly_detector - INFO - ✅ Kiểm tra OI divergence cho SOLUSDT: 0 anomalies
2025-05-26 09:31:33,331 - data_analyzer.anomaly_detector - INFO - 🔍 Phát hiện anomalies correlation 24h cho SOLUSDT
2025-05-26 09:31:33,336 - data_analyzer.anomaly_detector - INFO - ✅ Correlation 24h SOLUSDT: 0.994
2025-05-26 09:31:33,336 - data_analyzer.anomaly_detector - INFO - 🔍 Phát hiện anomalies 30d cho SOLUSDT
2025-05-26 09:31:33,351 - data_analyzer.anomaly_detector - INFO - ✅ Phát hiện 1 anomalies 30d cho SOLUSDT
2025-05-26 09:31:33,351 - data_analyzer.anomaly_detector - INFO - 🔍 Phát hiện anomalies correlation 30d cho SOLUSDT
2025-05-26 09:31:33,371 - data_analyzer.anomaly_detector - INFO - ✅ Phát hiện 1 anomalies cho SOLUSDT
2025-05-26 09:31:33,372 - data_analyzer.anomaly_detector - INFO -    - 30d_OI: 1
2025-05-26 09:31:33,373 - data_analyzer.anomaly_detector - INFO - 🔍 Phát hiện tất cả anomalies cho DOGEUSDT
2025-05-26 09:31:33,374 - data_analyzer.anomaly_detector - INFO - 🔍 Phát hiện anomalies 24h cho DOGEUSDT
2025-05-26 09:31:33,380 - data_analyzer.anomaly_detector - INFO - ✅ Phát hiện 0 anomalies 24h cho DOGEUSDT
2025-05-26 09:31:33,380 - data_analyzer.anomaly_detector - INFO - 🔍 Phát hiện volume spikes cho DOGEUSDT
2025-05-26 09:31:33,393 - data_analyzer.anomaly_detector - INFO - ✅ Phát hiện 0 volume spikes cho DOGEUSDT
2025-05-26 09:31:33,393 - data_analyzer.anomaly_detector - INFO - 🔍 Phát hiện OI-Price divergence cho DOGEUSDT
2025-05-26 09:31:33,398 - data_analyzer.anomaly_detector - INFO - ✅ Kiểm tra OI divergence cho DOGEUSDT: 0 anomalies
2025-05-26 09:31:33,398 - data_analyzer.anomaly_detector - INFO - 🔍 Phát hiện anomalies correlation 24h cho DOGEUSDT
2025-05-26 09:31:33,403 - data_analyzer.anomaly_detector - INFO - ✅ Correlation 24h DOGEUSDT: 0.990
2025-05-26 09:31:33,404 - data_analyzer.anomaly_detector - INFO - 🔍 Phát hiện anomalies 30d cho DOGEUSDT
2025-05-26 09:31:33,420 - data_analyzer.anomaly_detector - ERROR - ❌ Lỗi khi kiểm tra recent anomaly: '>=' not supported between instances of 'int' and 'datetime.datetime'
2025-05-26 09:31:33,420 - data_analyzer.anomaly_detector - ERROR - ❌ Lỗi khi kiểm tra recent anomaly: '>=' not supported between instances of 'int' and 'datetime.datetime'
2025-05-26 09:31:33,421 - data_analyzer.anomaly_detector - INFO - ✅ Phát hiện 3 anomalies 30d cho DOGEUSDT
2025-05-26 09:31:33,421 - data_analyzer.anomaly_detector - INFO - 🔍 Phát hiện anomalies correlation 30d cho DOGEUSDT
2025-05-26 09:31:33,450 - data_analyzer.anomaly_detector - INFO - ✅ Phát hiện 3 anomalies cho DOGEUSDT
2025-05-26 09:31:33,450 - data_analyzer.anomaly_detector - INFO -    - 30d_OI: 1
2025-05-26 09:31:33,451 - data_analyzer.anomaly_detector - INFO -    - 30d_Volume_USDT: 1
2025-05-26 09:31:33,451 - data_analyzer.anomaly_detector - INFO -    - 30d_Volume: 1
2025-05-26 09:46:53,473 - data_analyzer.anomaly_detector - INFO - 🔧 Khởi tạo OptimizedAnomalyDetector với ngưỡng 2.5
2025-05-26 09:46:53,475 - data_analyzer.anomaly_detector - INFO - 🔍 Phát hiện tất cả anomalies cho BTCUSDT
2025-05-26 09:46:53,476 - data_analyzer.anomaly_detector - INFO - 🔍 Phát hiện anomalies 24h cho BTCUSDT
2025-05-26 09:46:53,488 - data_analyzer.anomaly_detector - INFO - ✅ Phát hiện 0 anomalies 24h cho BTCUSDT
2025-05-26 09:46:53,489 - data_analyzer.anomaly_detector - INFO - 🔍 Phát hiện volume spikes cho BTCUSDT
2025-05-26 09:46:53,511 - data_analyzer.anomaly_detector - INFO - ✅ Phát hiện 0 volume spikes cho BTCUSDT
2025-05-26 09:46:53,511 - data_analyzer.anomaly_detector - INFO - 🔍 Phát hiện OI-Price divergence cho BTCUSDT
2025-05-26 09:46:53,519 - data_analyzer.anomaly_detector - INFO - ✅ Kiểm tra OI divergence cho BTCUSDT: 0 anomalies
2025-05-26 09:46:53,520 - data_analyzer.anomaly_detector - INFO - 🔍 Phát hiện anomalies correlation 24h cho BTCUSDT
2025-05-26 09:46:53,527 - data_analyzer.anomaly_detector - INFO - ✅ Correlation 24h BTCUSDT: 0.998
2025-05-26 09:46:53,528 - data_analyzer.anomaly_detector - INFO - 🔍 Phát hiện anomalies 30d cho BTCUSDT
2025-05-26 09:46:53,549 - data_analyzer.anomaly_detector - ERROR - ❌ Lỗi khi kiểm tra recent anomaly: '>=' not supported between instances of 'int' and 'datetime.datetime'
2025-05-26 09:46:53,550 - data_analyzer.anomaly_detector - ERROR - ❌ Lỗi khi kiểm tra recent anomaly: '>=' not supported between instances of 'int' and 'datetime.datetime'
2025-05-26 09:46:53,551 - data_analyzer.anomaly_detector - INFO - ✅ Phát hiện 2 anomalies 30d cho BTCUSDT
2025-05-26 09:46:53,551 - data_analyzer.anomaly_detector - INFO - 🔍 Phát hiện anomalies correlation 30d cho BTCUSDT
2025-05-26 09:46:53,583 - data_analyzer.anomaly_detector - INFO - ✅ Phát hiện 2 anomalies cho BTCUSDT
2025-05-26 09:46:53,584 - data_analyzer.anomaly_detector - INFO -    - 30d_Volume_USDT: 1
2025-05-26 09:46:53,584 - data_analyzer.anomaly_detector - INFO -    - 30d_Volume: 1
2025-05-26 09:46:53,586 - data_analyzer.anomaly_detector - INFO - 🔍 Phát hiện tất cả anomalies cho ETHUSDT
2025-05-26 09:46:53,587 - data_analyzer.anomaly_detector - INFO - 🔍 Phát hiện anomalies 24h cho ETHUSDT
2025-05-26 09:46:53,594 - data_analyzer.anomaly_detector - INFO - ✅ Phát hiện 0 anomalies 24h cho ETHUSDT
2025-05-26 09:46:53,594 - data_analyzer.anomaly_detector - INFO - 🔍 Phát hiện volume spikes cho ETHUSDT
2025-05-26 09:46:53,608 - data_analyzer.anomaly_detector - INFO - ✅ Phát hiện 0 volume spikes cho ETHUSDT
2025-05-26 09:46:53,609 - data_analyzer.anomaly_detector - INFO - 🔍 Phát hiện OI-Price divergence cho ETHUSDT
2025-05-26 09:46:53,614 - data_analyzer.anomaly_detector - INFO - ✅ Kiểm tra OI divergence cho ETHUSDT: 0 anomalies
2025-05-26 09:46:53,615 - data_analyzer.anomaly_detector - INFO - 🔍 Phát hiện anomalies correlation 24h cho ETHUSDT
2025-05-26 09:46:53,620 - data_analyzer.anomaly_detector - INFO - ✅ Correlation 24h ETHUSDT: 0.983
2025-05-26 09:46:53,620 - data_analyzer.anomaly_detector - INFO - 🔍 Phát hiện anomalies 30d cho ETHUSDT
2025-05-26 09:46:53,636 - data_analyzer.anomaly_detector - ERROR - ❌ Lỗi khi kiểm tra recent anomaly: '>=' not supported between instances of 'int' and 'datetime.datetime'
2025-05-26 09:46:53,636 - data_analyzer.anomaly_detector - INFO - ✅ Phát hiện 1 anomalies 30d cho ETHUSDT
2025-05-26 09:46:53,637 - data_analyzer.anomaly_detector - INFO - 🔍 Phát hiện anomalies correlation 30d cho ETHUSDT
2025-05-26 09:46:53,658 - data_analyzer.anomaly_detector - INFO - ✅ Phát hiện 1 anomalies cho ETHUSDT
2025-05-26 09:46:53,658 - data_analyzer.anomaly_detector - INFO -    - 30d_Volume: 1
2025-05-26 09:46:53,660 - data_analyzer.anomaly_detector - INFO - 🔍 Phát hiện tất cả anomalies cho BNBUSDT
2025-05-26 09:46:53,660 - data_analyzer.anomaly_detector - INFO - 🔍 Phát hiện anomalies 24h cho BNBUSDT
2025-05-26 09:46:53,666 - data_analyzer.anomaly_detector - INFO - ✅ Phát hiện 0 anomalies 24h cho BNBUSDT
2025-05-26 09:46:53,666 - data_analyzer.anomaly_detector - INFO - 🔍 Phát hiện volume spikes cho BNBUSDT
2025-05-26 09:46:53,679 - data_analyzer.anomaly_detector - INFO - ✅ Phát hiện 0 volume spikes cho BNBUSDT
2025-05-26 09:46:53,679 - data_analyzer.anomaly_detector - INFO - 🔍 Phát hiện OI-Price divergence cho BNBUSDT
2025-05-26 09:46:53,683 - data_analyzer.anomaly_detector - INFO - ✅ Kiểm tra OI divergence cho BNBUSDT: 0 anomalies
2025-05-26 09:46:53,684 - data_analyzer.anomaly_detector - INFO - 🔍 Phát hiện anomalies correlation 24h cho BNBUSDT
2025-05-26 09:46:53,689 - data_analyzer.anomaly_detector - INFO - ✅ Correlation 24h BNBUSDT: 0.998
2025-05-26 09:46:53,689 - data_analyzer.anomaly_detector - INFO - 🔍 Phát hiện anomalies 30d cho BNBUSDT
2025-05-26 09:46:53,705 - data_analyzer.anomaly_detector - ERROR - ❌ Lỗi khi kiểm tra recent anomaly: '>=' not supported between instances of 'int' and 'datetime.datetime'
2025-05-26 09:46:53,705 - data_analyzer.anomaly_detector - ERROR - ❌ Lỗi khi kiểm tra recent anomaly: '>=' not supported between instances of 'int' and 'datetime.datetime'
2025-05-26 09:46:53,706 - data_analyzer.anomaly_detector - INFO - ✅ Phát hiện 2 anomalies 30d cho BNBUSDT
2025-05-26 09:46:53,706 - data_analyzer.anomaly_detector - INFO - 🔍 Phát hiện anomalies correlation 30d cho BNBUSDT
2025-05-26 09:46:53,731 - data_analyzer.anomaly_detector - INFO - ✅ Phát hiện 2 anomalies cho BNBUSDT
2025-05-26 09:46:53,732 - data_analyzer.anomaly_detector - INFO -    - 30d_Volume_USDT: 1
2025-05-26 09:46:53,732 - data_analyzer.anomaly_detector - INFO -    - 30d_Volume: 1
2025-05-26 09:46:53,734 - data_analyzer.anomaly_detector - INFO - 🔍 Phát hiện tất cả anomalies cho SOLUSDT
2025-05-26 09:46:53,735 - data_analyzer.anomaly_detector - INFO - 🔍 Phát hiện anomalies 24h cho SOLUSDT
2025-05-26 09:46:53,742 - data_analyzer.anomaly_detector - INFO - ✅ Phát hiện 0 anomalies 24h cho SOLUSDT
2025-05-26 09:46:53,742 - data_analyzer.anomaly_detector - INFO - 🔍 Phát hiện volume spikes cho SOLUSDT
2025-05-26 09:46:53,755 - data_analyzer.anomaly_detector - INFO - ✅ Phát hiện 0 volume spikes cho SOLUSDT
2025-05-26 09:46:53,755 - data_analyzer.anomaly_detector - INFO - 🔍 Phát hiện OI-Price divergence cho SOLUSDT
2025-05-26 09:46:53,760 - data_analyzer.anomaly_detector - INFO - ✅ Kiểm tra OI divergence cho SOLUSDT: 0 anomalies
2025-05-26 09:46:53,760 - data_analyzer.anomaly_detector - INFO - 🔍 Phát hiện anomalies correlation 24h cho SOLUSDT
2025-05-26 09:46:53,765 - data_analyzer.anomaly_detector - INFO - ✅ Correlation 24h SOLUSDT: 0.994
2025-05-26 09:46:53,766 - data_analyzer.anomaly_detector - INFO - 🔍 Phát hiện anomalies 30d cho SOLUSDT
2025-05-26 09:46:53,781 - data_analyzer.anomaly_detector - INFO - ✅ Phát hiện 1 anomalies 30d cho SOLUSDT
2025-05-26 09:46:53,782 - data_analyzer.anomaly_detector - INFO - 🔍 Phát hiện anomalies correlation 30d cho SOLUSDT
2025-05-26 09:46:53,802 - data_analyzer.anomaly_detector - INFO - ✅ Phát hiện 1 anomalies cho SOLUSDT
2025-05-26 09:46:53,803 - data_analyzer.anomaly_detector - INFO -    - 30d_OI: 1
2025-05-26 09:46:53,804 - data_analyzer.anomaly_detector - INFO - 🔍 Phát hiện tất cả anomalies cho DOGEUSDT
2025-05-26 09:46:53,805 - data_analyzer.anomaly_detector - INFO - 🔍 Phát hiện anomalies 24h cho DOGEUSDT
2025-05-26 09:46:53,811 - data_analyzer.anomaly_detector - INFO - ✅ Phát hiện 0 anomalies 24h cho DOGEUSDT
2025-05-26 09:46:53,811 - data_analyzer.anomaly_detector - INFO - 🔍 Phát hiện volume spikes cho DOGEUSDT
2025-05-26 09:46:53,823 - data_analyzer.anomaly_detector - INFO - ✅ Phát hiện 0 volume spikes cho DOGEUSDT
2025-05-26 09:46:53,824 - data_analyzer.anomaly_detector - INFO - 🔍 Phát hiện OI-Price divergence cho DOGEUSDT
2025-05-26 09:46:53,828 - data_analyzer.anomaly_detector - INFO - ✅ Kiểm tra OI divergence cho DOGEUSDT: 0 anomalies
2025-05-26 09:46:53,829 - data_analyzer.anomaly_detector - INFO - 🔍 Phát hiện anomalies correlation 24h cho DOGEUSDT
2025-05-26 09:46:53,834 - data_analyzer.anomaly_detector - INFO - ✅ Correlation 24h DOGEUSDT: 0.990
2025-05-26 09:46:53,834 - data_analyzer.anomaly_detector - INFO - 🔍 Phát hiện anomalies 30d cho DOGEUSDT
2025-05-26 09:46:53,851 - data_analyzer.anomaly_detector - ERROR - ❌ Lỗi khi kiểm tra recent anomaly: '>=' not supported between instances of 'int' and 'datetime.datetime'
2025-05-26 09:46:53,851 - data_analyzer.anomaly_detector - ERROR - ❌ Lỗi khi kiểm tra recent anomaly: '>=' not supported between instances of 'int' and 'datetime.datetime'
2025-05-26 09:46:53,852 - data_analyzer.anomaly_detector - INFO - ✅ Phát hiện 2 anomalies 30d cho DOGEUSDT
2025-05-26 09:46:53,852 - data_analyzer.anomaly_detector - INFO - 🔍 Phát hiện anomalies correlation 30d cho DOGEUSDT
2025-05-26 09:46:53,877 - data_analyzer.anomaly_detector - INFO - ✅ Phát hiện 2 anomalies cho DOGEUSDT
2025-05-26 09:46:53,878 - data_analyzer.anomaly_detector - INFO -    - 30d_Volume_USDT: 1
2025-05-26 09:46:53,878 - data_analyzer.anomaly_detector - INFO -    - 30d_Volume: 1
2025-05-26 10:01:54,131 - data_analyzer.anomaly_detector - INFO - 🔧 Khởi tạo OptimizedAnomalyDetector với ngưỡng 2.5
2025-05-26 10:01:54,133 - data_analyzer.anomaly_detector - INFO - 🔍 Phát hiện tất cả anomalies cho BTCUSDT
2025-05-26 10:01:54,134 - data_analyzer.anomaly_detector - INFO - 🔍 Phát hiện anomalies 24h cho BTCUSDT
2025-05-26 10:01:54,147 - data_analyzer.anomaly_detector - INFO - ✅ Phát hiện 0 anomalies 24h cho BTCUSDT
2025-05-26 10:01:54,148 - data_analyzer.anomaly_detector - INFO - 🔍 Phát hiện volume spikes cho BTCUSDT
2025-05-26 10:01:54,171 - data_analyzer.anomaly_detector - INFO - ✅ Phát hiện 0 volume spikes cho BTCUSDT
2025-05-26 10:01:54,172 - data_analyzer.anomaly_detector - INFO - 🔍 Phát hiện OI-Price divergence cho BTCUSDT
2025-05-26 10:01:54,180 - data_analyzer.anomaly_detector - INFO - ✅ Kiểm tra OI divergence cho BTCUSDT: 0 anomalies
2025-05-26 10:01:54,181 - data_analyzer.anomaly_detector - INFO - 🔍 Phát hiện anomalies correlation 24h cho BTCUSDT
2025-05-26 10:01:54,187 - data_analyzer.anomaly_detector - INFO - ✅ Correlation 24h BTCUSDT: 0.998
2025-05-26 10:01:54,188 - data_analyzer.anomaly_detector - INFO - 🔍 Phát hiện anomalies 30d cho BTCUSDT
2025-05-26 10:01:54,208 - data_analyzer.anomaly_detector - ERROR - ❌ Lỗi khi kiểm tra recent anomaly: '>=' not supported between instances of 'int' and 'datetime.datetime'
2025-05-26 10:01:54,208 - data_analyzer.anomaly_detector - ERROR - ❌ Lỗi khi kiểm tra recent anomaly: '>=' not supported between instances of 'int' and 'datetime.datetime'
2025-05-26 10:01:54,209 - data_analyzer.anomaly_detector - INFO - ✅ Phát hiện 2 anomalies 30d cho BTCUSDT
2025-05-26 10:01:54,210 - data_analyzer.anomaly_detector - INFO - 🔍 Phát hiện anomalies correlation 30d cho BTCUSDT
2025-05-26 10:01:54,242 - data_analyzer.anomaly_detector - INFO - ✅ Phát hiện 2 anomalies cho BTCUSDT
2025-05-26 10:01:54,243 - data_analyzer.anomaly_detector - INFO -    - 30d_Volume_USDT: 1
2025-05-26 10:01:54,243 - data_analyzer.anomaly_detector - INFO -    - 30d_Volume: 1
2025-05-26 10:01:54,245 - data_analyzer.anomaly_detector - INFO - 🔍 Phát hiện tất cả anomalies cho ETHUSDT
2025-05-26 10:01:54,246 - data_analyzer.anomaly_detector - INFO - 🔍 Phát hiện anomalies 24h cho ETHUSDT
2025-05-26 10:01:54,252 - data_analyzer.anomaly_detector - INFO - ✅ Phát hiện 0 anomalies 24h cho ETHUSDT
2025-05-26 10:01:54,253 - data_analyzer.anomaly_detector - INFO - 🔍 Phát hiện volume spikes cho ETHUSDT
2025-05-26 10:01:54,266 - data_analyzer.anomaly_detector - INFO - ✅ Phát hiện 0 volume spikes cho ETHUSDT
2025-05-26 10:01:54,267 - data_analyzer.anomaly_detector - INFO - 🔍 Phát hiện OI-Price divergence cho ETHUSDT
2025-05-26 10:01:54,272 - data_analyzer.anomaly_detector - INFO - ✅ Kiểm tra OI divergence cho ETHUSDT: 0 anomalies
2025-05-26 10:01:54,272 - data_analyzer.anomaly_detector - INFO - 🔍 Phát hiện anomalies correlation 24h cho ETHUSDT
2025-05-26 10:01:54,277 - data_analyzer.anomaly_detector - INFO - ✅ Correlation 24h ETHUSDT: 0.979
2025-05-26 10:01:54,278 - data_analyzer.anomaly_detector - INFO - 🔍 Phát hiện anomalies 30d cho ETHUSDT
2025-05-26 10:01:54,294 - data_analyzer.anomaly_detector - ERROR - ❌ Lỗi khi kiểm tra recent anomaly: '>=' not supported between instances of 'int' and 'datetime.datetime'
2025-05-26 10:01:54,295 - data_analyzer.anomaly_detector - INFO - ✅ Phát hiện 2 anomalies 30d cho ETHUSDT
2025-05-26 10:01:54,295 - data_analyzer.anomaly_detector - INFO - 🔍 Phát hiện anomalies correlation 30d cho ETHUSDT
2025-05-26 10:01:54,321 - data_analyzer.anomaly_detector - INFO - ✅ Phát hiện 2 anomalies cho ETHUSDT
2025-05-26 10:01:54,321 - data_analyzer.anomaly_detector - INFO -    - 30d_OI: 1
2025-05-26 10:01:54,322 - data_analyzer.anomaly_detector - INFO -    - 30d_Volume: 1
2025-05-26 10:01:54,324 - data_analyzer.anomaly_detector - INFO - 🔍 Phát hiện tất cả anomalies cho BNBUSDT
2025-05-26 10:01:54,324 - data_analyzer.anomaly_detector - INFO - 🔍 Phát hiện anomalies 24h cho BNBUSDT
2025-05-26 10:01:54,331 - data_analyzer.anomaly_detector - INFO - ✅ Phát hiện 0 anomalies 24h cho BNBUSDT
2025-05-26 10:01:54,331 - data_analyzer.anomaly_detector - INFO - 🔍 Phát hiện volume spikes cho BNBUSDT
2025-05-26 10:01:54,344 - data_analyzer.anomaly_detector - INFO - ✅ Phát hiện 0 volume spikes cho BNBUSDT
2025-05-26 10:01:54,345 - data_analyzer.anomaly_detector - INFO - 🔍 Phát hiện OI-Price divergence cho BNBUSDT
2025-05-26 10:01:54,349 - data_analyzer.anomaly_detector - INFO - ✅ Kiểm tra OI divergence cho BNBUSDT: 0 anomalies
2025-05-26 10:01:54,349 - data_analyzer.anomaly_detector - INFO - 🔍 Phát hiện anomalies correlation 24h cho BNBUSDT
2025-05-26 10:01:54,354 - data_analyzer.anomaly_detector - INFO - ✅ Correlation 24h BNBUSDT: 0.996
2025-05-26 10:01:54,355 - data_analyzer.anomaly_detector - INFO - 🔍 Phát hiện anomalies 30d cho BNBUSDT
2025-05-26 10:01:54,371 - data_analyzer.anomaly_detector - ERROR - ❌ Lỗi khi kiểm tra recent anomaly: '>=' not supported between instances of 'int' and 'datetime.datetime'
2025-05-26 10:01:54,371 - data_analyzer.anomaly_detector - ERROR - ❌ Lỗi khi kiểm tra recent anomaly: '>=' not supported between instances of 'int' and 'datetime.datetime'
2025-05-26 10:01:54,372 - data_analyzer.anomaly_detector - INFO - ✅ Phát hiện 2 anomalies 30d cho BNBUSDT
2025-05-26 10:01:54,372 - data_analyzer.anomaly_detector - INFO - 🔍 Phát hiện anomalies correlation 30d cho BNBUSDT
2025-05-26 10:01:54,396 - data_analyzer.anomaly_detector - INFO - ✅ Phát hiện 2 anomalies cho BNBUSDT
2025-05-26 10:01:54,397 - data_analyzer.anomaly_detector - INFO -    - 30d_Volume_USDT: 1
2025-05-26 10:01:54,397 - data_analyzer.anomaly_detector - INFO -    - 30d_Volume: 1
2025-05-26 10:01:54,399 - data_analyzer.anomaly_detector - INFO - 🔍 Phát hiện tất cả anomalies cho SOLUSDT
2025-05-26 10:01:54,400 - data_analyzer.anomaly_detector - INFO - 🔍 Phát hiện anomalies 24h cho SOLUSDT
2025-05-26 10:01:54,405 - data_analyzer.anomaly_detector - INFO - ✅ Phát hiện 0 anomalies 24h cho SOLUSDT
2025-05-26 10:01:54,406 - data_analyzer.anomaly_detector - INFO - 🔍 Phát hiện volume spikes cho SOLUSDT
2025-05-26 10:01:54,419 - data_analyzer.anomaly_detector - INFO - ✅ Phát hiện 0 volume spikes cho SOLUSDT
2025-05-26 10:01:54,419 - data_analyzer.anomaly_detector - INFO - 🔍 Phát hiện OI-Price divergence cho SOLUSDT
2025-05-26 10:01:54,424 - data_analyzer.anomaly_detector - INFO - ✅ Kiểm tra OI divergence cho SOLUSDT: 0 anomalies
2025-05-26 10:01:54,425 - data_analyzer.anomaly_detector - INFO - 🔍 Phát hiện anomalies correlation 24h cho SOLUSDT
2025-05-26 10:01:54,429 - data_analyzer.anomaly_detector - INFO - ✅ Correlation 24h SOLUSDT: 0.993
2025-05-26 10:01:54,430 - data_analyzer.anomaly_detector - INFO - 🔍 Phát hiện anomalies 30d cho SOLUSDT
2025-05-26 10:01:54,445 - data_analyzer.anomaly_detector - INFO - ✅ Phát hiện 0 anomalies 30d cho SOLUSDT
2025-05-26 10:01:54,446 - data_analyzer.anomaly_detector - INFO - 🔍 Phát hiện anomalies correlation 30d cho SOLUSDT
2025-05-26 10:01:54,462 - data_analyzer.anomaly_detector - INFO - ✅ Phát hiện 0 anomalies cho SOLUSDT
2025-05-26 10:01:54,464 - data_analyzer.anomaly_detector - INFO - 🔍 Phát hiện tất cả anomalies cho DOGEUSDT
2025-05-26 10:01:54,465 - data_analyzer.anomaly_detector - INFO - 🔍 Phát hiện anomalies 24h cho DOGEUSDT
2025-05-26 10:01:54,471 - data_analyzer.anomaly_detector - INFO - ✅ Phát hiện 0 anomalies 24h cho DOGEUSDT
2025-05-26 10:01:54,471 - data_analyzer.anomaly_detector - INFO - 🔍 Phát hiện volume spikes cho DOGEUSDT
2025-05-26 10:01:54,484 - data_analyzer.anomaly_detector - INFO - ✅ Phát hiện 0 volume spikes cho DOGEUSDT
2025-05-26 10:01:54,485 - data_analyzer.anomaly_detector - INFO - 🔍 Phát hiện OI-Price divergence cho DOGEUSDT
2025-05-26 10:01:54,489 - data_analyzer.anomaly_detector - INFO - ✅ Kiểm tra OI divergence cho DOGEUSDT: 0 anomalies
2025-05-26 10:01:54,490 - data_analyzer.anomaly_detector - INFO - 🔍 Phát hiện anomalies correlation 24h cho DOGEUSDT
2025-05-26 10:01:54,495 - data_analyzer.anomaly_detector - INFO - ✅ Correlation 24h DOGEUSDT: 0.987
2025-05-26 10:01:54,495 - data_analyzer.anomaly_detector - INFO - 🔍 Phát hiện anomalies 30d cho DOGEUSDT
2025-05-26 10:01:54,510 - data_analyzer.anomaly_detector - ERROR - ❌ Lỗi khi kiểm tra recent anomaly: '>=' not supported between instances of 'int' and 'datetime.datetime'
2025-05-26 10:01:54,511 - data_analyzer.anomaly_detector - ERROR - ❌ Lỗi khi kiểm tra recent anomaly: '>=' not supported between instances of 'int' and 'datetime.datetime'
2025-05-26 10:01:54,511 - data_analyzer.anomaly_detector - INFO - ✅ Phát hiện 2 anomalies 30d cho DOGEUSDT
2025-05-26 10:01:54,512 - data_analyzer.anomaly_detector - INFO - 🔍 Phát hiện anomalies correlation 30d cho DOGEUSDT
2025-05-26 10:01:54,538 - data_analyzer.anomaly_detector - INFO - ✅ Phát hiện 2 anomalies cho DOGEUSDT
2025-05-26 10:01:54,539 - data_analyzer.anomaly_detector - INFO -    - 30d_Volume_USDT: 1
2025-05-26 10:01:54,539 - data_analyzer.anomaly_detector - INFO -    - 30d_Volume: 1
2025-05-26 10:17:14,979 - data_analyzer.anomaly_detector - INFO - 🔧 Khởi tạo OptimizedAnomalyDetector với ngưỡng 2.5
2025-05-26 10:17:14,981 - data_analyzer.anomaly_detector - INFO - 🔍 Phát hiện tất cả anomalies cho BTCUSDT
2025-05-26 10:17:14,982 - data_analyzer.anomaly_detector - INFO - 🔍 Phát hiện anomalies 24h cho BTCUSDT
2025-05-26 10:17:14,992 - data_analyzer.anomaly_detector - INFO - ✅ Phát hiện 0 anomalies 24h cho BTCUSDT
2025-05-26 10:17:14,992 - data_analyzer.anomaly_detector - INFO - 🔍 Phát hiện volume spikes cho BTCUSDT
2025-05-26 10:17:15,011 - data_analyzer.anomaly_detector - INFO - ✅ Phát hiện 0 volume spikes cho BTCUSDT
2025-05-26 10:17:15,012 - data_analyzer.anomaly_detector - INFO - 🔍 Phát hiện OI-Price divergence cho BTCUSDT
2025-05-26 10:17:15,017 - data_analyzer.anomaly_detector - INFO - ✅ Kiểm tra OI divergence cho BTCUSDT: 0 anomalies
2025-05-26 10:17:15,018 - data_analyzer.anomaly_detector - INFO - 🔍 Phát hiện anomalies correlation 24h cho BTCUSDT
2025-05-26 10:17:15,024 - data_analyzer.anomaly_detector - INFO - ✅ Correlation 24h BTCUSDT: 0.998
2025-05-26 10:17:15,025 - data_analyzer.anomaly_detector - INFO - 🔍 Phát hiện anomalies 30d cho BTCUSDT
2025-05-26 10:17:15,044 - data_analyzer.anomaly_detector - ERROR - ❌ Lỗi khi kiểm tra recent anomaly: '>=' not supported between instances of 'int' and 'datetime.datetime'
2025-05-26 10:17:15,045 - data_analyzer.anomaly_detector - ERROR - ❌ Lỗi khi kiểm tra recent anomaly: '>=' not supported between instances of 'int' and 'datetime.datetime'
2025-05-26 10:17:15,045 - data_analyzer.anomaly_detector - INFO - ✅ Phát hiện 2 anomalies 30d cho BTCUSDT
2025-05-26 10:17:15,046 - data_analyzer.anomaly_detector - INFO - 🔍 Phát hiện anomalies correlation 30d cho BTCUSDT
2025-05-26 10:17:15,076 - data_analyzer.anomaly_detector - INFO - ✅ Phát hiện 2 anomalies cho BTCUSDT
2025-05-26 10:17:15,077 - data_analyzer.anomaly_detector - INFO -    - 30d_Volume_USDT: 1
2025-05-26 10:17:15,077 - data_analyzer.anomaly_detector - INFO -    - 30d_Volume: 1
2025-05-26 10:17:15,080 - data_analyzer.anomaly_detector - INFO - 🔍 Phát hiện tất cả anomalies cho ETHUSDT
2025-05-26 10:17:15,080 - data_analyzer.anomaly_detector - INFO - 🔍 Phát hiện anomalies 24h cho ETHUSDT
2025-05-26 10:17:15,087 - data_analyzer.anomaly_detector - INFO - ✅ Phát hiện 0 anomalies 24h cho ETHUSDT
2025-05-26 10:17:15,087 - data_analyzer.anomaly_detector - INFO - 🔍 Phát hiện volume spikes cho ETHUSDT
2025-05-26 10:17:15,101 - data_analyzer.anomaly_detector - INFO - ✅ Phát hiện 0 volume spikes cho ETHUSDT
2025-05-26 10:17:15,102 - data_analyzer.anomaly_detector - INFO - 🔍 Phát hiện OI-Price divergence cho ETHUSDT
2025-05-26 10:17:15,106 - data_analyzer.anomaly_detector - INFO - ✅ Kiểm tra OI divergence cho ETHUSDT: 0 anomalies
2025-05-26 10:17:15,107 - data_analyzer.anomaly_detector - INFO - 🔍 Phát hiện anomalies correlation 24h cho ETHUSDT
2025-05-26 10:17:15,113 - data_analyzer.anomaly_detector - INFO - ✅ Correlation 24h ETHUSDT: 0.979
2025-05-26 10:17:15,114 - data_analyzer.anomaly_detector - INFO - 🔍 Phát hiện anomalies 30d cho ETHUSDT
2025-05-26 10:17:15,131 - data_analyzer.anomaly_detector - ERROR - ❌ Lỗi khi kiểm tra recent anomaly: '>=' not supported between instances of 'int' and 'datetime.datetime'
2025-05-26 10:17:15,132 - data_analyzer.anomaly_detector - INFO - ✅ Phát hiện 2 anomalies 30d cho ETHUSDT
2025-05-26 10:17:15,132 - data_analyzer.anomaly_detector - INFO - 🔍 Phát hiện anomalies correlation 30d cho ETHUSDT
2025-05-26 10:17:15,157 - data_analyzer.anomaly_detector - INFO - ✅ Phát hiện 2 anomalies cho ETHUSDT
2025-05-26 10:17:15,158 - data_analyzer.anomaly_detector - INFO -    - 30d_OI: 1
2025-05-26 10:17:15,159 - data_analyzer.anomaly_detector - INFO -    - 30d_Volume: 1
2025-05-26 10:17:15,161 - data_analyzer.anomaly_detector - INFO - 🔍 Phát hiện tất cả anomalies cho BNBUSDT
2025-05-26 10:17:15,161 - data_analyzer.anomaly_detector - INFO - 🔍 Phát hiện anomalies 24h cho BNBUSDT
2025-05-26 10:17:15,168 - data_analyzer.anomaly_detector - INFO - ✅ Phát hiện 0 anomalies 24h cho BNBUSDT
2025-05-26 10:17:15,169 - data_analyzer.anomaly_detector - INFO - 🔍 Phát hiện volume spikes cho BNBUSDT
2025-05-26 10:17:15,182 - data_analyzer.anomaly_detector - INFO - ✅ Phát hiện 0 volume spikes cho BNBUSDT
2025-05-26 10:17:15,183 - data_analyzer.anomaly_detector - INFO - 🔍 Phát hiện OI-Price divergence cho BNBUSDT
2025-05-26 10:17:15,188 - data_analyzer.anomaly_detector - INFO - ✅ Kiểm tra OI divergence cho BNBUSDT: 0 anomalies
2025-05-26 10:17:15,188 - data_analyzer.anomaly_detector - INFO - 🔍 Phát hiện anomalies correlation 24h cho BNBUSDT
2025-05-26 10:17:15,193 - data_analyzer.anomaly_detector - INFO - ✅ Correlation 24h BNBUSDT: 0.996
2025-05-26 10:17:15,194 - data_analyzer.anomaly_detector - INFO - 🔍 Phát hiện anomalies 30d cho BNBUSDT
2025-05-26 10:17:15,211 - data_analyzer.anomaly_detector - ERROR - ❌ Lỗi khi kiểm tra recent anomaly: '>=' not supported between instances of 'int' and 'datetime.datetime'
2025-05-26 10:17:15,212 - data_analyzer.anomaly_detector - ERROR - ❌ Lỗi khi kiểm tra recent anomaly: '>=' not supported between instances of 'int' and 'datetime.datetime'
2025-05-26 10:17:15,212 - data_analyzer.anomaly_detector - INFO - ✅ Phát hiện 2 anomalies 30d cho BNBUSDT
2025-05-26 10:17:15,213 - data_analyzer.anomaly_detector - INFO - 🔍 Phát hiện anomalies correlation 30d cho BNBUSDT
2025-05-26 10:17:15,238 - data_analyzer.anomaly_detector - INFO - ✅ Phát hiện 2 anomalies cho BNBUSDT
2025-05-26 10:17:15,238 - data_analyzer.anomaly_detector - INFO -    - 30d_Volume_USDT: 1
2025-05-26 10:17:15,239 - data_analyzer.anomaly_detector - INFO -    - 30d_Volume: 1
2025-05-26 10:17:15,241 - data_analyzer.anomaly_detector - INFO - 🔍 Phát hiện tất cả anomalies cho SOLUSDT
2025-05-26 10:17:15,242 - data_analyzer.anomaly_detector - INFO - 🔍 Phát hiện anomalies 24h cho SOLUSDT
2025-05-26 10:17:15,248 - data_analyzer.anomaly_detector - INFO - ✅ Phát hiện 0 anomalies 24h cho SOLUSDT
2025-05-26 10:17:15,249 - data_analyzer.anomaly_detector - INFO - 🔍 Phát hiện volume spikes cho SOLUSDT
2025-05-26 10:17:15,262 - data_analyzer.anomaly_detector - INFO - ✅ Phát hiện 0 volume spikes cho SOLUSDT
2025-05-26 10:17:15,262 - data_analyzer.anomaly_detector - INFO - 🔍 Phát hiện OI-Price divergence cho SOLUSDT
2025-05-26 10:17:15,267 - data_analyzer.anomaly_detector - INFO - ✅ Kiểm tra OI divergence cho SOLUSDT: 0 anomalies
2025-05-26 10:17:15,268 - data_analyzer.anomaly_detector - INFO - 🔍 Phát hiện anomalies correlation 24h cho SOLUSDT
2025-05-26 10:17:15,273 - data_analyzer.anomaly_detector - INFO - ✅ Correlation 24h SOLUSDT: 0.993
2025-05-26 10:17:15,274 - data_analyzer.anomaly_detector - INFO - 🔍 Phát hiện anomalies 30d cho SOLUSDT
2025-05-26 10:17:15,289 - data_analyzer.anomaly_detector - INFO - ✅ Phát hiện 0 anomalies 30d cho SOLUSDT
2025-05-26 10:17:15,289 - data_analyzer.anomaly_detector - INFO - 🔍 Phát hiện anomalies correlation 30d cho SOLUSDT
2025-05-26 10:17:15,306 - data_analyzer.anomaly_detector - INFO - ✅ Phát hiện 0 anomalies cho SOLUSDT
2025-05-26 10:17:15,308 - data_analyzer.anomaly_detector - INFO - 🔍 Phát hiện tất cả anomalies cho DOGEUSDT
2025-05-26 10:17:15,309 - data_analyzer.anomaly_detector - INFO - 🔍 Phát hiện anomalies 24h cho DOGEUSDT
2025-05-26 10:17:15,315 - data_analyzer.anomaly_detector - INFO - ✅ Phát hiện 0 anomalies 24h cho DOGEUSDT
2025-05-26 10:17:15,315 - data_analyzer.anomaly_detector - INFO - 🔍 Phát hiện volume spikes cho DOGEUSDT
2025-05-26 10:17:15,328 - data_analyzer.anomaly_detector - INFO - ✅ Phát hiện 0 volume spikes cho DOGEUSDT
2025-05-26 10:17:15,329 - data_analyzer.anomaly_detector - INFO - 🔍 Phát hiện OI-Price divergence cho DOGEUSDT
2025-05-26 10:17:15,334 - data_analyzer.anomaly_detector - INFO - ✅ Kiểm tra OI divergence cho DOGEUSDT: 0 anomalies
2025-05-26 10:17:15,335 - data_analyzer.anomaly_detector - INFO - 🔍 Phát hiện anomalies correlation 24h cho DOGEUSDT
2025-05-26 10:17:15,340 - data_analyzer.anomaly_detector - INFO - ✅ Correlation 24h DOGEUSDT: 0.987
2025-05-26 10:17:15,340 - data_analyzer.anomaly_detector - INFO - 🔍 Phát hiện anomalies 30d cho DOGEUSDT
2025-05-26 10:17:15,356 - data_analyzer.anomaly_detector - ERROR - ❌ Lỗi khi kiểm tra recent anomaly: '>=' not supported between instances of 'int' and 'datetime.datetime'
2025-05-26 10:17:15,357 - data_analyzer.anomaly_detector - ERROR - ❌ Lỗi khi kiểm tra recent anomaly: '>=' not supported between instances of 'int' and 'datetime.datetime'
2025-05-26 10:17:15,358 - data_analyzer.anomaly_detector - INFO - ✅ Phát hiện 2 anomalies 30d cho DOGEUSDT
2025-05-26 10:17:15,358 - data_analyzer.anomaly_detector - INFO - 🔍 Phát hiện anomalies correlation 30d cho DOGEUSDT
2025-05-26 10:17:15,383 - data_analyzer.anomaly_detector - INFO - ✅ Phát hiện 2 anomalies cho DOGEUSDT
2025-05-26 10:17:15,383 - data_analyzer.anomaly_detector - INFO -    - 30d_Volume_USDT: 1
2025-05-26 10:17:15,384 - data_analyzer.anomaly_detector - INFO -    - 30d_Volume: 1
2025-05-26 10:32:16,081 - data_analyzer.anomaly_detector - INFO - 🔧 Khởi tạo OptimizedAnomalyDetector với ngưỡng 2.5
2025-05-26 10:32:16,083 - data_analyzer.anomaly_detector - INFO - 🔍 Phát hiện tất cả anomalies cho BTCUSDT
2025-05-26 10:32:16,084 - data_analyzer.anomaly_detector - INFO - 🔍 Phát hiện anomalies 24h cho BTCUSDT
2025-05-26 10:32:16,097 - data_analyzer.anomaly_detector - INFO - ✅ Phát hiện 0 anomalies 24h cho BTCUSDT
2025-05-26 10:32:16,098 - data_analyzer.anomaly_detector - INFO - 🔍 Phát hiện volume spikes cho BTCUSDT
2025-05-26 10:32:16,122 - data_analyzer.anomaly_detector - INFO - ✅ Phát hiện 0 volume spikes cho BTCUSDT
2025-05-26 10:32:16,123 - data_analyzer.anomaly_detector - INFO - 🔍 Phát hiện OI-Price divergence cho BTCUSDT
2025-05-26 10:32:16,129 - data_analyzer.anomaly_detector - INFO - ✅ Kiểm tra OI divergence cho BTCUSDT: 0 anomalies
2025-05-26 10:32:16,130 - data_analyzer.anomaly_detector - INFO - 🔍 Phát hiện anomalies correlation 24h cho BTCUSDT
2025-05-26 10:32:16,135 - data_analyzer.anomaly_detector - INFO - ✅ Correlation 24h BTCUSDT: 0.998
2025-05-26 10:32:16,136 - data_analyzer.anomaly_detector - INFO - 🔍 Phát hiện anomalies 30d cho BTCUSDT
2025-05-26 10:32:16,155 - data_analyzer.anomaly_detector - ERROR - ❌ Lỗi khi kiểm tra recent anomaly: '>=' not supported between instances of 'int' and 'datetime.datetime'
2025-05-26 10:32:16,156 - data_analyzer.anomaly_detector - ERROR - ❌ Lỗi khi kiểm tra recent anomaly: '>=' not supported between instances of 'int' and 'datetime.datetime'
2025-05-26 10:32:16,157 - data_analyzer.anomaly_detector - INFO - ✅ Phát hiện 2 anomalies 30d cho BTCUSDT
2025-05-26 10:32:16,158 - data_analyzer.anomaly_detector - INFO - 🔍 Phát hiện anomalies correlation 30d cho BTCUSDT
2025-05-26 10:32:16,195 - data_analyzer.anomaly_detector - INFO - ✅ Phát hiện 2 anomalies cho BTCUSDT
2025-05-26 10:32:16,196 - data_analyzer.anomaly_detector - INFO -    - 30d_Volume_USDT: 1
2025-05-26 10:32:16,197 - data_analyzer.anomaly_detector - INFO -    - 30d_Volume: 1
2025-05-26 10:32:16,199 - data_analyzer.anomaly_detector - INFO - 🔍 Phát hiện tất cả anomalies cho ETHUSDT
2025-05-26 10:32:16,200 - data_analyzer.anomaly_detector - INFO - 🔍 Phát hiện anomalies 24h cho ETHUSDT
2025-05-26 10:32:16,206 - data_analyzer.anomaly_detector - INFO - ✅ Phát hiện 0 anomalies 24h cho ETHUSDT
2025-05-26 10:32:16,207 - data_analyzer.anomaly_detector - INFO - 🔍 Phát hiện volume spikes cho ETHUSDT
2025-05-26 10:32:16,221 - data_analyzer.anomaly_detector - INFO - ✅ Phát hiện 0 volume spikes cho ETHUSDT
2025-05-26 10:32:16,222 - data_analyzer.anomaly_detector - INFO - 🔍 Phát hiện OI-Price divergence cho ETHUSDT
2025-05-26 10:32:16,226 - data_analyzer.anomaly_detector - INFO - ✅ Kiểm tra OI divergence cho ETHUSDT: 0 anomalies
2025-05-26 10:32:16,227 - data_analyzer.anomaly_detector - INFO - 🔍 Phát hiện anomalies correlation 24h cho ETHUSDT
2025-05-26 10:32:16,233 - data_analyzer.anomaly_detector - INFO - ✅ Correlation 24h ETHUSDT: 0.979
2025-05-26 10:32:16,233 - data_analyzer.anomaly_detector - INFO - 🔍 Phát hiện anomalies 30d cho ETHUSDT
2025-05-26 10:32:16,250 - data_analyzer.anomaly_detector - ERROR - ❌ Lỗi khi kiểm tra recent anomaly: '>=' not supported between instances of 'int' and 'datetime.datetime'
2025-05-26 10:32:16,251 - data_analyzer.anomaly_detector - INFO - ✅ Phát hiện 2 anomalies 30d cho ETHUSDT
2025-05-26 10:32:16,251 - data_analyzer.anomaly_detector - INFO - 🔍 Phát hiện anomalies correlation 30d cho ETHUSDT
2025-05-26 10:32:16,277 - data_analyzer.anomaly_detector - INFO - ✅ Phát hiện 2 anomalies cho ETHUSDT
2025-05-26 10:32:16,277 - data_analyzer.anomaly_detector - INFO -    - 30d_OI: 1
2025-05-26 10:32:16,277 - data_analyzer.anomaly_detector - INFO -    - 30d_Volume: 1
2025-05-26 10:32:16,280 - data_analyzer.anomaly_detector - INFO - 🔍 Phát hiện tất cả anomalies cho BNBUSDT
2025-05-26 10:32:16,280 - data_analyzer.anomaly_detector - INFO - 🔍 Phát hiện anomalies 24h cho BNBUSDT
2025-05-26 10:32:16,287 - data_analyzer.anomaly_detector - INFO - ✅ Phát hiện 0 anomalies 24h cho BNBUSDT
2025-05-26 10:32:16,287 - data_analyzer.anomaly_detector - INFO - 🔍 Phát hiện volume spikes cho BNBUSDT
2025-05-26 10:32:16,301 - data_analyzer.anomaly_detector - INFO - ✅ Phát hiện 0 volume spikes cho BNBUSDT
2025-05-26 10:32:16,302 - data_analyzer.anomaly_detector - INFO - 🔍 Phát hiện OI-Price divergence cho BNBUSDT
2025-05-26 10:32:16,307 - data_analyzer.anomaly_detector - INFO - ✅ Kiểm tra OI divergence cho BNBUSDT: 0 anomalies
2025-05-26 10:32:16,307 - data_analyzer.anomaly_detector - INFO - 🔍 Phát hiện anomalies correlation 24h cho BNBUSDT
2025-05-26 10:32:16,313 - data_analyzer.anomaly_detector - INFO - ✅ Correlation 24h BNBUSDT: 0.996
2025-05-26 10:32:16,313 - data_analyzer.anomaly_detector - INFO - 🔍 Phát hiện anomalies 30d cho BNBUSDT
2025-05-26 10:32:16,330 - data_analyzer.anomaly_detector - ERROR - ❌ Lỗi khi kiểm tra recent anomaly: '>=' not supported between instances of 'int' and 'datetime.datetime'
2025-05-26 10:32:16,330 - data_analyzer.anomaly_detector - ERROR - ❌ Lỗi khi kiểm tra recent anomaly: '>=' not supported between instances of 'int' and 'datetime.datetime'
2025-05-26 10:32:16,331 - data_analyzer.anomaly_detector - INFO - ✅ Phát hiện 2 anomalies 30d cho BNBUSDT
2025-05-26 10:32:16,331 - data_analyzer.anomaly_detector - INFO - 🔍 Phát hiện anomalies correlation 30d cho BNBUSDT
2025-05-26 10:32:16,356 - data_analyzer.anomaly_detector - INFO - ✅ Phát hiện 2 anomalies cho BNBUSDT
2025-05-26 10:32:16,357 - data_analyzer.anomaly_detector - INFO -    - 30d_Volume_USDT: 1
2025-05-26 10:32:16,357 - data_analyzer.anomaly_detector - INFO -    - 30d_Volume: 1
2025-05-26 10:32:16,360 - data_analyzer.anomaly_detector - INFO - 🔍 Phát hiện tất cả anomalies cho SOLUSDT
2025-05-26 10:32:16,360 - data_analyzer.anomaly_detector - INFO - 🔍 Phát hiện anomalies 24h cho SOLUSDT
2025-05-26 10:32:16,367 - data_analyzer.anomaly_detector - INFO - ✅ Phát hiện 0 anomalies 24h cho SOLUSDT
2025-05-26 10:32:16,367 - data_analyzer.anomaly_detector - INFO - 🔍 Phát hiện volume spikes cho SOLUSDT
2025-05-26 10:32:16,380 - data_analyzer.anomaly_detector - INFO - ✅ Phát hiện 0 volume spikes cho SOLUSDT
2025-05-26 10:32:16,381 - data_analyzer.anomaly_detector - INFO - 🔍 Phát hiện OI-Price divergence cho SOLUSDT
2025-05-26 10:32:16,385 - data_analyzer.anomaly_detector - INFO - ✅ Kiểm tra OI divergence cho SOLUSDT: 0 anomalies
2025-05-26 10:32:16,386 - data_analyzer.anomaly_detector - INFO - 🔍 Phát hiện anomalies correlation 24h cho SOLUSDT
2025-05-26 10:32:16,391 - data_analyzer.anomaly_detector - INFO - ✅ Correlation 24h SOLUSDT: 0.993
2025-05-26 10:32:16,392 - data_analyzer.anomaly_detector - INFO - 🔍 Phát hiện anomalies 30d cho SOLUSDT
2025-05-26 10:32:16,407 - data_analyzer.anomaly_detector - INFO - ✅ Phát hiện 0 anomalies 30d cho SOLUSDT
2025-05-26 10:32:16,407 - data_analyzer.anomaly_detector - INFO - 🔍 Phát hiện anomalies correlation 30d cho SOLUSDT
2025-05-26 10:32:16,424 - data_analyzer.anomaly_detector - INFO - ✅ Phát hiện 0 anomalies cho SOLUSDT
2025-05-26 10:32:16,426 - data_analyzer.anomaly_detector - INFO - 🔍 Phát hiện tất cả anomalies cho DOGEUSDT
2025-05-26 10:32:16,426 - data_analyzer.anomaly_detector - INFO - 🔍 Phát hiện anomalies 24h cho DOGEUSDT
2025-05-26 10:32:16,432 - data_analyzer.anomaly_detector - INFO - ✅ Phát hiện 0 anomalies 24h cho DOGEUSDT
2025-05-26 10:32:16,432 - data_analyzer.anomaly_detector - INFO - 🔍 Phát hiện volume spikes cho DOGEUSDT
2025-05-26 10:32:16,445 - data_analyzer.anomaly_detector - INFO - ✅ Phát hiện 0 volume spikes cho DOGEUSDT
2025-05-26 10:32:16,446 - data_analyzer.anomaly_detector - INFO - 🔍 Phát hiện OI-Price divergence cho DOGEUSDT
2025-05-26 10:32:16,450 - data_analyzer.anomaly_detector - INFO - ✅ Kiểm tra OI divergence cho DOGEUSDT: 0 anomalies
2025-05-26 10:32:16,451 - data_analyzer.anomaly_detector - INFO - 🔍 Phát hiện anomalies correlation 24h cho DOGEUSDT
2025-05-26 10:32:16,456 - data_analyzer.anomaly_detector - INFO - ✅ Correlation 24h DOGEUSDT: 0.987
2025-05-26 10:32:16,456 - data_analyzer.anomaly_detector - INFO - 🔍 Phát hiện anomalies 30d cho DOGEUSDT
2025-05-26 10:32:16,472 - data_analyzer.anomaly_detector - ERROR - ❌ Lỗi khi kiểm tra recent anomaly: '>=' not supported between instances of 'int' and 'datetime.datetime'
2025-05-26 10:32:16,473 - data_analyzer.anomaly_detector - ERROR - ❌ Lỗi khi kiểm tra recent anomaly: '>=' not supported between instances of 'int' and 'datetime.datetime'
2025-05-26 10:32:16,473 - data_analyzer.anomaly_detector - INFO - ✅ Phát hiện 2 anomalies 30d cho DOGEUSDT
2025-05-26 10:32:16,474 - data_analyzer.anomaly_detector - INFO - 🔍 Phát hiện anomalies correlation 30d cho DOGEUSDT
2025-05-26 10:32:16,498 - data_analyzer.anomaly_detector - INFO - ✅ Phát hiện 2 anomalies cho DOGEUSDT
2025-05-26 10:32:16,498 - data_analyzer.anomaly_detector - INFO -    - 30d_Volume_USDT: 1
2025-05-26 10:32:16,499 - data_analyzer.anomaly_detector - INFO -    - 30d_Volume: 1
2025-05-26 10:47:36,062 - data_analyzer.anomaly_detector - INFO - 🔧 Khởi tạo OptimizedAnomalyDetector với ngưỡng 2.5
2025-05-26 10:47:36,064 - data_analyzer.anomaly_detector - INFO - 🔍 Phát hiện tất cả anomalies cho BTCUSDT
2025-05-26 10:47:36,065 - data_analyzer.anomaly_detector - INFO - 🔍 Phát hiện anomalies 24h cho BTCUSDT
2025-05-26 10:47:36,078 - data_analyzer.anomaly_detector - INFO - ✅ Phát hiện 0 anomalies 24h cho BTCUSDT
2025-05-26 10:47:36,079 - data_analyzer.anomaly_detector - INFO - 🔍 Phát hiện volume spikes cho BTCUSDT
2025-05-26 10:47:36,100 - data_analyzer.anomaly_detector - INFO - ✅ Phát hiện 0 volume spikes cho BTCUSDT
2025-05-26 10:47:36,101 - data_analyzer.anomaly_detector - INFO - 🔍 Phát hiện OI-Price divergence cho BTCUSDT
2025-05-26 10:47:36,106 - data_analyzer.anomaly_detector - INFO - ✅ Kiểm tra OI divergence cho BTCUSDT: 0 anomalies
2025-05-26 10:47:36,107 - data_analyzer.anomaly_detector - INFO - 🔍 Phát hiện anomalies correlation 24h cho BTCUSDT
2025-05-26 10:47:36,113 - data_analyzer.anomaly_detector - INFO - ✅ Correlation 24h BTCUSDT: 0.998
2025-05-26 10:47:36,113 - data_analyzer.anomaly_detector - INFO - 🔍 Phát hiện anomalies 30d cho BTCUSDT
2025-05-26 10:47:36,132 - data_analyzer.anomaly_detector - ERROR - ❌ Lỗi khi kiểm tra recent anomaly: '>=' not supported between instances of 'int' and 'datetime.datetime'
2025-05-26 10:47:36,133 - data_analyzer.anomaly_detector - ERROR - ❌ Lỗi khi kiểm tra recent anomaly: '>=' not supported between instances of 'int' and 'datetime.datetime'
2025-05-26 10:47:36,133 - data_analyzer.anomaly_detector - INFO - ✅ Phát hiện 2 anomalies 30d cho BTCUSDT
2025-05-26 10:47:36,134 - data_analyzer.anomaly_detector - INFO - 🔍 Phát hiện anomalies correlation 30d cho BTCUSDT
2025-05-26 10:47:36,161 - data_analyzer.anomaly_detector - INFO - ✅ Phát hiện 2 anomalies cho BTCUSDT
2025-05-26 10:47:36,161 - data_analyzer.anomaly_detector - INFO -    - 30d_Volume_USDT: 1
2025-05-26 10:47:36,162 - data_analyzer.anomaly_detector - INFO -    - 30d_Volume: 1
2025-05-26 10:47:36,164 - data_analyzer.anomaly_detector - INFO - 🔍 Phát hiện tất cả anomalies cho ETHUSDT
2025-05-26 10:47:36,165 - data_analyzer.anomaly_detector - INFO - 🔍 Phát hiện anomalies 24h cho ETHUSDT
2025-05-26 10:47:36,171 - data_analyzer.anomaly_detector - INFO - ✅ Phát hiện 0 anomalies 24h cho ETHUSDT
2025-05-26 10:47:36,171 - data_analyzer.anomaly_detector - INFO - 🔍 Phát hiện volume spikes cho ETHUSDT
2025-05-26 10:47:36,184 - data_analyzer.anomaly_detector - INFO - ✅ Phát hiện 0 volume spikes cho ETHUSDT
2025-05-26 10:47:36,185 - data_analyzer.anomaly_detector - INFO - 🔍 Phát hiện OI-Price divergence cho ETHUSDT
2025-05-26 10:47:36,189 - data_analyzer.anomaly_detector - INFO - ✅ Kiểm tra OI divergence cho ETHUSDT: 0 anomalies
2025-05-26 10:47:36,190 - data_analyzer.anomaly_detector - INFO - 🔍 Phát hiện anomalies correlation 24h cho ETHUSDT
2025-05-26 10:47:36,195 - data_analyzer.anomaly_detector - INFO - ✅ Correlation 24h ETHUSDT: 0.979
2025-05-26 10:47:36,195 - data_analyzer.anomaly_detector - INFO - 🔍 Phát hiện anomalies 30d cho ETHUSDT
2025-05-26 10:47:36,210 - data_analyzer.anomaly_detector - ERROR - ❌ Lỗi khi kiểm tra recent anomaly: '>=' not supported between instances of 'int' and 'datetime.datetime'
2025-05-26 10:47:36,210 - data_analyzer.anomaly_detector - INFO - ✅ Phát hiện 1 anomalies 30d cho ETHUSDT
2025-05-26 10:47:36,211 - data_analyzer.anomaly_detector - INFO - 🔍 Phát hiện anomalies correlation 30d cho ETHUSDT
2025-05-26 10:47:36,231 - data_analyzer.anomaly_detector - INFO - ✅ Phát hiện 1 anomalies cho ETHUSDT
2025-05-26 10:47:36,232 - data_analyzer.anomaly_detector - INFO -    - 30d_Volume: 1
2025-05-26 10:47:36,233 - data_analyzer.anomaly_detector - INFO - 🔍 Phát hiện tất cả anomalies cho BNBUSDT
2025-05-26 10:47:36,234 - data_analyzer.anomaly_detector - INFO - 🔍 Phát hiện anomalies 24h cho BNBUSDT
2025-05-26 10:47:36,239 - data_analyzer.anomaly_detector - INFO - ✅ Phát hiện 0 anomalies 24h cho BNBUSDT
2025-05-26 10:47:36,240 - data_analyzer.anomaly_detector - INFO - 🔍 Phát hiện volume spikes cho BNBUSDT
2025-05-26 10:47:36,252 - data_analyzer.anomaly_detector - INFO - ✅ Phát hiện 0 volume spikes cho BNBUSDT
2025-05-26 10:47:36,252 - data_analyzer.anomaly_detector - INFO - 🔍 Phát hiện OI-Price divergence cho BNBUSDT
2025-05-26 10:47:36,257 - data_analyzer.anomaly_detector - INFO - ✅ Kiểm tra OI divergence cho BNBUSDT: 0 anomalies
2025-05-26 10:47:36,257 - data_analyzer.anomaly_detector - INFO - 🔍 Phát hiện anomalies correlation 24h cho BNBUSDT
2025-05-26 10:47:36,262 - data_analyzer.anomaly_detector - INFO - ✅ Correlation 24h BNBUSDT: 0.996
2025-05-26 10:47:36,262 - data_analyzer.anomaly_detector - INFO - 🔍 Phát hiện anomalies 30d cho BNBUSDT
2025-05-26 10:47:36,278 - data_analyzer.anomaly_detector - ERROR - ❌ Lỗi khi kiểm tra recent anomaly: '>=' not supported between instances of 'int' and 'datetime.datetime'
2025-05-26 10:47:36,278 - data_analyzer.anomaly_detector - ERROR - ❌ Lỗi khi kiểm tra recent anomaly: '>=' not supported between instances of 'int' and 'datetime.datetime'
2025-05-26 10:47:36,279 - data_analyzer.anomaly_detector - INFO - ✅ Phát hiện 2 anomalies 30d cho BNBUSDT
2025-05-26 10:47:36,279 - data_analyzer.anomaly_detector - INFO - 🔍 Phát hiện anomalies correlation 30d cho BNBUSDT
2025-05-26 10:47:36,304 - data_analyzer.anomaly_detector - INFO - ✅ Phát hiện 2 anomalies cho BNBUSDT
2025-05-26 10:47:36,304 - data_analyzer.anomaly_detector - INFO -    - 30d_Volume_USDT: 1
2025-05-26 10:47:36,305 - data_analyzer.anomaly_detector - INFO -    - 30d_Volume: 1
2025-05-26 10:47:36,307 - data_analyzer.anomaly_detector - INFO - 🔍 Phát hiện tất cả anomalies cho SOLUSDT
2025-05-26 10:47:36,307 - data_analyzer.anomaly_detector - INFO - 🔍 Phát hiện anomalies 24h cho SOLUSDT
2025-05-26 10:47:36,313 - data_analyzer.anomaly_detector - INFO - ✅ Phát hiện 0 anomalies 24h cho SOLUSDT
2025-05-26 10:47:36,313 - data_analyzer.anomaly_detector - INFO - 🔍 Phát hiện volume spikes cho SOLUSDT
2025-05-26 10:47:36,325 - data_analyzer.anomaly_detector - INFO - ✅ Phát hiện 0 volume spikes cho SOLUSDT
2025-05-26 10:47:36,326 - data_analyzer.anomaly_detector - INFO - 🔍 Phát hiện OI-Price divergence cho SOLUSDT
2025-05-26 10:47:36,330 - data_analyzer.anomaly_detector - INFO - ✅ Kiểm tra OI divergence cho SOLUSDT: 0 anomalies
2025-05-26 10:47:36,331 - data_analyzer.anomaly_detector - INFO - 🔍 Phát hiện anomalies correlation 24h cho SOLUSDT
2025-05-26 10:47:36,335 - data_analyzer.anomaly_detector - INFO - ✅ Correlation 24h SOLUSDT: 0.993
2025-05-26 10:47:36,336 - data_analyzer.anomaly_detector - INFO - 🔍 Phát hiện anomalies 30d cho SOLUSDT
2025-05-26 10:47:36,350 - data_analyzer.anomaly_detector - INFO - ✅ Phát hiện 0 anomalies 30d cho SOLUSDT
2025-05-26 10:47:36,351 - data_analyzer.anomaly_detector - INFO - 🔍 Phát hiện anomalies correlation 30d cho SOLUSDT
2025-05-26 10:47:36,367 - data_analyzer.anomaly_detector - INFO - ✅ Phát hiện 0 anomalies cho SOLUSDT
2025-05-26 10:47:36,369 - data_analyzer.anomaly_detector - INFO - 🔍 Phát hiện tất cả anomalies cho DOGEUSDT
2025-05-26 10:47:36,369 - data_analyzer.anomaly_detector - INFO - 🔍 Phát hiện anomalies 24h cho DOGEUSDT
2025-05-26 10:47:36,376 - data_analyzer.anomaly_detector - INFO - ✅ Phát hiện 0 anomalies 24h cho DOGEUSDT
2025-05-26 10:47:36,376 - data_analyzer.anomaly_detector - INFO - 🔍 Phát hiện volume spikes cho DOGEUSDT
2025-05-26 10:47:36,389 - data_analyzer.anomaly_detector - INFO - ✅ Phát hiện 0 volume spikes cho DOGEUSDT
2025-05-26 10:47:36,390 - data_analyzer.anomaly_detector - INFO - 🔍 Phát hiện OI-Price divergence cho DOGEUSDT
2025-05-26 10:47:36,394 - data_analyzer.anomaly_detector - INFO - ✅ Kiểm tra OI divergence cho DOGEUSDT: 0 anomalies
2025-05-26 10:47:36,395 - data_analyzer.anomaly_detector - INFO - 🔍 Phát hiện anomalies correlation 24h cho DOGEUSDT
2025-05-26 10:47:36,400 - data_analyzer.anomaly_detector - INFO - ✅ Correlation 24h DOGEUSDT: 0.987
2025-05-26 10:47:36,400 - data_analyzer.anomaly_detector - INFO - 🔍 Phát hiện anomalies 30d cho DOGEUSDT
2025-05-26 10:47:36,416 - data_analyzer.anomaly_detector - ERROR - ❌ Lỗi khi kiểm tra recent anomaly: '>=' not supported between instances of 'int' and 'datetime.datetime'
2025-05-26 10:47:36,417 - data_analyzer.anomaly_detector - ERROR - ❌ Lỗi khi kiểm tra recent anomaly: '>=' not supported between instances of 'int' and 'datetime.datetime'
2025-05-26 10:47:36,417 - data_analyzer.anomaly_detector - INFO - ✅ Phát hiện 2 anomalies 30d cho DOGEUSDT
2025-05-26 10:47:36,418 - data_analyzer.anomaly_detector - INFO - 🔍 Phát hiện anomalies correlation 30d cho DOGEUSDT
2025-05-26 10:47:36,445 - data_analyzer.anomaly_detector - INFO - ✅ Phát hiện 2 anomalies cho DOGEUSDT
2025-05-26 10:47:36,445 - data_analyzer.anomaly_detector - INFO -    - 30d_Volume_USDT: 1
2025-05-26 10:47:36,446 - data_analyzer.anomaly_detector - INFO -    - 30d_Volume: 1
2025-05-26 11:02:36,500 - data_analyzer.anomaly_detector - INFO - 🔧 Khởi tạo OptimizedAnomalyDetector với ngưỡng 2.5
2025-05-26 11:02:36,502 - data_analyzer.anomaly_detector - INFO - 🔍 Phát hiện tất cả anomalies cho BTCUSDT
2025-05-26 11:02:36,503 - data_analyzer.anomaly_detector - INFO - 🔍 Phát hiện anomalies 24h cho BTCUSDT
2025-05-26 11:02:36,517 - data_analyzer.anomaly_detector - INFO - ✅ Phát hiện 4 anomalies 24h cho BTCUSDT
2025-05-26 11:02:36,517 - data_analyzer.anomaly_detector - INFO - 🔍 Phát hiện volume spikes cho BTCUSDT
2025-05-26 11:02:36,536 - data_analyzer.anomaly_detector - INFO - ✅ Phát hiện 0 volume spikes cho BTCUSDT
2025-05-26 11:02:36,537 - data_analyzer.anomaly_detector - INFO - 🔍 Phát hiện OI-Price divergence cho BTCUSDT
2025-05-26 11:02:36,542 - data_analyzer.anomaly_detector - INFO - ✅ Kiểm tra OI divergence cho BTCUSDT: 0 anomalies
2025-05-26 11:02:36,543 - data_analyzer.anomaly_detector - INFO - 🔍 Phát hiện anomalies correlation 24h cho BTCUSDT
2025-05-26 11:02:36,549 - data_analyzer.anomaly_detector - INFO - ✅ Correlation 24h BTCUSDT: 0.997
2025-05-26 11:02:36,549 - data_analyzer.anomaly_detector - INFO - 🔍 Phát hiện anomalies 30d cho BTCUSDT
2025-05-26 11:02:36,565 - data_analyzer.anomaly_detector - ERROR - ❌ Lỗi khi kiểm tra recent anomaly: '>=' not supported between instances of 'int' and 'datetime.datetime'
2025-05-26 11:02:36,566 - data_analyzer.anomaly_detector - ERROR - ❌ Lỗi khi kiểm tra recent anomaly: '>=' not supported between instances of 'int' and 'datetime.datetime'
2025-05-26 11:02:36,567 - data_analyzer.anomaly_detector - INFO - ✅ Phát hiện 2 anomalies 30d cho BTCUSDT
2025-05-26 11:02:36,568 - data_analyzer.anomaly_detector - INFO - 🔍 Phát hiện anomalies correlation 30d cho BTCUSDT
2025-05-26 11:02:36,611 - data_analyzer.anomaly_detector - INFO - ✅ Phát hiện 6 anomalies cho BTCUSDT
2025-05-26 11:02:36,612 - data_analyzer.anomaly_detector - INFO -    - 24h_OI: 2
2025-05-26 11:02:36,612 - data_analyzer.anomaly_detector - INFO -    - 24h_Volume: 2
2025-05-26 11:02:36,613 - data_analyzer.anomaly_detector - INFO -    - 30d_Volume_USDT: 1
2025-05-26 11:02:36,613 - data_analyzer.anomaly_detector - INFO -    - 30d_Volume: 1
2025-05-26 11:02:36,616 - data_analyzer.anomaly_detector - INFO - 🔍 Phát hiện tất cả anomalies cho ETHUSDT
2025-05-26 11:02:36,617 - data_analyzer.anomaly_detector - INFO - 🔍 Phát hiện anomalies 24h cho ETHUSDT
2025-05-26 11:02:36,624 - data_analyzer.anomaly_detector - INFO - ✅ Phát hiện 2 anomalies 24h cho ETHUSDT
2025-05-26 11:02:36,624 - data_analyzer.anomaly_detector - INFO - 🔍 Phát hiện volume spikes cho ETHUSDT
2025-05-26 11:02:36,637 - data_analyzer.anomaly_detector - INFO - ✅ Phát hiện 0 volume spikes cho ETHUSDT
2025-05-26 11:02:36,637 - data_analyzer.anomaly_detector - INFO - 🔍 Phát hiện OI-Price divergence cho ETHUSDT
2025-05-26 11:02:36,642 - data_analyzer.anomaly_detector - INFO - ✅ Kiểm tra OI divergence cho ETHUSDT: 0 anomalies
2025-05-26 11:02:36,642 - data_analyzer.anomaly_detector - INFO - 🔍 Phát hiện anomalies correlation 24h cho ETHUSDT
2025-05-26 11:02:36,647 - data_analyzer.anomaly_detector - INFO - ✅ Correlation 24h ETHUSDT: 0.970
2025-05-26 11:02:36,647 - data_analyzer.anomaly_detector - INFO - 🔍 Phát hiện anomalies 30d cho ETHUSDT
2025-05-26 11:02:36,662 - data_analyzer.anomaly_detector - ERROR - ❌ Lỗi khi kiểm tra recent anomaly: '>=' not supported between instances of 'int' and 'datetime.datetime'
2025-05-26 11:02:36,663 - data_analyzer.anomaly_detector - INFO - ✅ Phát hiện 2 anomalies 30d cho ETHUSDT
2025-05-26 11:02:36,663 - data_analyzer.anomaly_detector - INFO - 🔍 Phát hiện anomalies correlation 30d cho ETHUSDT
2025-05-26 11:02:36,702 - data_analyzer.anomaly_detector - INFO - ✅ Phát hiện 4 anomalies cho ETHUSDT
2025-05-26 11:02:36,703 - data_analyzer.anomaly_detector - INFO -    - 24h_OI: 2
2025-05-26 11:02:36,704 - data_analyzer.anomaly_detector - INFO -    - 30d_OI: 1
2025-05-26 11:02:36,704 - data_analyzer.anomaly_detector - INFO -    - 30d_Volume: 1
2025-05-26 11:02:36,707 - data_analyzer.anomaly_detector - INFO - 🔍 Phát hiện tất cả anomalies cho BNBUSDT
2025-05-26 11:02:36,708 - data_analyzer.anomaly_detector - INFO - 🔍 Phát hiện anomalies 24h cho BNBUSDT
2025-05-26 11:02:36,718 - data_analyzer.anomaly_detector - INFO - ✅ Phát hiện 4 anomalies 24h cho BNBUSDT
2025-05-26 11:02:36,718 - data_analyzer.anomaly_detector - INFO - 🔍 Phát hiện volume spikes cho BNBUSDT
2025-05-26 11:02:36,733 - data_analyzer.anomaly_detector - INFO - ✅ Phát hiện 0 volume spikes cho BNBUSDT
2025-05-26 11:02:36,734 - data_analyzer.anomaly_detector - INFO - 🔍 Phát hiện OI-Price divergence cho BNBUSDT
2025-05-26 11:02:36,737 - data_analyzer.anomaly_detector - INFO - ✅ Kiểm tra OI divergence cho BNBUSDT: 0 anomalies
2025-05-26 11:02:36,739 - data_analyzer.anomaly_detector - INFO - 🔍 Phát hiện anomalies correlation 24h cho BNBUSDT
2025-05-26 11:02:36,744 - data_analyzer.anomaly_detector - INFO - ✅ Correlation 24h BNBUSDT: 0.994
2025-05-26 11:02:36,745 - data_analyzer.anomaly_detector - INFO - 🔍 Phát hiện anomalies 30d cho BNBUSDT
2025-05-26 11:02:36,761 - data_analyzer.anomaly_detector - ERROR - ❌ Lỗi khi kiểm tra recent anomaly: '>=' not supported between instances of 'int' and 'datetime.datetime'
2025-05-26 11:02:36,761 - data_analyzer.anomaly_detector - ERROR - ❌ Lỗi khi kiểm tra recent anomaly: '>=' not supported between instances of 'int' and 'datetime.datetime'
2025-05-26 11:02:36,762 - data_analyzer.anomaly_detector - INFO - ✅ Phát hiện 2 anomalies 30d cho BNBUSDT
2025-05-26 11:02:36,762 - data_analyzer.anomaly_detector - INFO - 🔍 Phát hiện anomalies correlation 30d cho BNBUSDT
2025-05-26 11:02:36,802 - data_analyzer.anomaly_detector - INFO - ✅ Phát hiện 6 anomalies cho BNBUSDT
2025-05-26 11:02:36,803 - data_analyzer.anomaly_detector - INFO -    - 24h_OI: 2
2025-05-26 11:02:36,803 - data_analyzer.anomaly_detector - INFO -    - 24h_Volume: 2
2025-05-26 11:02:36,803 - data_analyzer.anomaly_detector - INFO -    - 30d_Volume_USDT: 1
2025-05-26 11:02:36,804 - data_analyzer.anomaly_detector - INFO -    - 30d_Volume: 1
2025-05-26 11:02:36,806 - data_analyzer.anomaly_detector - INFO - 🔍 Phát hiện tất cả anomalies cho SOLUSDT
2025-05-26 11:02:36,806 - data_analyzer.anomaly_detector - INFO - 🔍 Phát hiện anomalies 24h cho SOLUSDT
2025-05-26 11:02:36,815 - data_analyzer.anomaly_detector - INFO - ✅ Phát hiện 4 anomalies 24h cho SOLUSDT
2025-05-26 11:02:36,815 - data_analyzer.anomaly_detector - INFO - 🔍 Phát hiện volume spikes cho SOLUSDT
2025-05-26 11:02:36,829 - data_analyzer.anomaly_detector - INFO - ✅ Phát hiện 0 volume spikes cho SOLUSDT
2025-05-26 11:02:36,829 - data_analyzer.anomaly_detector - INFO - 🔍 Phát hiện OI-Price divergence cho SOLUSDT
2025-05-26 11:02:36,834 - data_analyzer.anomaly_detector - INFO - ✅ Kiểm tra OI divergence cho SOLUSDT: 0 anomalies
2025-05-26 11:02:36,835 - data_analyzer.anomaly_detector - INFO - 🔍 Phát hiện anomalies correlation 24h cho SOLUSDT
2025-05-26 11:02:36,840 - data_analyzer.anomaly_detector - INFO - ✅ Correlation 24h SOLUSDT: 0.990
2025-05-26 11:02:36,841 - data_analyzer.anomaly_detector - INFO - 🔍 Phát hiện anomalies 30d cho SOLUSDT
2025-05-26 11:02:36,856 - data_analyzer.anomaly_detector - INFO - ✅ Phát hiện 0 anomalies 30d cho SOLUSDT
2025-05-26 11:02:36,857 - data_analyzer.anomaly_detector - INFO - 🔍 Phát hiện anomalies correlation 30d cho SOLUSDT
2025-05-26 11:02:36,890 - data_analyzer.anomaly_detector - INFO - ✅ Phát hiện 4 anomalies cho SOLUSDT
2025-05-26 11:02:36,890 - data_analyzer.anomaly_detector - INFO -    - 24h_OI: 2
2025-05-26 11:02:36,891 - data_analyzer.anomaly_detector - INFO -    - 24h_Volume: 2
2025-05-26 11:02:36,894 - data_analyzer.anomaly_detector - INFO - 🔍 Phát hiện tất cả anomalies cho DOGEUSDT
2025-05-26 11:02:36,895 - data_analyzer.anomaly_detector - INFO - 🔍 Phát hiện anomalies 24h cho DOGEUSDT
2025-05-26 11:02:36,907 - data_analyzer.anomaly_detector - INFO - ✅ Phát hiện 4 anomalies 24h cho DOGEUSDT
2025-05-26 11:02:36,908 - data_analyzer.anomaly_detector - INFO - 🔍 Phát hiện volume spikes cho DOGEUSDT
2025-05-26 11:02:36,922 - data_analyzer.anomaly_detector - INFO - ✅ Phát hiện 0 volume spikes cho DOGEUSDT
2025-05-26 11:02:36,923 - data_analyzer.anomaly_detector - INFO - 🔍 Phát hiện OI-Price divergence cho DOGEUSDT
2025-05-26 11:02:36,928 - data_analyzer.anomaly_detector - INFO - ✅ Kiểm tra OI divergence cho DOGEUSDT: 0 anomalies
2025-05-26 11:02:36,928 - data_analyzer.anomaly_detector - INFO - 🔍 Phát hiện anomalies correlation 24h cho DOGEUSDT
2025-05-26 11:02:36,934 - data_analyzer.anomaly_detector - INFO - ✅ Correlation 24h DOGEUSDT: 0.982
2025-05-26 11:02:36,934 - data_analyzer.anomaly_detector - INFO - 🔍 Phát hiện anomalies 30d cho DOGEUSDT
2025-05-26 11:02:36,951 - data_analyzer.anomaly_detector - ERROR - ❌ Lỗi khi kiểm tra recent anomaly: '>=' not supported between instances of 'int' and 'datetime.datetime'
2025-05-26 11:02:36,951 - data_analyzer.anomaly_detector - ERROR - ❌ Lỗi khi kiểm tra recent anomaly: '>=' not supported between instances of 'int' and 'datetime.datetime'
2025-05-26 11:02:36,952 - data_analyzer.anomaly_detector - INFO - ✅ Phát hiện 2 anomalies 30d cho DOGEUSDT
2025-05-26 11:02:36,952 - data_analyzer.anomaly_detector - INFO - 🔍 Phát hiện anomalies correlation 30d cho DOGEUSDT
2025-05-26 11:02:36,993 - data_analyzer.anomaly_detector - INFO - ✅ Phát hiện 6 anomalies cho DOGEUSDT
2025-05-26 11:02:36,994 - data_analyzer.anomaly_detector - INFO -    - 24h_OI: 2
2025-05-26 11:02:36,994 - data_analyzer.anomaly_detector - INFO -    - 24h_Volume: 2
2025-05-26 11:02:36,995 - data_analyzer.anomaly_detector - INFO -    - 30d_Volume_USDT: 1
2025-05-26 11:02:36,995 - data_analyzer.anomaly_detector - INFO -    - 30d_Volume: 1
2025-05-26 11:17:57,276 - data_analyzer.anomaly_detector - INFO - 🔧 Khởi tạo OptimizedAnomalyDetector với ngưỡng 2.5
2025-05-26 11:17:57,277 - data_analyzer.anomaly_detector - INFO - 🔍 Phát hiện tất cả anomalies cho BTCUSDT
2025-05-26 11:17:57,278 - data_analyzer.anomaly_detector - INFO - 🔍 Phát hiện anomalies 24h cho BTCUSDT
2025-05-26 11:17:57,291 - data_analyzer.anomaly_detector - INFO - ✅ Phát hiện 4 anomalies 24h cho BTCUSDT
2025-05-26 11:17:57,292 - data_analyzer.anomaly_detector - INFO - 🔍 Phát hiện volume spikes cho BTCUSDT
2025-05-26 11:17:57,308 - data_analyzer.anomaly_detector - INFO - ✅ Phát hiện 0 volume spikes cho BTCUSDT
2025-05-26 11:17:57,309 - data_analyzer.anomaly_detector - INFO - 🔍 Phát hiện OI-Price divergence cho BTCUSDT
2025-05-26 11:17:57,313 - data_analyzer.anomaly_detector - INFO - ✅ Kiểm tra OI divergence cho BTCUSDT: 0 anomalies
2025-05-26 11:17:57,314 - data_analyzer.anomaly_detector - INFO - 🔍 Phát hiện anomalies correlation 24h cho BTCUSDT
2025-05-26 11:17:57,319 - data_analyzer.anomaly_detector - INFO - ✅ Correlation 24h BTCUSDT: 0.997
2025-05-26 11:17:57,319 - data_analyzer.anomaly_detector - INFO - 🔍 Phát hiện anomalies 30d cho BTCUSDT
2025-05-26 11:17:57,335 - data_analyzer.anomaly_detector - ERROR - ❌ Lỗi khi kiểm tra recent anomaly: '>=' not supported between instances of 'int' and 'datetime.datetime'
2025-05-26 11:17:57,336 - data_analyzer.anomaly_detector - ERROR - ❌ Lỗi khi kiểm tra recent anomaly: '>=' not supported between instances of 'int' and 'datetime.datetime'
2025-05-26 11:17:57,336 - data_analyzer.anomaly_detector - INFO - ✅ Phát hiện 2 anomalies 30d cho BTCUSDT
2025-05-26 11:17:57,337 - data_analyzer.anomaly_detector - INFO - 🔍 Phát hiện anomalies correlation 30d cho BTCUSDT
2025-05-26 11:17:57,381 - data_analyzer.anomaly_detector - INFO - ✅ Phát hiện 6 anomalies cho BTCUSDT
2025-05-26 11:17:57,382 - data_analyzer.anomaly_detector - INFO -    - 24h_OI: 2
2025-05-26 11:17:57,383 - data_analyzer.anomaly_detector - INFO -    - 24h_Volume: 2
2025-05-26 11:17:57,384 - data_analyzer.anomaly_detector - INFO -    - 30d_Volume_USDT: 1
2025-05-26 11:17:57,384 - data_analyzer.anomaly_detector - INFO -    - 30d_Volume: 1
2025-05-26 11:17:57,388 - data_analyzer.anomaly_detector - INFO - 🔍 Phát hiện tất cả anomalies cho ETHUSDT
2025-05-26 11:17:57,389 - data_analyzer.anomaly_detector - INFO - 🔍 Phát hiện anomalies 24h cho ETHUSDT
2025-05-26 11:17:57,399 - data_analyzer.anomaly_detector - INFO - ✅ Phát hiện 2 anomalies 24h cho ETHUSDT
2025-05-26 11:17:57,399 - data_analyzer.anomaly_detector - INFO - 🔍 Phát hiện volume spikes cho ETHUSDT
2025-05-26 11:17:57,415 - data_analyzer.anomaly_detector - INFO - ✅ Phát hiện 0 volume spikes cho ETHUSDT
2025-05-26 11:17:57,416 - data_analyzer.anomaly_detector - INFO - 🔍 Phát hiện OI-Price divergence cho ETHUSDT
2025-05-26 11:17:57,424 - data_analyzer.anomaly_detector - INFO - ✅ Kiểm tra OI divergence cho ETHUSDT: 0 anomalies
2025-05-26 11:17:57,425 - data_analyzer.anomaly_detector - INFO - 🔍 Phát hiện anomalies correlation 24h cho ETHUSDT
2025-05-26 11:17:57,433 - data_analyzer.anomaly_detector - INFO - ✅ Correlation 24h ETHUSDT: 0.970
2025-05-26 11:17:57,434 - data_analyzer.anomaly_detector - INFO - 🔍 Phát hiện anomalies 30d cho ETHUSDT
2025-05-26 11:17:57,462 - data_analyzer.anomaly_detector - ERROR - ❌ Lỗi khi kiểm tra recent anomaly: '>=' not supported between instances of 'int' and 'datetime.datetime'
2025-05-26 11:17:57,463 - data_analyzer.anomaly_detector - INFO - ✅ Phát hiện 2 anomalies 30d cho ETHUSDT
2025-05-26 11:17:57,464 - data_analyzer.anomaly_detector - INFO - 🔍 Phát hiện anomalies correlation 30d cho ETHUSDT
2025-05-26 11:17:57,507 - data_analyzer.anomaly_detector - INFO - ✅ Phát hiện 4 anomalies cho ETHUSDT
2025-05-26 11:17:57,508 - data_analyzer.anomaly_detector - INFO -    - 24h_OI: 2
2025-05-26 11:17:57,508 - data_analyzer.anomaly_detector - INFO -    - 30d_OI: 1
2025-05-26 11:17:57,508 - data_analyzer.anomaly_detector - INFO -    - 30d_Volume: 1
2025-05-26 11:17:57,511 - data_analyzer.anomaly_detector - INFO - 🔍 Phát hiện tất cả anomalies cho BNBUSDT
2025-05-26 11:17:57,511 - data_analyzer.anomaly_detector - INFO - 🔍 Phát hiện anomalies 24h cho BNBUSDT
2025-05-26 11:17:57,519 - data_analyzer.anomaly_detector - INFO - ✅ Phát hiện 4 anomalies 24h cho BNBUSDT
2025-05-26 11:17:57,519 - data_analyzer.anomaly_detector - INFO - 🔍 Phát hiện volume spikes cho BNBUSDT
2025-05-26 11:17:57,532 - data_analyzer.anomaly_detector - INFO - ✅ Phát hiện 0 volume spikes cho BNBUSDT
2025-05-26 11:17:57,533 - data_analyzer.anomaly_detector - INFO - 🔍 Phát hiện OI-Price divergence cho BNBUSDT
2025-05-26 11:17:57,537 - data_analyzer.anomaly_detector - INFO - ✅ Kiểm tra OI divergence cho BNBUSDT: 0 anomalies
2025-05-26 11:17:57,538 - data_analyzer.anomaly_detector - INFO - 🔍 Phát hiện anomalies correlation 24h cho BNBUSDT
2025-05-26 11:17:57,546 - data_analyzer.anomaly_detector - INFO - ✅ Correlation 24h BNBUSDT: 0.994
2025-05-26 11:17:57,546 - data_analyzer.anomaly_detector - INFO - 🔍 Phát hiện anomalies 30d cho BNBUSDT
2025-05-26 11:17:57,562 - data_analyzer.anomaly_detector - ERROR - ❌ Lỗi khi kiểm tra recent anomaly: '>=' not supported between instances of 'int' and 'datetime.datetime'
2025-05-26 11:17:57,562 - data_analyzer.anomaly_detector - ERROR - ❌ Lỗi khi kiểm tra recent anomaly: '>=' not supported between instances of 'int' and 'datetime.datetime'
2025-05-26 11:17:57,563 - data_analyzer.anomaly_detector - INFO - ✅ Phát hiện 2 anomalies 30d cho BNBUSDT
2025-05-26 11:17:57,563 - data_analyzer.anomaly_detector - INFO - 🔍 Phát hiện anomalies correlation 30d cho BNBUSDT
2025-05-26 11:17:57,599 - data_analyzer.anomaly_detector - INFO - ✅ Phát hiện 6 anomalies cho BNBUSDT
2025-05-26 11:17:57,599 - data_analyzer.anomaly_detector - INFO -    - 24h_OI: 2
2025-05-26 11:17:57,600 - data_analyzer.anomaly_detector - INFO -    - 24h_Volume: 2
2025-05-26 11:17:57,600 - data_analyzer.anomaly_detector - INFO -    - 30d_Volume_USDT: 1
2025-05-26 11:17:57,601 - data_analyzer.anomaly_detector - INFO -    - 30d_Volume: 1
2025-05-26 11:17:57,603 - data_analyzer.anomaly_detector - INFO - 🔍 Phát hiện tất cả anomalies cho SOLUSDT
2025-05-26 11:17:57,603 - data_analyzer.anomaly_detector - INFO - 🔍 Phát hiện anomalies 24h cho SOLUSDT
2025-05-26 11:17:57,618 - data_analyzer.anomaly_detector - INFO - ✅ Phát hiện 4 anomalies 24h cho SOLUSDT
2025-05-26 11:17:57,618 - data_analyzer.anomaly_detector - INFO - 🔍 Phát hiện volume spikes cho SOLUSDT
2025-05-26 11:17:57,631 - data_analyzer.anomaly_detector - INFO - ✅ Phát hiện 0 volume spikes cho SOLUSDT
2025-05-26 11:17:57,632 - data_analyzer.anomaly_detector - INFO - 🔍 Phát hiện OI-Price divergence cho SOLUSDT
2025-05-26 11:17:57,636 - data_analyzer.anomaly_detector - INFO - ✅ Kiểm tra OI divergence cho SOLUSDT: 0 anomalies
2025-05-26 11:17:57,637 - data_analyzer.anomaly_detector - INFO - 🔍 Phát hiện anomalies correlation 24h cho SOLUSDT
2025-05-26 11:17:57,642 - data_analyzer.anomaly_detector - INFO - ✅ Correlation 24h SOLUSDT: 0.990
2025-05-26 11:17:57,643 - data_analyzer.anomaly_detector - INFO - 🔍 Phát hiện anomalies 30d cho SOLUSDT
2025-05-26 11:17:57,661 - data_analyzer.anomaly_detector - INFO - ✅ Phát hiện 0 anomalies 30d cho SOLUSDT
2025-05-26 11:17:57,661 - data_analyzer.anomaly_detector - INFO - 🔍 Phát hiện anomalies correlation 30d cho SOLUSDT
2025-05-26 11:17:57,690 - data_analyzer.anomaly_detector - INFO - ✅ Phát hiện 4 anomalies cho SOLUSDT
2025-05-26 11:17:57,690 - data_analyzer.anomaly_detector - INFO -    - 24h_OI: 2
2025-05-26 11:17:57,691 - data_analyzer.anomaly_detector - INFO -    - 24h_Volume: 2
2025-05-26 11:17:57,693 - data_analyzer.anomaly_detector - INFO - 🔍 Phát hiện tất cả anomalies cho DOGEUSDT
2025-05-26 11:17:57,693 - data_analyzer.anomaly_detector - INFO - 🔍 Phát hiện anomalies 24h cho DOGEUSDT
2025-05-26 11:17:57,700 - data_analyzer.anomaly_detector - INFO - ✅ Phát hiện 4 anomalies 24h cho DOGEUSDT
2025-05-26 11:17:57,700 - data_analyzer.anomaly_detector - INFO - 🔍 Phát hiện volume spikes cho DOGEUSDT
2025-05-26 11:17:57,718 - data_analyzer.anomaly_detector - INFO - ✅ Phát hiện 0 volume spikes cho DOGEUSDT
2025-05-26 11:17:57,719 - data_analyzer.anomaly_detector - INFO - 🔍 Phát hiện OI-Price divergence cho DOGEUSDT
2025-05-26 11:17:57,723 - data_analyzer.anomaly_detector - INFO - ✅ Kiểm tra OI divergence cho DOGEUSDT: 0 anomalies
2025-05-26 11:17:57,724 - data_analyzer.anomaly_detector - INFO - 🔍 Phát hiện anomalies correlation 24h cho DOGEUSDT
2025-05-26 11:17:57,728 - data_analyzer.anomaly_detector - INFO - ✅ Correlation 24h DOGEUSDT: 0.982
2025-05-26 11:17:57,729 - data_analyzer.anomaly_detector - INFO - 🔍 Phát hiện anomalies 30d cho DOGEUSDT
2025-05-26 11:17:57,743 - data_analyzer.anomaly_detector - ERROR - ❌ Lỗi khi kiểm tra recent anomaly: '>=' not supported between instances of 'int' and 'datetime.datetime'
2025-05-26 11:17:57,743 - data_analyzer.anomaly_detector - ERROR - ❌ Lỗi khi kiểm tra recent anomaly: '>=' not supported between instances of 'int' and 'datetime.datetime'
2025-05-26 11:17:57,744 - data_analyzer.anomaly_detector - INFO - ✅ Phát hiện 3 anomalies 30d cho DOGEUSDT
2025-05-26 11:17:57,744 - data_analyzer.anomaly_detector - INFO - 🔍 Phát hiện anomalies correlation 30d cho DOGEUSDT
2025-05-26 11:17:57,785 - data_analyzer.anomaly_detector - INFO - ✅ Phát hiện 7 anomalies cho DOGEUSDT
2025-05-26 11:17:57,785 - data_analyzer.anomaly_detector - INFO -    - 24h_OI: 2
2025-05-26 11:17:57,785 - data_analyzer.anomaly_detector - INFO -    - 24h_Volume: 2
2025-05-26 11:17:57,786 - data_analyzer.anomaly_detector - INFO -    - 30d_OI: 1
2025-05-26 11:17:57,786 - data_analyzer.anomaly_detector - INFO -    - 30d_Volume_USDT: 1
2025-05-26 11:17:57,787 - data_analyzer.anomaly_detector - INFO -    - 30d_Volume: 1
2025-05-26 11:32:57,933 - data_analyzer.anomaly_detector - INFO - 🔧 Khởi tạo OptimizedAnomalyDetector với ngưỡng 2.5
2025-05-26 11:32:57,935 - data_analyzer.anomaly_detector - INFO - 🔍 Phát hiện tất cả anomalies cho BTCUSDT
2025-05-26 11:32:57,935 - data_analyzer.anomaly_detector - INFO - 🔍 Phát hiện anomalies 24h cho BTCUSDT
2025-05-26 11:32:57,951 - data_analyzer.anomaly_detector - INFO - ✅ Phát hiện 4 anomalies 24h cho BTCUSDT
2025-05-26 11:32:57,951 - data_analyzer.anomaly_detector - INFO - 🔍 Phát hiện volume spikes cho BTCUSDT
2025-05-26 11:32:57,970 - data_analyzer.anomaly_detector - INFO - ✅ Phát hiện 0 volume spikes cho BTCUSDT
2025-05-26 11:32:57,971 - data_analyzer.anomaly_detector - INFO - 🔍 Phát hiện OI-Price divergence cho BTCUSDT
2025-05-26 11:32:57,975 - data_analyzer.anomaly_detector - INFO - ✅ Kiểm tra OI divergence cho BTCUSDT: 0 anomalies
2025-05-26 11:32:57,976 - data_analyzer.anomaly_detector - INFO - 🔍 Phát hiện anomalies correlation 24h cho BTCUSDT
2025-05-26 11:32:57,981 - data_analyzer.anomaly_detector - INFO - ✅ Correlation 24h BTCUSDT: 0.997
2025-05-26 11:32:57,981 - data_analyzer.anomaly_detector - INFO - 🔍 Phát hiện anomalies 30d cho BTCUSDT
2025-05-26 11:32:58,001 - data_analyzer.anomaly_detector - ERROR - ❌ Lỗi khi kiểm tra recent anomaly: '>=' not supported between instances of 'int' and 'datetime.datetime'
2025-05-26 11:32:58,001 - data_analyzer.anomaly_detector - ERROR - ❌ Lỗi khi kiểm tra recent anomaly: '>=' not supported between instances of 'int' and 'datetime.datetime'
2025-05-26 11:32:58,002 - data_analyzer.anomaly_detector - INFO - ✅ Phát hiện 2 anomalies 30d cho BTCUSDT
2025-05-26 11:32:58,003 - data_analyzer.anomaly_detector - INFO - 🔍 Phát hiện anomalies correlation 30d cho BTCUSDT
2025-05-26 11:32:58,050 - data_analyzer.anomaly_detector - INFO - ✅ Phát hiện 6 anomalies cho BTCUSDT
2025-05-26 11:32:58,050 - data_analyzer.anomaly_detector - INFO -    - 24h_OI: 2
2025-05-26 11:32:58,051 - data_analyzer.anomaly_detector - INFO -    - 24h_Volume: 2
2025-05-26 11:32:58,051 - data_analyzer.anomaly_detector - INFO -    - 30d_Volume_USDT: 1
2025-05-26 11:32:58,052 - data_analyzer.anomaly_detector - INFO -    - 30d_Volume: 1
2025-05-26 11:32:58,054 - data_analyzer.anomaly_detector - INFO - 🔍 Phát hiện tất cả anomalies cho ETHUSDT
2025-05-26 11:32:58,055 - data_analyzer.anomaly_detector - INFO - 🔍 Phát hiện anomalies 24h cho ETHUSDT
2025-05-26 11:32:58,064 - data_analyzer.anomaly_detector - INFO - ✅ Phát hiện 2 anomalies 24h cho ETHUSDT
2025-05-26 11:32:58,064 - data_analyzer.anomaly_detector - INFO - 🔍 Phát hiện volume spikes cho ETHUSDT
2025-05-26 11:32:58,080 - data_analyzer.anomaly_detector - INFO - ✅ Phát hiện 0 volume spikes cho ETHUSDT
2025-05-26 11:32:58,081 - data_analyzer.anomaly_detector - INFO - 🔍 Phát hiện OI-Price divergence cho ETHUSDT
2025-05-26 11:32:58,085 - data_analyzer.anomaly_detector - INFO - ✅ Kiểm tra OI divergence cho ETHUSDT: 0 anomalies
2025-05-26 11:32:58,086 - data_analyzer.anomaly_detector - INFO - 🔍 Phát hiện anomalies correlation 24h cho ETHUSDT
2025-05-26 11:32:58,091 - data_analyzer.anomaly_detector - INFO - ✅ Correlation 24h ETHUSDT: 0.970
2025-05-26 11:32:58,092 - data_analyzer.anomaly_detector - INFO - 🔍 Phát hiện anomalies 30d cho ETHUSDT
2025-05-26 11:32:58,107 - data_analyzer.anomaly_detector - ERROR - ❌ Lỗi khi kiểm tra recent anomaly: '>=' not supported between instances of 'int' and 'datetime.datetime'
2025-05-26 11:32:58,108 - data_analyzer.anomaly_detector - INFO - ✅ Phát hiện 2 anomalies 30d cho ETHUSDT
2025-05-26 11:32:58,108 - data_analyzer.anomaly_detector - INFO - 🔍 Phát hiện anomalies correlation 30d cho ETHUSDT
2025-05-26 11:32:58,139 - data_analyzer.anomaly_detector - INFO - ✅ Phát hiện 4 anomalies cho ETHUSDT
2025-05-26 11:32:58,140 - data_analyzer.anomaly_detector - INFO -    - 24h_OI: 2
2025-05-26 11:32:58,140 - data_analyzer.anomaly_detector - INFO -    - 30d_OI: 1
2025-05-26 11:32:58,141 - data_analyzer.anomaly_detector - INFO -    - 30d_Volume: 1
2025-05-26 11:32:58,143 - data_analyzer.anomaly_detector - INFO - 🔍 Phát hiện tất cả anomalies cho BNBUSDT
2025-05-26 11:32:58,143 - data_analyzer.anomaly_detector - INFO - 🔍 Phát hiện anomalies 24h cho BNBUSDT
2025-05-26 11:32:58,153 - data_analyzer.anomaly_detector - INFO - ✅ Phát hiện 4 anomalies 24h cho BNBUSDT
2025-05-26 11:32:58,153 - data_analyzer.anomaly_detector - INFO - 🔍 Phát hiện volume spikes cho BNBUSDT
2025-05-26 11:32:58,168 - data_analyzer.anomaly_detector - INFO - ✅ Phát hiện 0 volume spikes cho BNBUSDT
2025-05-26 11:32:58,169 - data_analyzer.anomaly_detector - INFO - 🔍 Phát hiện OI-Price divergence cho BNBUSDT
2025-05-26 11:32:58,175 - data_analyzer.anomaly_detector - INFO - ✅ Kiểm tra OI divergence cho BNBUSDT: 0 anomalies
2025-05-26 11:32:58,176 - data_analyzer.anomaly_detector - INFO - 🔍 Phát hiện anomalies correlation 24h cho BNBUSDT
2025-05-26 11:32:58,180 - data_analyzer.anomaly_detector - INFO - ✅ Correlation 24h BNBUSDT: 0.994
2025-05-26 11:32:58,181 - data_analyzer.anomaly_detector - INFO - 🔍 Phát hiện anomalies 30d cho BNBUSDT
2025-05-26 11:32:58,196 - data_analyzer.anomaly_detector - ERROR - ❌ Lỗi khi kiểm tra recent anomaly: '>=' not supported between instances of 'int' and 'datetime.datetime'
2025-05-26 11:32:58,197 - data_analyzer.anomaly_detector - ERROR - ❌ Lỗi khi kiểm tra recent anomaly: '>=' not supported between instances of 'int' and 'datetime.datetime'
2025-05-26 11:32:58,197 - data_analyzer.anomaly_detector - INFO - ✅ Phát hiện 2 anomalies 30d cho BNBUSDT
2025-05-26 11:32:58,198 - data_analyzer.anomaly_detector - INFO - 🔍 Phát hiện anomalies correlation 30d cho BNBUSDT
2025-05-26 11:32:58,237 - data_analyzer.anomaly_detector - INFO - ✅ Phát hiện 6 anomalies cho BNBUSDT
2025-05-26 11:32:58,238 - data_analyzer.anomaly_detector - INFO -    - 24h_OI: 2
2025-05-26 11:32:58,238 - data_analyzer.anomaly_detector - INFO -    - 24h_Volume: 2
2025-05-26 11:32:58,239 - data_analyzer.anomaly_detector - INFO -    - 30d_Volume_USDT: 1
2025-05-26 11:32:58,239 - data_analyzer.anomaly_detector - INFO -    - 30d_Volume: 1
2025-05-26 11:32:58,241 - data_analyzer.anomaly_detector - INFO - 🔍 Phát hiện tất cả anomalies cho SOLUSDT
2025-05-26 11:32:58,242 - data_analyzer.anomaly_detector - INFO - 🔍 Phát hiện anomalies 24h cho SOLUSDT
2025-05-26 11:32:58,248 - data_analyzer.anomaly_detector - INFO - ✅ Phát hiện 4 anomalies 24h cho SOLUSDT
2025-05-26 11:32:58,249 - data_analyzer.anomaly_detector - INFO - 🔍 Phát hiện volume spikes cho SOLUSDT
2025-05-26 11:32:58,268 - data_analyzer.anomaly_detector - INFO - ✅ Phát hiện 0 volume spikes cho SOLUSDT
2025-05-26 11:32:58,268 - data_analyzer.anomaly_detector - INFO - 🔍 Phát hiện OI-Price divergence cho SOLUSDT
2025-05-26 11:32:58,272 - data_analyzer.anomaly_detector - INFO - ✅ Kiểm tra OI divergence cho SOLUSDT: 0 anomalies
2025-05-26 11:32:58,273 - data_analyzer.anomaly_detector - INFO - 🔍 Phát hiện anomalies correlation 24h cho SOLUSDT
2025-05-26 11:32:58,278 - data_analyzer.anomaly_detector - INFO - ✅ Correlation 24h SOLUSDT: 0.990
2025-05-26 11:32:58,279 - data_analyzer.anomaly_detector - INFO - 🔍 Phát hiện anomalies 30d cho SOLUSDT
2025-05-26 11:32:58,299 - data_analyzer.anomaly_detector - INFO - ✅ Phát hiện 0 anomalies 30d cho SOLUSDT
2025-05-26 11:32:58,299 - data_analyzer.anomaly_detector - INFO - 🔍 Phát hiện anomalies correlation 30d cho SOLUSDT
2025-05-26 11:32:58,330 - data_analyzer.anomaly_detector - INFO - ✅ Phát hiện 4 anomalies cho SOLUSDT
2025-05-26 11:32:58,331 - data_analyzer.anomaly_detector - INFO -    - 24h_OI: 2
2025-05-26 11:32:58,331 - data_analyzer.anomaly_detector - INFO -    - 24h_Volume: 2
2025-05-26 11:32:58,334 - data_analyzer.anomaly_detector - INFO - 🔍 Phát hiện tất cả anomalies cho DOGEUSDT
2025-05-26 11:32:58,334 - data_analyzer.anomaly_detector - INFO - 🔍 Phát hiện anomalies 24h cho DOGEUSDT
2025-05-26 11:32:58,340 - data_analyzer.anomaly_detector - INFO - ✅ Phát hiện 4 anomalies 24h cho DOGEUSDT
2025-05-26 11:32:58,341 - data_analyzer.anomaly_detector - INFO - 🔍 Phát hiện volume spikes cho DOGEUSDT
2025-05-26 11:32:58,354 - data_analyzer.anomaly_detector - INFO - ✅ Phát hiện 0 volume spikes cho DOGEUSDT
2025-05-26 11:32:58,355 - data_analyzer.anomaly_detector - INFO - 🔍 Phát hiện OI-Price divergence cho DOGEUSDT
2025-05-26 11:32:58,359 - data_analyzer.anomaly_detector - INFO - ✅ Kiểm tra OI divergence cho DOGEUSDT: 0 anomalies
2025-05-26 11:32:58,360 - data_analyzer.anomaly_detector - INFO - 🔍 Phát hiện anomalies correlation 24h cho DOGEUSDT
2025-05-26 11:32:58,365 - data_analyzer.anomaly_detector - INFO - ✅ Correlation 24h DOGEUSDT: 0.982
2025-05-26 11:32:58,365 - data_analyzer.anomaly_detector - INFO - 🔍 Phát hiện anomalies 30d cho DOGEUSDT
2025-05-26 11:32:58,380 - data_analyzer.anomaly_detector - ERROR - ❌ Lỗi khi kiểm tra recent anomaly: '>=' not supported between instances of 'int' and 'datetime.datetime'
2025-05-26 11:32:58,381 - data_analyzer.anomaly_detector - ERROR - ❌ Lỗi khi kiểm tra recent anomaly: '>=' not supported between instances of 'int' and 'datetime.datetime'
2025-05-26 11:32:58,381 - data_analyzer.anomaly_detector - INFO - ✅ Phát hiện 3 anomalies 30d cho DOGEUSDT
2025-05-26 11:32:58,382 - data_analyzer.anomaly_detector - INFO - 🔍 Phát hiện anomalies correlation 30d cho DOGEUSDT
2025-05-26 11:32:58,428 - data_analyzer.anomaly_detector - INFO - ✅ Phát hiện 7 anomalies cho DOGEUSDT
2025-05-26 11:32:58,429 - data_analyzer.anomaly_detector - INFO -    - 24h_OI: 2
2025-05-26 11:32:58,430 - data_analyzer.anomaly_detector - INFO -    - 24h_Volume: 2
2025-05-26 11:32:58,431 - data_analyzer.anomaly_detector - INFO -    - 30d_OI: 1
2025-05-26 11:32:58,431 - data_analyzer.anomaly_detector - INFO -    - 30d_Volume_USDT: 1
2025-05-26 11:32:58,432 - data_analyzer.anomaly_detector - INFO -    - 30d_Volume: 1
2025-05-26 11:48:18,298 - data_analyzer.anomaly_detector - INFO - 🔧 Khởi tạo OptimizedAnomalyDetector với ngưỡng 2.5
2025-05-26 11:48:18,299 - data_analyzer.anomaly_detector - INFO - 🔍 Phát hiện tất cả anomalies cho BTCUSDT
2025-05-26 11:48:18,299 - data_analyzer.anomaly_detector - INFO - 🔍 Phát hiện anomalies 24h cho BTCUSDT
2025-05-26 11:48:18,307 - data_analyzer.anomaly_detector - INFO - ✅ Phát hiện 4 anomalies 24h cho BTCUSDT
2025-05-26 11:48:18,308 - data_analyzer.anomaly_detector - INFO - 🔍 Phát hiện volume spikes cho BTCUSDT
2025-05-26 11:48:18,320 - data_analyzer.anomaly_detector - INFO - ✅ Phát hiện 0 volume spikes cho BTCUSDT
2025-05-26 11:48:18,321 - data_analyzer.anomaly_detector - INFO - 🔍 Phát hiện OI-Price divergence cho BTCUSDT
2025-05-26 11:48:18,325 - data_analyzer.anomaly_detector - INFO - ✅ Kiểm tra OI divergence cho BTCUSDT: 0 anomalies
2025-05-26 11:48:18,326 - data_analyzer.anomaly_detector - INFO - 🔍 Phát hiện anomalies correlation 24h cho BTCUSDT
2025-05-26 11:48:18,330 - data_analyzer.anomaly_detector - INFO - ✅ Correlation 24h BTCUSDT: 0.997
2025-05-26 11:48:18,331 - data_analyzer.anomaly_detector - INFO - 🔍 Phát hiện anomalies 30d cho BTCUSDT
2025-05-26 11:48:18,345 - data_analyzer.anomaly_detector - ERROR - ❌ Lỗi khi kiểm tra recent anomaly: '>=' not supported between instances of 'int' and 'datetime.datetime'
2025-05-26 11:48:18,346 - data_analyzer.anomaly_detector - ERROR - ❌ Lỗi khi kiểm tra recent anomaly: '>=' not supported between instances of 'int' and 'datetime.datetime'
2025-05-26 11:48:18,346 - data_analyzer.anomaly_detector - INFO - ✅ Phát hiện 2 anomalies 30d cho BTCUSDT
2025-05-26 11:48:18,347 - data_analyzer.anomaly_detector - INFO - 🔍 Phát hiện anomalies correlation 30d cho BTCUSDT
2025-05-26 11:48:18,390 - data_analyzer.anomaly_detector - INFO - ✅ Phát hiện 6 anomalies cho BTCUSDT
2025-05-26 11:48:18,391 - data_analyzer.anomaly_detector - INFO -    - 24h_OI: 2
2025-05-26 11:48:18,392 - data_analyzer.anomaly_detector - INFO -    - 24h_Volume: 2
2025-05-26 11:48:18,392 - data_analyzer.anomaly_detector - INFO -    - 30d_Volume_USDT: 1
2025-05-26 11:48:18,393 - data_analyzer.anomaly_detector - INFO -    - 30d_Volume: 1
2025-05-26 11:48:18,395 - data_analyzer.anomaly_detector - INFO - 🔍 Phát hiện tất cả anomalies cho ETHUSDT
2025-05-26 11:48:18,396 - data_analyzer.anomaly_detector - INFO - 🔍 Phát hiện anomalies 24h cho ETHUSDT
2025-05-26 11:48:18,402 - data_analyzer.anomaly_detector - INFO - ✅ Phát hiện 2 anomalies 24h cho ETHUSDT
2025-05-26 11:48:18,402 - data_analyzer.anomaly_detector - INFO - 🔍 Phát hiện volume spikes cho ETHUSDT
2025-05-26 11:48:18,424 - data_analyzer.anomaly_detector - INFO - ✅ Phát hiện 0 volume spikes cho ETHUSDT
2025-05-26 11:48:18,424 - data_analyzer.anomaly_detector - INFO - 🔍 Phát hiện OI-Price divergence cho ETHUSDT
2025-05-26 11:48:18,428 - data_analyzer.anomaly_detector - INFO - ✅ Kiểm tra OI divergence cho ETHUSDT: 0 anomalies
2025-05-26 11:48:18,428 - data_analyzer.anomaly_detector - INFO - 🔍 Phát hiện anomalies correlation 24h cho ETHUSDT
2025-05-26 11:48:18,433 - data_analyzer.anomaly_detector - INFO - ✅ Correlation 24h ETHUSDT: 0.970
2025-05-26 11:48:18,433 - data_analyzer.anomaly_detector - INFO - 🔍 Phát hiện anomalies 30d cho ETHUSDT
2025-05-26 11:48:18,446 - data_analyzer.anomaly_detector - ERROR - ❌ Lỗi khi kiểm tra recent anomaly: '>=' not supported between instances of 'int' and 'datetime.datetime'
2025-05-26 11:48:18,447 - data_analyzer.anomaly_detector - INFO - ✅ Phát hiện 2 anomalies 30d cho ETHUSDT
2025-05-26 11:48:18,447 - data_analyzer.anomaly_detector - INFO - 🔍 Phát hiện anomalies correlation 30d cho ETHUSDT
2025-05-26 11:48:18,477 - data_analyzer.anomaly_detector - INFO - ✅ Phát hiện 4 anomalies cho ETHUSDT
2025-05-26 11:48:18,478 - data_analyzer.anomaly_detector - INFO -    - 24h_OI: 2
2025-05-26 11:48:18,479 - data_analyzer.anomaly_detector - INFO -    - 30d_OI: 1
2025-05-26 11:48:18,480 - data_analyzer.anomaly_detector - INFO -    - 30d_Volume: 1
2025-05-26 11:48:18,483 - data_analyzer.anomaly_detector - INFO - 🔍 Phát hiện tất cả anomalies cho BNBUSDT
2025-05-26 11:48:18,484 - data_analyzer.anomaly_detector - INFO - 🔍 Phát hiện anomalies 24h cho BNBUSDT
2025-05-26 11:48:18,491 - data_analyzer.anomaly_detector - INFO - ✅ Phát hiện 4 anomalies 24h cho BNBUSDT
2025-05-26 11:48:18,491 - data_analyzer.anomaly_detector - INFO - 🔍 Phát hiện volume spikes cho BNBUSDT
2025-05-26 11:48:18,503 - data_analyzer.anomaly_detector - INFO - ✅ Phát hiện 0 volume spikes cho BNBUSDT
2025-05-26 11:48:18,503 - data_analyzer.anomaly_detector - INFO - 🔍 Phát hiện OI-Price divergence cho BNBUSDT
2025-05-26 11:48:18,507 - data_analyzer.anomaly_detector - INFO - ✅ Kiểm tra OI divergence cho BNBUSDT: 0 anomalies
2025-05-26 11:48:18,507 - data_analyzer.anomaly_detector - INFO - 🔍 Phát hiện anomalies correlation 24h cho BNBUSDT
2025-05-26 11:48:18,512 - data_analyzer.anomaly_detector - INFO - ✅ Correlation 24h BNBUSDT: 0.994
2025-05-26 11:48:18,512 - data_analyzer.anomaly_detector - INFO - 🔍 Phát hiện anomalies 30d cho BNBUSDT
2025-05-26 11:48:18,525 - data_analyzer.anomaly_detector - ERROR - ❌ Lỗi khi kiểm tra recent anomaly: '>=' not supported between instances of 'int' and 'datetime.datetime'
2025-05-26 11:48:18,525 - data_analyzer.anomaly_detector - ERROR - ❌ Lỗi khi kiểm tra recent anomaly: '>=' not supported between instances of 'int' and 'datetime.datetime'
2025-05-26 11:48:18,526 - data_analyzer.anomaly_detector - INFO - ✅ Phát hiện 2 anomalies 30d cho BNBUSDT
2025-05-26 11:48:18,526 - data_analyzer.anomaly_detector - INFO - 🔍 Phát hiện anomalies correlation 30d cho BNBUSDT
2025-05-26 11:48:18,567 - data_analyzer.anomaly_detector - INFO - ✅ Phát hiện 6 anomalies cho BNBUSDT
2025-05-26 11:48:18,567 - data_analyzer.anomaly_detector - INFO -    - 24h_OI: 2
2025-05-26 11:48:18,568 - data_analyzer.anomaly_detector - INFO -    - 24h_Volume: 2
2025-05-26 11:48:18,568 - data_analyzer.anomaly_detector - INFO -    - 30d_Volume_USDT: 1
2025-05-26 11:48:18,568 - data_analyzer.anomaly_detector - INFO -    - 30d_Volume: 1
2025-05-26 11:48:18,570 - data_analyzer.anomaly_detector - INFO - 🔍 Phát hiện tất cả anomalies cho SOLUSDT
2025-05-26 11:48:18,571 - data_analyzer.anomaly_detector - INFO - 🔍 Phát hiện anomalies 24h cho SOLUSDT
2025-05-26 11:48:18,578 - data_analyzer.anomaly_detector - INFO - ✅ Phát hiện 4 anomalies 24h cho SOLUSDT
2025-05-26 11:48:18,579 - data_analyzer.anomaly_detector - INFO - 🔍 Phát hiện volume spikes cho SOLUSDT
2025-05-26 11:48:18,589 - data_analyzer.anomaly_detector - INFO - ✅ Phát hiện 0 volume spikes cho SOLUSDT
2025-05-26 11:48:18,590 - data_analyzer.anomaly_detector - INFO - 🔍 Phát hiện OI-Price divergence cho SOLUSDT
2025-05-26 11:48:18,594 - data_analyzer.anomaly_detector - INFO - ✅ Kiểm tra OI divergence cho SOLUSDT: 0 anomalies
2025-05-26 11:48:18,594 - data_analyzer.anomaly_detector - INFO - 🔍 Phát hiện anomalies correlation 24h cho SOLUSDT
2025-05-26 11:48:18,598 - data_analyzer.anomaly_detector - INFO - ✅ Correlation 24h SOLUSDT: 0.990
2025-05-26 11:48:18,598 - data_analyzer.anomaly_detector - INFO - 🔍 Phát hiện anomalies 30d cho SOLUSDT
2025-05-26 11:48:18,610 - data_analyzer.anomaly_detector - INFO - ✅ Phát hiện 0 anomalies 30d cho SOLUSDT
2025-05-26 11:48:18,611 - data_analyzer.anomaly_detector - INFO - 🔍 Phát hiện anomalies correlation 30d cho SOLUSDT
2025-05-26 11:48:18,641 - data_analyzer.anomaly_detector - INFO - ✅ Phát hiện 4 anomalies cho SOLUSDT
2025-05-26 11:48:18,641 - data_analyzer.anomaly_detector - INFO -    - 24h_OI: 2
2025-05-26 11:48:18,642 - data_analyzer.anomaly_detector - INFO -    - 24h_Volume: 2
2025-05-26 11:48:18,644 - data_analyzer.anomaly_detector - INFO - 🔍 Phát hiện tất cả anomalies cho DOGEUSDT
2025-05-26 11:48:18,644 - data_analyzer.anomaly_detector - INFO - 🔍 Phát hiện anomalies 24h cho DOGEUSDT
2025-05-26 11:48:18,650 - data_analyzer.anomaly_detector - INFO - ✅ Phát hiện 4 anomalies 24h cho DOGEUSDT
2025-05-26 11:48:18,651 - data_analyzer.anomaly_detector - INFO - 🔍 Phát hiện volume spikes cho DOGEUSDT
2025-05-26 11:48:18,661 - data_analyzer.anomaly_detector - INFO - ✅ Phát hiện 0 volume spikes cho DOGEUSDT
2025-05-26 11:48:18,662 - data_analyzer.anomaly_detector - INFO - 🔍 Phát hiện OI-Price divergence cho DOGEUSDT
2025-05-26 11:48:18,666 - data_analyzer.anomaly_detector - INFO - ✅ Kiểm tra OI divergence cho DOGEUSDT: 0 anomalies
2025-05-26 11:48:18,666 - data_analyzer.anomaly_detector - INFO - 🔍 Phát hiện anomalies correlation 24h cho DOGEUSDT
2025-05-26 11:48:18,670 - data_analyzer.anomaly_detector - INFO - ✅ Correlation 24h DOGEUSDT: 0.982
2025-05-26 11:48:18,671 - data_analyzer.anomaly_detector - INFO - 🔍 Phát hiện anomalies 30d cho DOGEUSDT
2025-05-26 11:48:18,684 - data_analyzer.anomaly_detector - ERROR - ❌ Lỗi khi kiểm tra recent anomaly: '>=' not supported between instances of 'int' and 'datetime.datetime'
2025-05-26 11:48:18,684 - data_analyzer.anomaly_detector - ERROR - ❌ Lỗi khi kiểm tra recent anomaly: '>=' not supported between instances of 'int' and 'datetime.datetime'
2025-05-26 11:48:18,685 - data_analyzer.anomaly_detector - INFO - ✅ Phát hiện 2 anomalies 30d cho DOGEUSDT
2025-05-26 11:48:18,685 - data_analyzer.anomaly_detector - INFO - 🔍 Phát hiện anomalies correlation 30d cho DOGEUSDT
2025-05-26 11:48:18,725 - data_analyzer.anomaly_detector - INFO - ✅ Phát hiện 6 anomalies cho DOGEUSDT
2025-05-26 11:48:18,726 - data_analyzer.anomaly_detector - INFO -    - 24h_OI: 2
2025-05-26 11:48:18,727 - data_analyzer.anomaly_detector - INFO -    - 24h_Volume: 2
2025-05-26 11:48:18,727 - data_analyzer.anomaly_detector - INFO -    - 30d_Volume_USDT: 1
2025-05-26 11:48:18,728 - data_analyzer.anomaly_detector - INFO -    - 30d_Volume: 1
