2025-05-25 11:45:05,118 - data_collector.binance_api - INFO - 🔧 Khởi tạo OptimizedBinanceAPI - Focus OI & Volume [FIXED]
2025-05-25 11:45:05,995 - data_collector.binance_api - INFO - 🕒 Server time updated: 2025-05-25 11:45:05.945000
2025-05-25 11:45:06,762 - data_collector.binance_api - INFO - ✅ API connection test successful
2025-05-25 11:45:07,587 - data_collector.binance_api - INFO - 📋 Symbol BTCUSDT info cached: onboard=2019-09-25 15:00:00
2025-05-25 11:45:07,590 - data_collector.binance_api - INFO - 📊 Requesting klines for BTCUSDT 1h: 2025-05-24 12:00:00 - 2025-05-25 11:05:00
2025-05-25 11:45:08,362 - data_collector.binance_api - INFO - 📊 Sample volume: 4715.178, Quote volume: 510444206.3933
2025-05-25 11:45:08,364 - data_collector.binance_api - INFO - ✅ Retrieved 24 klines for BTCUSDT 1h
2025-05-25 11:45:08,675 - data_collector.binance_api - INFO - 🔢 Requesting OI for BTCUSDT 1h: 2025-05-24 12:00:00 - 2025-05-25 11:05:00
2025-05-25 11:45:09,470 - data_collector.binance_api - INFO - 📊 Sample OI value: 84018.0
2025-05-25 11:45:09,472 - data_collector.binance_api - INFO - 💰 Sample OI value (USDT): 9110769089.4
2025-05-25 11:45:09,474 - data_collector.binance_api - INFO - 🔍 Sample OI data for BTCUSDT: OI=84018.0, Value=9110769089.4
2025-05-25 11:45:09,475 - data_collector.binance_api - INFO - ✅ Retrieved 24 OI points for BTCUSDT 1h
2025-05-25 11:45:10,840 - data_collector.binance_api - INFO - 📋 Symbol ETHUSDT info cached: onboard=2019-09-25 15:00:00
2025-05-25 11:45:10,843 - data_collector.binance_api - INFO - 📊 Requesting klines for ETHUSDT 1h: 2025-05-24 12:00:00 - 2025-05-25 11:05:00
2025-05-25 11:45:11,624 - data_collector.binance_api - INFO - 📊 Sample volume: 116837.587, Quote volume: 297858881.79638
2025-05-25 11:45:11,624 - data_collector.binance_api - INFO - ✅ Retrieved 24 klines for ETHUSDT 1h
2025-05-25 11:45:11,940 - data_collector.binance_api - INFO - 🔢 Requesting OI for ETHUSDT 1h: 2025-05-24 12:00:00 - 2025-05-25 11:05:00
2025-05-25 11:45:12,793 - data_collector.binance_api - INFO - 📊 Sample OI value: 1641735.464
2025-05-25 11:45:12,795 - data_collector.binance_api - INFO - 💰 Sample OI value (USDT): 4200185346.2865
2025-05-25 11:45:12,798 - data_collector.binance_api - INFO - 🔍 Sample OI data for ETHUSDT: OI=1641735.464, Value=4200185346.2865
2025-05-25 11:45:12,799 - data_collector.binance_api - INFO - ✅ Retrieved 24 OI points for ETHUSDT 1h
2025-05-25 11:45:14,348 - data_collector.binance_api - INFO - 📋 Symbol BNBUSDT info cached: onboard=2019-09-25 15:00:00
2025-05-25 11:45:14,351 - data_collector.binance_api - INFO - 📊 Requesting klines for BNBUSDT 1h: 2025-05-24 12:00:00 - 2025-05-25 11:05:00
2025-05-25 11:45:15,138 - data_collector.binance_api - INFO - 📊 Sample volume: 20335.99, Quote volume: 13584768.0539
2025-05-25 11:45:15,139 - data_collector.binance_api - INFO - ✅ Retrieved 24 klines for BNBUSDT 1h
2025-05-25 11:45:15,457 - data_collector.binance_api - INFO - 🔢 Requesting OI for BNBUSDT 1h: 2025-05-24 12:00:00 - 2025-05-25 11:05:00
2025-05-25 11:45:16,262 - data_collector.binance_api - INFO - 📊 Sample OI value: 529338.9
2025-05-25 11:45:16,264 - data_collector.binance_api - INFO - 💰 Sample OI value (USDT): 353513690.976
2025-05-25 11:45:16,266 - data_collector.binance_api - INFO - 🔍 Sample OI data for BNBUSDT: OI=529338.9, Value=353513690.976
2025-05-25 11:45:16,267 - data_collector.binance_api - INFO - ✅ Retrieved 24 OI points for BNBUSDT 1h
2025-05-25 11:45:17,551 - data_collector.binance_api - INFO - 📋 Symbol SOLUSDT info cached: onboard=2019-09-25 15:00:00
2025-05-25 11:45:17,554 - data_collector.binance_api - INFO - 📊 Requesting klines for SOLUSDT 1h: 2025-05-24 12:00:00 - 2025-05-25 11:05:00
2025-05-25 11:45:18,360 - data_collector.binance_api - INFO - 📊 Sample volume: 596035.64, Quote volume: 104478993.47439
2025-05-25 11:45:18,361 - data_collector.binance_api - INFO - ✅ Retrieved 24 klines for SOLUSDT 1h
2025-05-25 11:45:18,677 - data_collector.binance_api - INFO - 🔢 Requesting OI for SOLUSDT 1h: 2025-05-24 12:00:00 - 2025-05-25 11:05:00
2025-05-25 11:45:19,476 - data_collector.binance_api - INFO - 📊 Sample OI value: 7580124.99
2025-05-25 11:45:19,478 - data_collector.binance_api - INFO - 💰 Sample OI value (USDT): 1334101998.24
2025-05-25 11:45:19,480 - data_collector.binance_api - INFO - 🔍 Sample OI data for SOLUSDT: OI=7580124.99, Value=1334101998.24
2025-05-25 11:45:19,481 - data_collector.binance_api - INFO - ✅ Retrieved 24 OI points for SOLUSDT 1h
2025-05-25 11:45:20,779 - data_collector.binance_api - INFO - 📋 Symbol DOGEUSDT info cached: onboard=2019-09-25 15:00:00
2025-05-25 11:45:20,781 - data_collector.binance_api - INFO - 📊 Requesting klines for DOGEUSDT 1h: 2025-05-24 12:00:00 - 2025-05-25 11:05:00
2025-05-25 11:45:21,551 - data_collector.binance_api - INFO - 📊 Sample volume: 148774454, Quote volume: 33987438.19404
2025-05-25 11:45:21,552 - data_collector.binance_api - INFO - ✅ Retrieved 24 klines for DOGEUSDT 1h
2025-05-25 11:45:21,868 - data_collector.binance_api - INFO - 🔢 Requesting OI for DOGEUSDT 1h: 2025-05-24 12:00:00 - 2025-05-25 11:05:00
2025-05-25 11:45:22,686 - data_collector.binance_api - INFO - 📊 Sample OI value: 1890326167.0
2025-05-25 11:45:22,687 - data_collector.binance_api - INFO - 💰 Sample OI value (USDT): 434415856.43827
2025-05-25 11:45:22,689 - data_collector.binance_api - INFO - 🔍 Sample OI data for DOGEUSDT: OI=1890326167.0, Value=434415856.43827
2025-05-25 11:45:22,690 - data_collector.binance_api - INFO - ✅ Retrieved 24 OI points for DOGEUSDT 1h
2025-05-25 11:45:23,556 - data_collector.binance_api - INFO - 🔧 Khởi tạo OptimizedBinanceAPI - Focus OI & Volume [FIXED]
2025-05-25 11:45:24,366 - data_collector.binance_api - INFO - 🕒 Server time updated: 2025-05-25 11:45:24.319000
2025-05-25 11:45:25,184 - data_collector.binance_api - INFO - ✅ API connection test successful
2025-05-25 11:45:26,057 - data_collector.binance_api - INFO - 📋 Symbol BTCUSDT info cached: onboard=2019-09-25 15:00:00
2025-05-25 11:45:26,059 - data_collector.binance_api - INFO - 📊 Requesting klines for BTCUSDT 1d: 2025-04-26 00:00:00 - 2025-05-25 11:45:25.954000
2025-05-25 11:45:26,826 - data_collector.binance_api - INFO - 📊 Sample volume: 72538.209, Quote volume: 6848477987.1194
2025-05-25 11:45:26,826 - data_collector.binance_api - INFO - ✅ Retrieved 30 klines for BTCUSDT 1d
2025-05-25 11:45:27,334 - data_collector.binance_api - INFO - 🔢 Requesting OI for BTCUSDT 1d: 2025-04-26 00:00:00 - 2025-04-29 00:00:00
2025-05-25 11:45:28,157 - data_collector.binance_api - INFO - 📊 Sample OI value: 86023.562
2025-05-25 11:45:28,159 - data_collector.binance_api - INFO - 💰 Sample OI value (USDT): 8137123571.9916
2025-05-25 11:45:28,161 - data_collector.binance_api - INFO - 🔍 Sample OI data for BTCUSDT: OI=86023.562, Value=8137123571.9916
2025-05-25 11:45:28,162 - data_collector.binance_api - INFO - ✅ Retrieved 3 OI points for BTCUSDT 1d
2025-05-25 11:45:28,163 - data_collector.binance_api - INFO - 🔍 OI value range for chunk 1: 83908.875 - 86023.562
2025-05-25 11:45:28,164 - data_collector.binance_api - INFO - 🔍 OI value in USD range: 7886042860.284 - 8137123571.9916
2025-05-25 11:45:28,165 - data_collector.binance_api - INFO - 📊 OI Chunk 1: 3 points from 2025-04-26 00:00:00
2025-05-25 11:45:29,181 - data_collector.binance_api - INFO - 🔢 Requesting OI for BTCUSDT 1d: 2025-04-29 01:00:00 - 2025-05-02 01:00:00
2025-05-25 11:45:29,960 - data_collector.binance_api - INFO - 📊 Sample OI value: 81930.526
2025-05-25 11:45:29,962 - data_collector.binance_api - INFO - 💰 Sample OI value (USDT): 7780860123.694
2025-05-25 11:45:29,963 - data_collector.binance_api - INFO - 🔍 Sample OI data for BTCUSDT: OI=81930.526, Value=7780860123.694
2025-05-25 11:45:29,964 - data_collector.binance_api - INFO - ✅ Retrieved 3 OI points for BTCUSDT 1d
2025-05-25 11:45:29,965 - data_collector.binance_api - INFO - 🔍 OI value range for chunk 2: 80085.011 - 81975.447
2025-05-25 11:45:29,966 - data_collector.binance_api - INFO - 🔍 OI value in USD range: 7538483829.593407 - 7780860123.694
2025-05-25 11:45:29,967 - data_collector.binance_api - INFO - 📊 OI Chunk 2: 3 points from 2025-04-29 01:00:00
2025-05-25 11:45:30,977 - data_collector.binance_api - INFO - 🔢 Requesting OI for BTCUSDT 1d: 2025-05-02 02:00:00 - 2025-05-05 02:00:00
2025-05-25 11:45:31,834 - data_collector.binance_api - INFO - 📊 Sample OI value: 86024.787
2025-05-25 11:45:31,836 - data_collector.binance_api - INFO - 💰 Sample OI value (USDT): 8295776517.322894
2025-05-25 11:45:31,838 - data_collector.binance_api - INFO - 🔍 Sample OI data for BTCUSDT: OI=86024.787, Value=8295776517.322894
2025-05-25 11:45:31,839 - data_collector.binance_api - INFO - ✅ Retrieved 3 OI points for BTCUSDT 1d
2025-05-25 11:45:31,841 - data_collector.binance_api - INFO - 🔍 OI value range for chunk 3: 83719.958 - 86234.604
2025-05-25 11:45:31,842 - data_collector.binance_api - INFO - 🔍 OI value in USD range: 8022046642.826756 - 8350239727.64076
2025-05-25 11:45:31,843 - data_collector.binance_api - INFO - 📊 OI Chunk 3: 3 points from 2025-05-02 02:00:00
2025-05-25 11:45:32,850 - data_collector.binance_api - INFO - 🔢 Requesting OI for BTCUSDT 1d: 2025-05-05 03:00:00 - 2025-05-08 03:00:00
2025-05-25 11:45:33,645 - data_collector.binance_api - INFO - 📊 Sample OI value: 81781.683
2025-05-25 11:45:33,647 - data_collector.binance_api - INFO - 💰 Sample OI value (USDT): 7707149039.984184
2025-05-25 11:45:33,649 - data_collector.binance_api - INFO - 🔍 Sample OI data for BTCUSDT: OI=81781.683, Value=7707149039.984184
2025-05-25 11:45:33,650 - data_collector.binance_api - INFO - ✅ Retrieved 3 OI points for BTCUSDT 1d
2025-05-25 11:45:33,652 - data_collector.binance_api - INFO - 🔍 OI value range for chunk 4: 80389.447 - 82532.419
2025-05-25 11:45:33,653 - data_collector.binance_api - INFO - 🔍 OI value in USD range: 7612623384.6696 - 7988675977.6536
2025-05-25 11:45:33,653 - data_collector.binance_api - INFO - 📊 OI Chunk 4: 3 points from 2025-05-05 03:00:00
2025-05-25 11:45:34,669 - data_collector.binance_api - INFO - 🔢 Requesting OI for BTCUSDT 1d: 2025-05-08 04:00:00 - 2025-05-11 04:00:00
2025-05-25 11:45:35,404 - data_collector.binance_api - INFO - 📊 Sample OI value: 81443.133
2025-05-25 11:45:35,406 - data_collector.binance_api - INFO - 💰 Sample OI value (USDT): 7899223105.87445
2025-05-25 11:45:35,408 - data_collector.binance_api - INFO - 🔍 Sample OI data for BTCUSDT: OI=81443.133, Value=7899223105.87445
2025-05-25 11:45:35,409 - data_collector.binance_api - INFO - ✅ Retrieved 3 OI points for BTCUSDT 1d
2025-05-25 11:45:35,411 - data_collector.binance_api - INFO - 🔍 OI value range for chunk 5: 78466.358 - 81443.133
2025-05-25 11:45:35,412 - data_collector.binance_api - INFO - 🔍 OI value in USD range: 7899223105.87445 - 8209223649.263992
2025-05-25 11:45:35,413 - data_collector.binance_api - INFO - 📊 OI Chunk 5: 3 points from 2025-05-08 04:00:00
2025-05-25 11:45:36,416 - data_collector.binance_api - INFO - 🔢 Requesting OI for BTCUSDT 1d: 2025-05-11 05:00:00 - 2025-05-14 05:00:00
2025-05-25 11:45:37,220 - data_collector.binance_api - INFO - 📊 Sample OI value: 79950.718
2025-05-25 11:45:37,221 - data_collector.binance_api - INFO - 💰 Sample OI value (USDT): 8377955788.502
2025-05-25 11:45:37,222 - data_collector.binance_api - INFO - 🔍 Sample OI data for BTCUSDT: OI=79950.718, Value=8377955788.502
2025-05-25 11:45:37,223 - data_collector.binance_api - INFO - ✅ Retrieved 3 OI points for BTCUSDT 1d
2025-05-25 11:45:37,224 - data_collector.binance_api - INFO - 🔍 OI value range for chunk 6: 79950.718 - 81619.983
2025-05-25 11:45:37,225 - data_collector.binance_api - INFO - 🔍 OI value in USD range: 8377955788.502 - 8464401080.6286
2025-05-25 11:45:37,225 - data_collector.binance_api - INFO - 📊 OI Chunk 6: 3 points from 2025-05-11 05:00:00
2025-05-25 11:45:38,235 - data_collector.binance_api - INFO - 🔢 Requesting OI for BTCUSDT 1d: 2025-05-14 06:00:00 - 2025-05-17 06:00:00
2025-05-25 11:45:39,050 - data_collector.binance_api - INFO - 📊 Sample OI value: 82270.93
2025-05-25 11:45:39,052 - data_collector.binance_api - INFO - 💰 Sample OI value (USDT): 8562944751.768545
2025-05-25 11:45:39,055 - data_collector.binance_api - INFO - 🔍 Sample OI data for BTCUSDT: OI=82270.93, Value=8562944751.768545
2025-05-25 11:45:39,056 - data_collector.binance_api - INFO - ✅ Retrieved 3 OI points for BTCUSDT 1d
2025-05-25 11:45:39,057 - data_collector.binance_api - INFO - 🔍 OI value range for chunk 7: 79526.047 - 82270.93
2025-05-25 11:45:39,058 - data_collector.binance_api - INFO - 🔍 OI value in USD range: 8249316381.357 - 8562944751.768545
2025-05-25 11:45:39,059 - data_collector.binance_api - INFO - 📊 OI Chunk 7: 3 points from 2025-05-14 06:00:00
2025-05-25 11:45:40,075 - data_collector.binance_api - INFO - 🔢 Requesting OI for BTCUSDT 1d: 2025-05-17 07:00:00 - 2025-05-20 07:00:00
2025-05-25 11:45:40,883 - data_collector.binance_api - INFO - 📊 Sample OI value: 80264.766
2025-05-25 11:45:40,885 - data_collector.binance_api - INFO - 💰 Sample OI value (USDT): 8301053492.611923
2025-05-25 11:45:40,887 - data_collector.binance_api - INFO - 🔍 Sample OI data for BTCUSDT: OI=80264.766, Value=8301053492.611923
2025-05-25 11:45:40,888 - data_collector.binance_api - INFO - ✅ Retrieved 4 OI points for BTCUSDT 1d
2025-05-25 11:45:40,890 - data_collector.binance_api - INFO - 🔍 OI value range for chunk 8: 78568.756 - 82341.786
2025-05-25 11:45:40,891 - data_collector.binance_api - INFO - 🔍 OI value in USD range: 8099126645.3748 - 8690457550.997253
2025-05-25 11:45:40,892 - data_collector.binance_api - INFO - 📊 OI Chunk 8: 4 points from 2025-05-17 07:00:00
2025-05-25 11:45:41,899 - data_collector.binance_api - INFO - 🔢 Requesting OI for BTCUSDT 1d: 2025-05-20 08:00:00 - 2025-05-23 08:00:00
2025-05-25 11:45:42,738 - data_collector.binance_api - INFO - 📊 Sample OI value: 83827.018
2025-05-25 11:45:42,740 - data_collector.binance_api - INFO - 💰 Sample OI value (USDT): 8952423745.1352
2025-05-25 11:45:42,743 - data_collector.binance_api - INFO - 🔍 Sample OI data for BTCUSDT: OI=83827.018, Value=8952423745.1352
2025-05-25 11:45:42,744 - data_collector.binance_api - INFO - ✅ Retrieved 3 OI points for BTCUSDT 1d
2025-05-25 11:45:42,745 - data_collector.binance_api - INFO - 🔍 OI value range for chunk 9: 83827.018 - 88030.201
2025-05-25 11:45:42,746 - data_collector.binance_api - INFO - 🔍 OI value in USD range: 8952423745.1352 - 9829760874.49534
2025-05-25 11:45:42,747 - data_collector.binance_api - INFO - 📊 OI Chunk 9: 3 points from 2025-05-20 08:00:00
2025-05-25 11:45:43,748 - data_collector.binance_api - INFO - 🔢 Requesting OI for BTCUSDT 1d: 2025-05-23 09:00:00 - 2025-05-25 11:45:44.510000
2025-05-25 11:45:44,521 - data_collector.binance_api - INFO - 📊 Sample OI value: 84035.595
2025-05-25 11:45:44,523 - data_collector.binance_api - INFO - 💰 Sample OI value (USDT): 9014803055.702242
2025-05-25 11:45:44,525 - data_collector.binance_api - INFO - 🔍 Sample OI data for BTCUSDT: OI=84035.595, Value=9014803055.702242
2025-05-25 11:45:44,526 - data_collector.binance_api - INFO - ✅ Retrieved 2 OI points for BTCUSDT 1d
2025-05-25 11:45:44,528 - data_collector.binance_api - INFO - 🔍 OI value range for chunk 10: 84035.595 - 86276.107
2025-05-25 11:45:44,529 - data_collector.binance_api - INFO - 🔍 OI value in USD range: 9014803055.702242 - 9291841820.1823
2025-05-25 11:45:44,530 - data_collector.binance_api - INFO - 📊 OI Chunk 10: 2 points from 2025-05-23 09:00:00
2025-05-25 11:45:45,536 - data_collector.binance_api - INFO - ✅ Total 30 OI points collected for BTCUSDT (10 chunks)
2025-05-25 11:45:45,538 - data_collector.binance_api - INFO - 📈 Final OI data summary for BTCUSDT:
2025-05-25 11:45:45,539 - data_collector.binance_api - INFO -    - OI range: 78466.358 - 88030.201
2025-05-25 11:45:45,540 - data_collector.binance_api - INFO -    - OI value range: 7538483829.593407 - 9829760874.49534
2025-05-25 11:45:45,542 - data_collector.binance_api - INFO -    - Date range: 2025-04-26 00:00:00 - 2025-05-25 00:00:00
2025-05-25 11:45:47,396 - data_collector.binance_api - INFO - 📋 Symbol ETHUSDT info cached: onboard=2019-09-25 15:00:00
2025-05-25 11:45:47,398 - data_collector.binance_api - INFO - 📊 Requesting klines for ETHUSDT 1d: 2025-04-26 00:00:00 - 2025-05-25 11:45:47.320000
2025-05-25 11:45:48,233 - data_collector.binance_api - INFO - 📊 Sample volume: 3965587.849, Quote volume: 7150557099.82798
2025-05-25 11:45:48,235 - data_collector.binance_api - INFO - ✅ Retrieved 30 klines for ETHUSDT 1d
2025-05-25 11:45:48,743 - data_collector.binance_api - INFO - 🔢 Requesting OI for ETHUSDT 1d: 2025-04-26 00:00:00 - 2025-04-29 00:00:00
2025-05-25 11:45:49,563 - data_collector.binance_api - INFO - 📊 Sample OI value: 1708230.27
2025-05-25 11:45:49,564 - data_collector.binance_api - INFO - 💰 Sample OI value (USDT): 3047031952.0008755
2025-05-25 11:45:49,566 - data_collector.binance_api - INFO - 🔍 Sample OI data for ETHUSDT: OI=1708230.27, Value=3047031952.0008755
2025-05-25 11:45:49,566 - data_collector.binance_api - INFO - ✅ Retrieved 3 OI points for ETHUSDT 1d
2025-05-25 11:45:49,567 - data_collector.binance_api - INFO - 🔍 OI value range for chunk 1: 1671351.593 - 1708230.27
2025-05-25 11:45:49,568 - data_collector.binance_api - INFO - 🔍 OI value in USD range: 2992188677.2761273 - 3105307348.78
2025-05-25 11:45:49,569 - data_collector.binance_api - INFO - 📊 OI Chunk 1: 3 points from 2025-04-26 00:00:00
2025-05-25 11:45:50,581 - data_collector.binance_api - INFO - 🔢 Requesting OI for ETHUSDT 1d: 2025-04-29 01:00:00 - 2025-05-02 01:00:00
2025-05-25 11:45:51,402 - data_collector.binance_api - INFO - 📊 Sample OI value: 1654730.891
2025-05-25 11:45:51,403 - data_collector.binance_api - INFO - 💰 Sample OI value (USDT): 2977125629.85156
2025-05-25 11:45:51,405 - data_collector.binance_api - INFO - 🔍 Sample OI data for ETHUSDT: OI=1654730.891, Value=2977125629.85156
2025-05-25 11:45:51,405 - data_collector.binance_api - INFO - ✅ Retrieved 3 OI points for ETHUSDT 1d
2025-05-25 11:45:51,406 - data_collector.binance_api - INFO - 🔍 OI value range for chunk 2: 1602346.991 - 1654730.891
2025-05-25 11:45:51,407 - data_collector.binance_api - INFO - 🔍 OI value in USD range: 2879874298.6627827 - 2977125629.85156
2025-05-25 11:45:51,407 - data_collector.binance_api - INFO - 📊 OI Chunk 2: 3 points from 2025-04-29 01:00:00
2025-05-25 11:45:52,416 - data_collector.binance_api - INFO - 🔢 Requesting OI for ETHUSDT 1d: 2025-05-02 02:00:00 - 2025-05-05 02:00:00
2025-05-25 11:45:53,203 - data_collector.binance_api - INFO - 📊 Sample OI value: 1721689.218
2025-05-25 11:45:53,205 - data_collector.binance_api - INFO - 💰 Sample OI value (USDT): 3163380307.483702
2025-05-25 11:45:53,207 - data_collector.binance_api - INFO - 🔍 Sample OI data for ETHUSDT: OI=1721689.218, Value=3163380307.483702
2025-05-25 11:45:53,208 - data_collector.binance_api - INFO - ✅ Retrieved 3 OI points for ETHUSDT 1d
2025-05-25 11:45:53,209 - data_collector.binance_api - INFO - 🔍 OI value range for chunk 3: 1604410.427 - 1721689.218
2025-05-25 11:45:53,211 - data_collector.binance_api - INFO - 🔍 OI value in USD range: 2940716023.722829 - 3163380307.483702
2025-05-25 11:45:53,212 - data_collector.binance_api - INFO - 📊 OI Chunk 3: 3 points from 2025-05-02 02:00:00
2025-05-25 11:45:54,214 - data_collector.binance_api - INFO - 🔢 Requesting OI for ETHUSDT 1d: 2025-05-05 03:00:00 - 2025-05-08 03:00:00
2025-05-25 11:45:55,019 - data_collector.binance_api - INFO - 📊 Sample OI value: 1581322.457
2025-05-25 11:45:55,020 - data_collector.binance_api - INFO - 💰 Sample OI value (USDT): 2858748975.2301283
2025-05-25 11:45:55,022 - data_collector.binance_api - INFO - 🔍 Sample OI data for ETHUSDT: OI=1581322.457, Value=2858748975.2301283
2025-05-25 11:45:55,022 - data_collector.binance_api - INFO - ✅ Retrieved 3 OI points for ETHUSDT 1d
2025-05-25 11:45:55,023 - data_collector.binance_api - INFO - 🔍 OI value range for chunk 4: 1527935.661 - 1582051.391
2025-05-25 11:45:55,024 - data_collector.binance_api - INFO - 🔍 OI value in USD range: 2775082585.57803 - 2878447582.84104
2025-05-25 11:45:55,025 - data_collector.binance_api - INFO - 📊 OI Chunk 4: 3 points from 2025-05-05 03:00:00
2025-05-25 11:45:56,034 - data_collector.binance_api - INFO - 🔢 Requesting OI for ETHUSDT 1d: 2025-05-08 04:00:00 - 2025-05-11 04:00:00
2025-05-25 11:45:56,830 - data_collector.binance_api - INFO - 📊 Sample OI value: 1609851.424
2025-05-25 11:45:56,832 - data_collector.binance_api - INFO - 💰 Sample OI value (USDT): 2914539412.06656
2025-05-25 11:45:56,834 - data_collector.binance_api - INFO - 🔍 Sample OI data for ETHUSDT: OI=1609851.424, Value=2914539412.06656
2025-05-25 11:45:56,835 - data_collector.binance_api - INFO - ✅ Retrieved 3 OI points for ETHUSDT 1d
2025-05-25 11:45:56,837 - data_collector.binance_api - INFO - 🔍 OI value range for chunk 5: 1609851.424 - 1771711.027
2025-05-25 11:45:56,838 - data_collector.binance_api - INFO - 🔍 OI value in USD range: 2914539412.06656 - 4063310508.348
2025-05-25 11:45:56,839 - data_collector.binance_api - INFO - 📊 OI Chunk 5: 3 points from 2025-05-08 04:00:00
2025-05-25 11:45:57,848 - data_collector.binance_api - INFO - 🔢 Requesting OI for ETHUSDT 1d: 2025-05-11 05:00:00 - 2025-05-14 05:00:00
2025-05-25 11:45:58,665 - data_collector.binance_api - INFO - 📊 Sample OI value: 1815091.531
2025-05-25 11:45:58,667 - data_collector.binance_api - INFO - 💰 Sample OI value (USDT): 4688506152.308491
2025-05-25 11:45:58,669 - data_collector.binance_api - INFO - 🔍 Sample OI data for ETHUSDT: OI=1815091.531, Value=4688506152.308491
2025-05-25 11:45:58,670 - data_collector.binance_api - INFO - ✅ Retrieved 3 OI points for ETHUSDT 1d
2025-05-25 11:45:58,672 - data_collector.binance_api - INFO - 🔍 OI value range for chunk 6: 1706704.704 - 1815091.531
2025-05-25 11:45:58,673 - data_collector.binance_api - INFO - 🔍 OI value in USD range: 4289943546.3101473 - 4688506152.308491
2025-05-25 11:45:58,674 - data_collector.binance_api - INFO - 📊 OI Chunk 6: 3 points from 2025-05-11 05:00:00
2025-05-25 11:45:59,684 - data_collector.binance_api - INFO - 🔢 Requesting OI for ETHUSDT 1d: 2025-05-14 06:00:00 - 2025-05-17 06:00:00
2025-05-25 11:46:00,494 - data_collector.binance_api - INFO - 📊 Sample OI value: 1818035.094
2025-05-25 11:46:00,496 - data_collector.binance_api - INFO - 💰 Sample OI value (USDT): 4870232290.5968
2025-05-25 11:46:00,498 - data_collector.binance_api - INFO - 🔍 Sample OI data for ETHUSDT: OI=1818035.094, Value=4870232290.5968
2025-05-25 11:46:00,499 - data_collector.binance_api - INFO - ✅ Retrieved 3 OI points for ETHUSDT 1d
2025-05-25 11:46:00,500 - data_collector.binance_api - INFO - 🔍 OI value range for chunk 7: 1717471.175 - 1818035.094
2025-05-25 11:46:00,501 - data_collector.binance_api - INFO - 🔍 OI value in USD range: 4416469231.3305 - 4870232290.5968
2025-05-25 11:46:00,503 - data_collector.binance_api - INFO - 📊 OI Chunk 7: 3 points from 2025-05-14 06:00:00
2025-05-25 11:46:01,510 - data_collector.binance_api - INFO - 🔢 Requesting OI for ETHUSDT 1d: 2025-05-17 07:00:00 - 2025-05-20 07:00:00
2025-05-25 11:46:02,264 - data_collector.binance_api - INFO - 📊 Sample OI value: 1764833.06
2025-05-25 11:46:02,266 - data_collector.binance_api - INFO - 💰 Sample OI value (USDT): 4475975523.745449
2025-05-25 11:46:02,268 - data_collector.binance_api - INFO - 🔍 Sample OI data for ETHUSDT: OI=1764833.06, Value=4475975523.745449
2025-05-25 11:46:02,269 - data_collector.binance_api - INFO - ✅ Retrieved 4 OI points for ETHUSDT 1d
2025-05-25 11:46:02,270 - data_collector.binance_api - INFO - 🔍 OI value range for chunk 8: 1538264.822 - 1764833.06
2025-05-25 11:46:02,272 - data_collector.binance_api - INFO - 🔍 OI value in USD range: 3840031975.939908 - 4475975523.745449
2025-05-25 11:46:02,273 - data_collector.binance_api - INFO - 📊 OI Chunk 8: 4 points from 2025-05-17 07:00:00
2025-05-25 11:46:03,283 - data_collector.binance_api - INFO - 🔢 Requesting OI for ETHUSDT 1d: 2025-05-20 08:00:00 - 2025-05-23 08:00:00
2025-05-25 11:46:04,213 - data_collector.binance_api - INFO - 📊 Sample OI value: 1571411.38
2025-05-25 11:46:04,215 - data_collector.binance_api - INFO - 💰 Sample OI value (USDT): 3964655197.6262
2025-05-25 11:46:04,218 - data_collector.binance_api - INFO - 🔍 Sample OI data for ETHUSDT: OI=1571411.38, Value=3964655197.6262
2025-05-25 11:46:04,218 - data_collector.binance_api - INFO - ✅ Retrieved 3 OI points for ETHUSDT 1d
2025-05-25 11:46:04,219 - data_collector.binance_api - INFO - 🔍 OI value range for chunk 9: 1571411.38 - 1684584.213
2025-05-25 11:46:04,221 - data_collector.binance_api - INFO - 🔍 OI value in USD range: 3964655197.6262 - 4487277505.6944895
2025-05-25 11:46:04,223 - data_collector.binance_api - INFO - 📊 OI Chunk 9: 3 points from 2025-05-20 08:00:00
2025-05-25 11:46:05,225 - data_collector.binance_api - INFO - 🔢 Requesting OI for ETHUSDT 1d: 2025-05-23 09:00:00 - 2025-05-25 11:46:05.988000
2025-05-25 11:46:06,110 - data_collector.binance_api - INFO - 📊 Sample OI value: 1615463.677
2025-05-25 11:46:06,112 - data_collector.binance_api - INFO - 💰 Sample OI value (USDT): 4079821206.98996
2025-05-25 11:46:06,114 - data_collector.binance_api - INFO - 🔍 Sample OI data for ETHUSDT: OI=1615463.677, Value=4079821206.98996
2025-05-25 11:46:06,115 - data_collector.binance_api - INFO - ✅ Retrieved 2 OI points for ETHUSDT 1d
2025-05-25 11:46:06,117 - data_collector.binance_api - INFO - 🔍 OI value range for chunk 10: 1615463.677 - 1620116.491
2025-05-25 11:46:06,118 - data_collector.binance_api - INFO - 🔍 OI value in USD range: 4079821206.98996 - 4096049194.842659
2025-05-25 11:46:06,119 - data_collector.binance_api - INFO - 📊 OI Chunk 10: 2 points from 2025-05-23 09:00:00
2025-05-25 11:46:07,133 - data_collector.binance_api - INFO - ✅ Total 30 OI points collected for ETHUSDT (10 chunks)
2025-05-25 11:46:07,133 - data_collector.binance_api - INFO - 📈 Final OI data summary for ETHUSDT:
2025-05-25 11:46:07,135 - data_collector.binance_api - INFO -    - OI range: 1527935.661 - 1818035.094
2025-05-25 11:46:07,136 - data_collector.binance_api - INFO -    - OI value range: 2775082585.57803 - 4870232290.5968
2025-05-25 11:46:07,137 - data_collector.binance_api - INFO -    - Date range: 2025-04-26 00:00:00 - 2025-05-25 00:00:00
2025-05-25 11:46:09,081 - data_collector.binance_api - INFO - 📋 Symbol BNBUSDT info cached: onboard=2019-09-25 15:00:00
2025-05-25 11:46:09,083 - data_collector.binance_api - INFO - 📊 Requesting klines for BNBUSDT 1d: 2025-04-26 00:00:00 - 2025-05-25 11:46:08.906000
2025-05-25 11:46:10,011 - data_collector.binance_api - INFO - 📊 Sample volume: 360399.89, Quote volume: 217794125.03
2025-05-25 11:46:10,012 - data_collector.binance_api - INFO - ✅ Retrieved 30 klines for BNBUSDT 1d
2025-05-25 11:46:10,527 - data_collector.binance_api - INFO - 🔢 Requesting OI for BNBUSDT 1d: 2025-04-26 00:00:00 - 2025-04-29 00:00:00
2025-05-25 11:46:11,368 - data_collector.binance_api - INFO - 📊 Sample OI value: 473927.63
2025-05-25 11:46:11,370 - data_collector.binance_api - INFO - 💰 Sample OI value (USDT): 284176737.41209245
2025-05-25 11:46:11,372 - data_collector.binance_api - INFO - 🔍 Sample OI data for BNBUSDT: OI=473927.63, Value=284176737.41209245
2025-05-25 11:46:11,373 - data_collector.binance_api - INFO - ✅ Retrieved 3 OI points for BNBUSDT 1d
2025-05-25 11:46:11,374 - data_collector.binance_api - INFO - 🔍 OI value range for chunk 1: 473927.63 - 483877.28
2025-05-25 11:46:11,376 - data_collector.binance_api - INFO - 🔍 OI value in USD range: 284176737.41209245 - 293808182.94181174
2025-05-25 11:46:11,377 - data_collector.binance_api - INFO - 📊 OI Chunk 1: 3 points from 2025-04-26 00:00:00
2025-05-25 11:46:12,386 - data_collector.binance_api - INFO - 🔢 Requesting OI for BNBUSDT 1d: 2025-04-29 01:00:00 - 2025-05-02 01:00:00
2025-05-25 11:46:13,264 - data_collector.binance_api - INFO - 📊 Sample OI value: 466651.96
2025-05-25 11:46:13,265 - data_collector.binance_api - INFO - 💰 Sample OI value (USDT): 282786421.2404
2025-05-25 11:46:13,267 - data_collector.binance_api - INFO - 🔍 Sample OI data for BNBUSDT: OI=466651.96, Value=282786421.2404
2025-05-25 11:46:13,267 - data_collector.binance_api - INFO - ✅ Retrieved 3 OI points for BNBUSDT 1d
2025-05-25 11:46:13,268 - data_collector.binance_api - INFO - 🔍 OI value range for chunk 2: 466651.96 - 480187.19
2025-05-25 11:46:13,269 - data_collector.binance_api - INFO - 🔍 OI value in USD range: 281989759.6063467 - 288470043.24296844
2025-05-25 11:46:13,269 - data_collector.binance_api - INFO - 📊 OI Chunk 2: 3 points from 2025-04-29 01:00:00
2025-05-25 11:46:14,272 - data_collector.binance_api - INFO - 🔢 Requesting OI for BNBUSDT 1d: 2025-05-02 02:00:00 - 2025-05-05 02:00:00
2025-05-25 11:46:15,106 - data_collector.binance_api - INFO - 📊 Sample OI value: 474470.71
2025-05-25 11:46:15,108 - data_collector.binance_api - INFO - 💰 Sample OI value (USDT): 284302849.432
2025-05-25 11:46:15,110 - data_collector.binance_api - INFO - 🔍 Sample OI data for BNBUSDT: OI=474470.71, Value=284302849.432
2025-05-25 11:46:15,111 - data_collector.binance_api - INFO - ✅ Retrieved 3 OI points for BNBUSDT 1d
2025-05-25 11:46:15,112 - data_collector.binance_api - INFO - 🔍 OI value range for chunk 3: 457598.96 - 474470.71
2025-05-25 11:46:15,113 - data_collector.binance_api - INFO - 🔍 OI value in USD range: 274130458.06153566 - 284302849.432
2025-05-25 11:46:15,114 - data_collector.binance_api - INFO - 📊 OI Chunk 3: 3 points from 2025-05-02 02:00:00
2025-05-25 11:46:16,124 - data_collector.binance_api - INFO - 🔢 Requesting OI for BNBUSDT 1d: 2025-05-05 03:00:00 - 2025-05-08 03:00:00
2025-05-25 11:46:16,970 - data_collector.binance_api - INFO - 📊 Sample OI value: 501364.75
2025-05-25 11:46:16,972 - data_collector.binance_api - INFO - 💰 Sample OI value (USDT): 293624265.8375
2025-05-25 11:46:16,974 - data_collector.binance_api - INFO - 🔍 Sample OI data for BNBUSDT: OI=501364.75, Value=293624265.8375
2025-05-25 11:46:16,975 - data_collector.binance_api - INFO - ✅ Retrieved 3 OI points for BNBUSDT 1d
2025-05-25 11:46:16,976 - data_collector.binance_api - INFO - 🔍 OI value range for chunk 4: 455917.6 - 501364.75
2025-05-25 11:46:16,977 - data_collector.binance_api - INFO - 🔍 OI value in USD range: 272269431.544 - 293624265.8375
2025-05-25 11:46:16,978 - data_collector.binance_api - INFO - 📊 OI Chunk 4: 3 points from 2025-05-05 03:00:00
2025-05-25 11:46:17,982 - data_collector.binance_api - INFO - 🔢 Requesting OI for BNBUSDT 1d: 2025-05-08 04:00:00 - 2025-05-11 04:00:00
2025-05-25 11:46:18,865 - data_collector.binance_api - INFO - 📊 Sample OI value: 479168.01
2025-05-25 11:46:18,867 - data_collector.binance_api - INFO - 💰 Sample OI value (USDT): 288703517.7051
2025-05-25 11:46:18,869 - data_collector.binance_api - INFO - 🔍 Sample OI data for BNBUSDT: OI=479168.01, Value=288703517.7051
2025-05-25 11:46:18,870 - data_collector.binance_api - INFO - ✅ Retrieved 3 OI points for BNBUSDT 1d
2025-05-25 11:46:18,871 - data_collector.binance_api - INFO - 🔍 OI value range for chunk 5: 479168.01 - 513403.86
2025-05-25 11:46:18,873 - data_collector.binance_api - INFO - 🔍 OI value in USD range: 288703517.7051 - 342512251.1604
2025-05-25 11:46:18,874 - data_collector.binance_api - INFO - 📊 OI Chunk 5: 3 points from 2025-05-08 04:00:00
2025-05-25 11:46:19,886 - data_collector.binance_api - INFO - 🔢 Requesting OI for BNBUSDT 1d: 2025-05-11 05:00:00 - 2025-05-14 05:00:00
2025-05-25 11:46:20,767 - data_collector.binance_api - INFO - 📊 Sample OI value: 519666.1
2025-05-25 11:46:20,769 - data_collector.binance_api - INFO - 💰 Sample OI value (USDT): 345115453.671
2025-05-25 11:46:20,771 - data_collector.binance_api - INFO - 🔍 Sample OI data for BNBUSDT: OI=519666.1, Value=345115453.671
2025-05-25 11:46:20,772 - data_collector.binance_api - INFO - ✅ Retrieved 3 OI points for BNBUSDT 1d
2025-05-25 11:46:20,773 - data_collector.binance_api - INFO - 🔍 OI value range for chunk 6: 505252.58 - 519666.1
2025-05-25 11:46:20,774 - data_collector.binance_api - INFO - 🔍 OI value in USD range: 329086162.9314 - 345115453.671
2025-05-25 11:46:20,774 - data_collector.binance_api - INFO - 📊 OI Chunk 6: 3 points from 2025-05-11 05:00:00
2025-05-25 11:46:21,785 - data_collector.binance_api - INFO - 🔢 Requesting OI for BNBUSDT 1d: 2025-05-14 06:00:00 - 2025-05-17 06:00:00
2025-05-25 11:46:22,643 - data_collector.binance_api - INFO - 📊 Sample OI value: 513954.4
2025-05-25 11:46:22,644 - data_collector.binance_api - INFO - 💰 Sample OI value (USDT): 341571706.70595115
2025-05-25 11:46:22,646 - data_collector.binance_api - INFO - 🔍 Sample OI data for BNBUSDT: OI=513954.4, Value=341571706.70595115
2025-05-25 11:46:22,646 - data_collector.binance_api - INFO - ✅ Retrieved 3 OI points for BNBUSDT 1d
2025-05-25 11:46:22,647 - data_collector.binance_api - INFO - 🔍 OI value range for chunk 7: 505506.23 - 513954.4
2025-05-25 11:46:22,648 - data_collector.binance_api - INFO - 🔍 OI value in USD range: 329978078.720162 - 341571706.70595115
2025-05-25 11:46:22,648 - data_collector.binance_api - INFO - 📊 OI Chunk 7: 3 points from 2025-05-14 06:00:00
2025-05-25 11:46:23,662 - data_collector.binance_api - INFO - 🔢 Requesting OI for BNBUSDT 1d: 2025-05-17 07:00:00 - 2025-05-20 07:00:00
2025-05-25 11:46:24,453 - data_collector.binance_api - INFO - 📊 Sample OI value: 513162.67
2025-05-25 11:46:24,455 - data_collector.binance_api - INFO - 💰 Sample OI value (USDT): 331713924.18934566
2025-05-25 11:46:24,457 - data_collector.binance_api - INFO - 🔍 Sample OI data for BNBUSDT: OI=513162.67, Value=331713924.18934566
2025-05-25 11:46:24,458 - data_collector.binance_api - INFO - ✅ Retrieved 4 OI points for BNBUSDT 1d
2025-05-25 11:46:24,459 - data_collector.binance_api - INFO - 🔍 OI value range for chunk 8: 499902.08 - 513162.67
2025-05-25 11:46:24,460 - data_collector.binance_api - INFO - 🔍 OI value in USD range: 321375906.5028 - 331713924.18934566
2025-05-25 11:46:24,461 - data_collector.binance_api - INFO - 📊 OI Chunk 8: 4 points from 2025-05-17 07:00:00
2025-05-25 11:46:25,464 - data_collector.binance_api - INFO - 🔢 Requesting OI for BNBUSDT 1d: 2025-05-20 08:00:00 - 2025-05-23 08:00:00
2025-05-25 11:46:26,346 - data_collector.binance_api - INFO - 📊 Sample OI value: 498936.12
2025-05-25 11:46:26,348 - data_collector.binance_api - INFO - 💰 Sample OI value (USDT): 324477073.66895807
2025-05-25 11:46:26,350 - data_collector.binance_api - INFO - 🔍 Sample OI data for BNBUSDT: OI=498936.12, Value=324477073.66895807
2025-05-25 11:46:26,351 - data_collector.binance_api - INFO - ✅ Retrieved 3 OI points for BNBUSDT 1d
2025-05-25 11:46:26,352 - data_collector.binance_api - INFO - 🔍 OI value range for chunk 9: 498936.12 - 528164.18
2025-05-25 11:46:26,353 - data_collector.binance_api - INFO - 🔍 OI value in USD range: 324477073.66895807 - 362596116.4374283
2025-05-25 11:46:26,354 - data_collector.binance_api - INFO - 📊 OI Chunk 9: 3 points from 2025-05-20 08:00:00
2025-05-25 11:46:27,357 - data_collector.binance_api - INFO - 🔢 Requesting OI for BNBUSDT 1d: 2025-05-23 09:00:00 - 2025-05-25 11:46:28.119000
2025-05-25 11:46:28,207 - data_collector.binance_api - INFO - 📊 Sample OI value: 530897.75
2025-05-25 11:46:28,209 - data_collector.binance_api - INFO - 💰 Sample OI value (USDT): 348720187.0875
2025-05-25 11:46:28,211 - data_collector.binance_api - INFO - 🔍 Sample OI data for BNBUSDT: OI=530897.75, Value=348720187.0875
2025-05-25 11:46:28,212 - data_collector.binance_api - INFO - ✅ Retrieved 2 OI points for BNBUSDT 1d
2025-05-25 11:46:28,213 - data_collector.binance_api - INFO - 🔍 OI value range for chunk 10: 530897.75 - 543502.97
2025-05-25 11:46:28,213 - data_collector.binance_api - INFO - 🔍 OI value in USD range: 348720187.0875 - 363001547.26526475
2025-05-25 11:46:28,214 - data_collector.binance_api - INFO - 📊 OI Chunk 10: 2 points from 2025-05-23 09:00:00
2025-05-25 11:46:29,224 - data_collector.binance_api - INFO - ✅ Total 30 OI points collected for BNBUSDT (10 chunks)
2025-05-25 11:46:29,226 - data_collector.binance_api - INFO - 📈 Final OI data summary for BNBUSDT:
2025-05-25 11:46:29,227 - data_collector.binance_api - INFO -    - OI range: 455917.6 - 543502.97
2025-05-25 11:46:29,229 - data_collector.binance_api - INFO -    - OI value range: 272269431.544 - 363001547.26526475
2025-05-25 11:46:29,230 - data_collector.binance_api - INFO -    - Date range: 2025-04-26 00:00:00 - 2025-05-25 00:00:00
2025-05-25 11:46:31,177 - data_collector.binance_api - INFO - 📋 Symbol SOLUSDT info cached: onboard=2019-09-25 15:00:00
2025-05-25 11:46:31,180 - data_collector.binance_api - INFO - 📊 Requesting klines for SOLUSDT 1d: 2025-04-26 00:00:00 - 2025-05-25 11:46:31.007000
2025-05-25 11:46:32,088 - data_collector.binance_api - INFO - 📊 Sample volume: 12075945.42, Quote volume: 1809760403.48766
2025-05-25 11:46:32,089 - data_collector.binance_api - INFO - ✅ Retrieved 30 klines for SOLUSDT 1d
2025-05-25 11:46:32,604 - data_collector.binance_api - INFO - 🔢 Requesting OI for SOLUSDT 1d: 2025-04-26 00:00:00 - 2025-04-29 00:00:00
2025-05-25 11:46:33,492 - data_collector.binance_api - INFO - 📊 Sample OI value: 7669462.02
2025-05-25 11:46:33,494 - data_collector.binance_api - INFO - 💰 Sample OI value (USDT): 1156166709.945753
2025-05-25 11:46:33,497 - data_collector.binance_api - INFO - 🔍 Sample OI data for SOLUSDT: OI=7669462.02, Value=1156166709.945753
2025-05-25 11:46:33,498 - data_collector.binance_api - INFO - ✅ Retrieved 3 OI points for SOLUSDT 1d
2025-05-25 11:46:33,499 - data_collector.binance_api - INFO - 🔍 OI value range for chunk 1: 7520672.86 - 7669462.02
2025-05-25 11:46:33,500 - data_collector.binance_api - INFO - 🔍 OI value in USD range: 1112324672.528962 - 1156166709.945753
2025-05-25 11:46:33,501 - data_collector.binance_api - INFO - 📊 OI Chunk 1: 3 points from 2025-04-26 00:00:00
2025-05-25 11:46:34,506 - data_collector.binance_api - INFO - 🔢 Requesting OI for SOLUSDT 1d: 2025-04-29 01:00:00 - 2025-05-02 01:00:00
2025-05-25 11:46:35,397 - data_collector.binance_api - INFO - 📊 Sample OI value: 7504185.64
2025-05-25 11:46:35,398 - data_collector.binance_api - INFO - 💰 Sample OI value (USDT): 1108743428.31
2025-05-25 11:46:35,400 - data_collector.binance_api - INFO - 🔍 Sample OI data for SOLUSDT: OI=7504185.64, Value=1108743428.31
2025-05-25 11:46:35,400 - data_collector.binance_api - INFO - ✅ Retrieved 3 OI points for SOLUSDT 1d
2025-05-25 11:46:35,401 - data_collector.binance_api - INFO - 🔍 OI value range for chunk 2: 7241585.74 - 7504185.64
2025-05-25 11:46:35,402 - data_collector.binance_api - INFO - 🔍 OI value in USD range: 1067965917.278798 - 1108743428.31
2025-05-25 11:46:35,402 - data_collector.binance_api - INFO - 📊 OI Chunk 2: 3 points from 2025-04-29 01:00:00
2025-05-25 11:46:36,406 - data_collector.binance_api - INFO - 🔢 Requesting OI for SOLUSDT 1d: 2025-05-02 02:00:00 - 2025-05-05 02:00:00
2025-05-25 11:46:37,251 - data_collector.binance_api - INFO - 📊 Sample OI value: 7427989.39
2025-05-25 11:46:37,253 - data_collector.binance_api - INFO - 💰 Sample OI value (USDT): 1119869424.287748
2025-05-25 11:46:37,255 - data_collector.binance_api - INFO - 🔍 Sample OI data for SOLUSDT: OI=7427989.39, Value=1119869424.287748
2025-05-25 11:46:37,256 - data_collector.binance_api - INFO - ✅ Retrieved 3 OI points for SOLUSDT 1d
2025-05-25 11:46:37,258 - data_collector.binance_api - INFO - 🔍 OI value range for chunk 3: 7380957.67 - 7427989.39
2025-05-25 11:46:37,259 - data_collector.binance_api - INFO - 🔍 OI value in USD range: 1083373948.3310905 - 1119869424.287748
2025-05-25 11:46:37,260 - data_collector.binance_api - INFO - 📊 OI Chunk 3: 3 points from 2025-05-02 02:00:00
2025-05-25 11:46:38,265 - data_collector.binance_api - INFO - 🔢 Requesting OI for SOLUSDT 1d: 2025-05-05 03:00:00 - 2025-05-08 03:00:00
2025-05-25 11:46:39,140 - data_collector.binance_api - INFO - 📊 Sample OI value: 7407836.6
2025-05-25 11:46:39,142 - data_collector.binance_api - INFO - 💰 Sample OI value (USDT): 1065755964.4256665
2025-05-25 11:46:39,143 - data_collector.binance_api - INFO - 🔍 Sample OI data for SOLUSDT: OI=7407836.6, Value=1065755964.4256665
2025-05-25 11:46:39,144 - data_collector.binance_api - INFO - ✅ Retrieved 3 OI points for SOLUSDT 1d
2025-05-25 11:46:39,145 - data_collector.binance_api - INFO - 🔍 OI value range for chunk 4: 7407836.6 - 7524022.16
2025-05-25 11:46:39,146 - data_collector.binance_api - INFO - 🔍 OI value in USD range: 1065755964.4256665 - 1104752173.7528
2025-05-25 11:46:39,147 - data_collector.binance_api - INFO - 📊 OI Chunk 4: 3 points from 2025-05-05 03:00:00
2025-05-25 11:46:40,151 - data_collector.binance_api - INFO - 🔢 Requesting OI for SOLUSDT 1d: 2025-05-08 04:00:00 - 2025-05-11 04:00:00
2025-05-25 11:46:41,025 - data_collector.binance_api - INFO - 📊 Sample OI value: 7402061.69
2025-05-25 11:46:41,027 - data_collector.binance_api - INFO - 💰 Sample OI value (USDT): 1090084171.8390615
2025-05-25 11:46:41,028 - data_collector.binance_api - INFO - 🔍 Sample OI data for SOLUSDT: OI=7402061.69, Value=1090084171.8390615
2025-05-25 11:46:41,029 - data_collector.binance_api - INFO - ✅ Retrieved 3 OI points for SOLUSDT 1d
2025-05-25 11:46:41,030 - data_collector.binance_api - INFO - 🔍 OI value range for chunk 5: 7402061.69 - 7594677.95
2025-05-25 11:46:41,031 - data_collector.binance_api - INFO - 🔍 OI value in USD range: 1090084171.8390615 - 1311904669.083
2025-05-25 11:46:41,032 - data_collector.binance_api - INFO - 📊 OI Chunk 5: 3 points from 2025-05-08 04:00:00
2025-05-25 11:46:42,039 - data_collector.binance_api - INFO - 🔢 Requesting OI for SOLUSDT 1d: 2025-05-11 05:00:00 - 2025-05-14 05:00:00
2025-05-25 11:46:42,937 - data_collector.binance_api - INFO - 📊 Sample OI value: 7625991.82
2025-05-25 11:46:42,939 - data_collector.binance_api - INFO - 💰 Sample OI value (USDT): 1356435041.253553
2025-05-25 11:46:42,940 - data_collector.binance_api - INFO - 🔍 Sample OI data for SOLUSDT: OI=7625991.82, Value=1356435041.253553
2025-05-25 11:46:42,941 - data_collector.binance_api - INFO - ✅ Retrieved 3 OI points for SOLUSDT 1d
2025-05-25 11:46:42,942 - data_collector.binance_api - INFO - 🔍 OI value range for chunk 6: 7406701.53 - 7625991.82
2025-05-25 11:46:42,942 - data_collector.binance_api - INFO - 🔍 OI value in USD range: 1282055964.9688964 - 1356435041.253553
2025-05-25 11:46:42,943 - data_collector.binance_api - INFO - 📊 OI Chunk 6: 3 points from 2025-05-11 05:00:00
2025-05-25 11:46:43,958 - data_collector.binance_api - INFO - 🔢 Requesting OI for SOLUSDT 1d: 2025-05-14 06:00:00 - 2025-05-17 06:00:00
2025-05-25 11:46:44,803 - data_collector.binance_api - INFO - 📊 Sample OI value: 7836766.87
2025-05-25 11:46:44,805 - data_collector.binance_api - INFO - 💰 Sample OI value (USDT): 1439776095.72586
2025-05-25 11:46:44,808 - data_collector.binance_api - INFO - 🔍 Sample OI data for SOLUSDT: OI=7836766.87, Value=1439776095.72586
2025-05-25 11:46:44,809 - data_collector.binance_api - INFO - ✅ Retrieved 3 OI points for SOLUSDT 1d
2025-05-25 11:46:44,810 - data_collector.binance_api - INFO - 🔍 OI value range for chunk 7: 7423432.34 - 7836766.87
2025-05-25 11:46:44,812 - data_collector.binance_api - INFO - 🔍 OI value in USD range: 1255005471.4004 - 1439776095.72586
2025-05-25 11:46:44,813 - data_collector.binance_api - INFO - 📊 OI Chunk 7: 3 points from 2025-05-14 06:00:00
2025-05-25 11:46:45,824 - data_collector.binance_api - INFO - 🔢 Requesting OI for SOLUSDT 1d: 2025-05-17 07:00:00 - 2025-05-20 07:00:00
2025-05-25 11:46:46,673 - data_collector.binance_api - INFO - 📊 Sample OI value: 7644935.88
2025-05-25 11:46:46,674 - data_collector.binance_api - INFO - 💰 Sample OI value (USDT): 1279518677.8606377
2025-05-25 11:46:46,675 - data_collector.binance_api - INFO - 🔍 Sample OI data for SOLUSDT: OI=7644935.88, Value=1279518677.8606377
2025-05-25 11:46:46,676 - data_collector.binance_api - INFO - ✅ Retrieved 4 OI points for SOLUSDT 1d
2025-05-25 11:46:46,677 - data_collector.binance_api - INFO - 🔍 OI value range for chunk 8: 7121710.18 - 7674276.39
2025-05-25 11:46:46,678 - data_collector.binance_api - INFO - 🔍 OI value in USD range: 1187325745.7875123 - 1279518677.8606377
2025-05-25 11:46:46,678 - data_collector.binance_api - INFO - 📊 OI Chunk 8: 4 points from 2025-05-17 07:00:00
2025-05-25 11:46:47,682 - data_collector.binance_api - INFO - 🔢 Requesting OI for SOLUSDT 1d: 2025-05-20 08:00:00 - 2025-05-23 08:00:00
2025-05-25 11:46:48,553 - data_collector.binance_api - INFO - 📊 Sample OI value: 7072876.6
2025-05-25 11:46:48,555 - data_collector.binance_api - INFO - 💰 Sample OI value (USDT): 1191850435.866
2025-05-25 11:46:48,557 - data_collector.binance_api - INFO - 🔍 Sample OI data for SOLUSDT: OI=7072876.6, Value=1191850435.866
2025-05-25 11:46:48,558 - data_collector.binance_api - INFO - ✅ Retrieved 3 OI points for SOLUSDT 1d
2025-05-25 11:46:48,560 - data_collector.binance_api - INFO - 🔍 OI value range for chunk 9: 7072876.6 - 7567459.41
2025-05-25 11:46:48,561 - data_collector.binance_api - INFO - 🔍 OI value in USD range: 1191850435.866 - 1359115710.036
2025-05-25 11:46:48,562 - data_collector.binance_api - INFO - 📊 OI Chunk 9: 3 points from 2025-05-20 08:00:00
2025-05-25 11:46:49,566 - data_collector.binance_api - INFO - 🔢 Requesting OI for SOLUSDT 1d: 2025-05-23 09:00:00 - 2025-05-25 11:46:50.328000
2025-05-25 11:46:50,411 - data_collector.binance_api - INFO - 📊 Sample OI value: 7703832.85
2025-05-25 11:46:50,412 - data_collector.binance_api - INFO - 💰 Sample OI value (USDT): 1339909472.641002
2025-05-25 11:46:50,414 - data_collector.binance_api - INFO - 🔍 Sample OI data for SOLUSDT: OI=7703832.85, Value=1339909472.641002
2025-05-25 11:46:50,415 - data_collector.binance_api - INFO - ✅ Retrieved 2 OI points for SOLUSDT 1d
2025-05-25 11:46:50,415 - data_collector.binance_api - INFO - 🔍 OI value range for chunk 10: 7438311.93 - 7703832.85
2025-05-25 11:46:50,416 - data_collector.binance_api - INFO - 🔍 OI value in USD range: 1307675712.214568 - 1339909472.641002
2025-05-25 11:46:50,417 - data_collector.binance_api - INFO - 📊 OI Chunk 10: 2 points from 2025-05-23 09:00:00
2025-05-25 11:46:51,427 - data_collector.binance_api - INFO - ✅ Total 30 OI points collected for SOLUSDT (10 chunks)
2025-05-25 11:46:51,428 - data_collector.binance_api - INFO - 📈 Final OI data summary for SOLUSDT:
2025-05-25 11:46:51,430 - data_collector.binance_api - INFO -    - OI range: 7072876.6 - 7836766.87
2025-05-25 11:46:51,431 - data_collector.binance_api - INFO -    - OI value range: 1065755964.4256665 - 1439776095.72586
2025-05-25 11:46:51,431 - data_collector.binance_api - INFO -    - Date range: 2025-04-26 00:00:00 - 2025-05-25 00:00:00
2025-05-25 11:46:53,262 - data_collector.binance_api - INFO - 📋 Symbol DOGEUSDT info cached: onboard=2019-09-25 15:00:00
2025-05-25 11:46:53,264 - data_collector.binance_api - INFO - 📊 Requesting klines for DOGEUSDT 1d: 2025-04-26 00:00:00 - 2025-05-25 11:46:53.205000
2025-05-25 11:46:54,143 - data_collector.binance_api - INFO - 📊 Sample volume: 5056885810, Quote volume: 934458968.66721
2025-05-25 11:46:54,144 - data_collector.binance_api - INFO - ✅ Retrieved 30 klines for DOGEUSDT 1d
2025-05-25 11:46:54,648 - data_collector.binance_api - INFO - 🔢 Requesting OI for DOGEUSDT 1d: 2025-04-26 00:00:00 - 2025-04-29 00:00:00
2025-05-25 11:46:55,503 - data_collector.binance_api - INFO - 📊 Sample OI value: 1790602755.0
2025-05-25 11:46:55,504 - data_collector.binance_api - INFO - 💰 Sample OI value (USDT): 325048118.11515
2025-05-25 11:46:55,507 - data_collector.binance_api - INFO - 🔍 Sample OI data for DOGEUSDT: OI=1790602755.0, Value=325048118.11515
2025-05-25 11:46:55,508 - data_collector.binance_api - INFO - ✅ Retrieved 3 OI points for DOGEUSDT 1d
2025-05-25 11:46:55,510 - data_collector.binance_api - INFO - 🔍 OI value range for chunk 1: 1666624091.0 - 1790602755.0
2025-05-25 11:46:55,511 - data_collector.binance_api - INFO - 🔍 OI value in USD range: 298725702.07084 - 325048118.11515
2025-05-25 11:46:55,512 - data_collector.binance_api - INFO - 📊 OI Chunk 1: 3 points from 2025-04-26 00:00:00
2025-05-25 11:46:56,527 - data_collector.binance_api - INFO - 🔢 Requesting OI for DOGEUSDT 1d: 2025-04-29 01:00:00 - 2025-05-02 01:00:00
2025-05-25 11:46:57,403 - data_collector.binance_api - INFO - 📊 Sample OI value: 1597098496.0
2025-05-25 11:46:57,404 - data_collector.binance_api - INFO - 💰 Sample OI value (USDT): 285832717.82912
2025-05-25 11:46:57,405 - data_collector.binance_api - INFO - 🔍 Sample OI data for DOGEUSDT: OI=1597098496.0, Value=285832717.82912
2025-05-25 11:46:57,406 - data_collector.binance_api - INFO - ✅ Retrieved 3 OI points for DOGEUSDT 1d
2025-05-25 11:46:57,406 - data_collector.binance_api - INFO - 🔍 OI value range for chunk 2: 1568675076.0 - 1601559563.0
2025-05-25 11:46:57,407 - data_collector.binance_api - INFO - 🔍 OI value in USD range: 270078787.83492 - 285832717.82912
2025-05-25 11:46:57,408 - data_collector.binance_api - INFO - 📊 OI Chunk 2: 3 points from 2025-04-29 01:00:00
2025-05-25 11:46:58,415 - data_collector.binance_api - INFO - 🔢 Requesting OI for DOGEUSDT 1d: 2025-05-02 02:00:00 - 2025-05-05 02:00:00
2025-05-25 11:46:59,291 - data_collector.binance_api - INFO - 📊 Sample OI value: 1675074838.0
2025-05-25 11:46:59,293 - data_collector.binance_api - INFO - 💰 Sample OI value (USDT): 302539923.19922966
2025-05-25 11:46:59,295 - data_collector.binance_api - INFO - 🔍 Sample OI data for DOGEUSDT: OI=1675074838.0, Value=302539923.19922966
2025-05-25 11:46:59,296 - data_collector.binance_api - INFO - ✅ Retrieved 3 OI points for DOGEUSDT 1d
2025-05-25 11:46:59,297 - data_collector.binance_api - INFO - 🔍 OI value range for chunk 3: 1627731329.0 - 1675074838.0
2025-05-25 11:46:59,299 - data_collector.binance_api - INFO - 🔍 OI value in USD range: 285794869.30852586 - 302539923.19922966
2025-05-25 11:46:59,299 - data_collector.binance_api - INFO - 📊 OI Chunk 3: 3 points from 2025-05-02 02:00:00
2025-05-25 11:47:00,308 - data_collector.binance_api - INFO - 🔢 Requesting OI for DOGEUSDT 1d: 2025-05-05 03:00:00 - 2025-05-08 03:00:00
2025-05-25 11:47:01,172 - data_collector.binance_api - INFO - 📊 Sample OI value: 1612014746.0
2025-05-25 11:47:01,174 - data_collector.binance_api - INFO - 💰 Sample OI value (USDT): 274671192.57094
2025-05-25 11:47:01,176 - data_collector.binance_api - INFO - 🔍 Sample OI data for DOGEUSDT: OI=1612014746.0, Value=274671192.57094
2025-05-25 11:47:01,177 - data_collector.binance_api - INFO - ✅ Retrieved 3 OI points for DOGEUSDT 1d
2025-05-25 11:47:01,178 - data_collector.binance_api - INFO - 🔍 OI value range for chunk 4: 1557558554.0 - 1612014746.0
2025-05-25 11:47:01,179 - data_collector.binance_api - INFO - 🔍 OI value in USD range: 268071402.72894 - 274671192.57094
2025-05-25 11:47:01,180 - data_collector.binance_api - INFO - 📊 OI Chunk 4: 3 points from 2025-05-05 03:00:00
2025-05-25 11:47:02,188 - data_collector.binance_api - INFO - 🔢 Requesting OI for DOGEUSDT 1d: 2025-05-08 04:00:00 - 2025-05-11 04:00:00
2025-05-25 11:47:03,052 - data_collector.binance_api - INFO - 📊 Sample OI value: 1578677921.0
2025-05-25 11:47:03,054 - data_collector.binance_api - INFO - 💰 Sample OI value (USDT): 271450290.14519906
2025-05-25 11:47:03,057 - data_collector.binance_api - INFO - 🔍 Sample OI data for DOGEUSDT: OI=1578677921.0, Value=271450290.14519906
2025-05-25 11:47:03,058 - data_collector.binance_api - INFO - ✅ Retrieved 3 OI points for DOGEUSDT 1d
2025-05-25 11:47:03,059 - data_collector.binance_api - INFO - 🔍 OI value range for chunk 5: 1578677921.0 - 1795346746.0
2025-05-25 11:47:03,060 - data_collector.binance_api - INFO - 🔍 OI value in USD range: 271450290.14519906 - 368463752.3969895
2025-05-25 11:47:03,061 - data_collector.binance_api - INFO - 📊 OI Chunk 5: 3 points from 2025-05-08 04:00:00
2025-05-25 11:47:04,069 - data_collector.binance_api - INFO - 🔢 Requesting OI for DOGEUSDT 1d: 2025-05-11 05:00:00 - 2025-05-14 05:00:00
2025-05-25 11:47:04,989 - data_collector.binance_api - INFO - 📊 Sample OI value: 2005619331.0
2025-05-25 11:47:04,991 - data_collector.binance_api - INFO - 💰 Sample OI value (USDT): 502376856.15876913
2025-05-25 11:47:04,993 - data_collector.binance_api - INFO - 🔍 Sample OI data for DOGEUSDT: OI=2005619331.0, Value=502376856.15876913
2025-05-25 11:47:04,994 - data_collector.binance_api - INFO - ✅ Retrieved 3 OI points for DOGEUSDT 1d
2025-05-25 11:47:04,996 - data_collector.binance_api - INFO - 🔍 OI value range for chunk 6: 1911345598.0 - 2005619331.0
2025-05-25 11:47:04,997 - data_collector.binance_api - INFO - 🔍 OI value in USD range: 441338758.3563345 - 502376856.15876913
2025-05-25 11:47:04,998 - data_collector.binance_api - INFO - 📊 OI Chunk 6: 3 points from 2025-05-11 05:00:00
2025-05-25 11:47:06,007 - data_collector.binance_api - INFO - 🔢 Requesting OI for DOGEUSDT 1d: 2025-05-14 06:00:00 - 2025-05-17 06:00:00
2025-05-25 11:47:06,805 - data_collector.binance_api - INFO - 📊 Sample OI value: 1897460531.0
2025-05-25 11:47:06,807 - data_collector.binance_api - INFO - 💰 Sample OI value (USDT): 456786356.33041954
2025-05-25 11:47:06,809 - data_collector.binance_api - INFO - 🔍 Sample OI data for DOGEUSDT: OI=1897460531.0, Value=456786356.33041954
2025-05-25 11:47:06,811 - data_collector.binance_api - INFO - ✅ Retrieved 3 OI points for DOGEUSDT 1d
2025-05-25 11:47:06,812 - data_collector.binance_api - INFO - 🔍 OI value range for chunk 7: 1754598408.0 - 1920383337.0
2025-05-25 11:47:06,813 - data_collector.binance_api - INFO - 🔍 OI value in USD range: 384853614.81072 - 456786356.33041954
2025-05-25 11:47:06,814 - data_collector.binance_api - INFO - 📊 OI Chunk 7: 3 points from 2025-05-14 06:00:00
2025-05-25 11:47:07,822 - data_collector.binance_api - INFO - 🔢 Requesting OI for DOGEUSDT 1d: 2025-05-17 07:00:00 - 2025-05-20 07:00:00
2025-05-25 11:47:08,651 - data_collector.binance_api - INFO - 📊 Sample OI value: 1772743604.0
2025-05-25 11:47:08,653 - data_collector.binance_api - INFO - 💰 Sample OI value (USDT): 391847246.22816
2025-05-25 11:47:08,655 - data_collector.binance_api - INFO - 🔍 Sample OI data for DOGEUSDT: OI=1772743604.0, Value=391847246.22816
2025-05-25 11:47:08,656 - data_collector.binance_api - INFO - ✅ Retrieved 4 OI points for DOGEUSDT 1d
2025-05-25 11:47:08,657 - data_collector.binance_api - INFO - 🔍 OI value range for chunk 8: 1724982623.0 - 1791173607.0
2025-05-25 11:47:08,658 - data_collector.binance_api - INFO - 🔍 OI value in USD range: 370026022.45973 - 417240010.15519583
2025-05-25 11:47:08,659 - data_collector.binance_api - INFO - 📊 OI Chunk 8: 4 points from 2025-05-17 07:00:00
2025-05-25 11:47:09,668 - data_collector.binance_api - INFO - 🔢 Requesting OI for DOGEUSDT 1d: 2025-05-20 08:00:00 - 2025-05-23 08:00:00
2025-05-25 11:47:10,519 - data_collector.binance_api - INFO - 📊 Sample OI value: 1742107890.0
2025-05-25 11:47:10,521 - data_collector.binance_api - INFO - 💰 Sample OI value (USDT): 393873172.8501
2025-05-25 11:47:10,524 - data_collector.binance_api - INFO - 🔍 Sample OI data for DOGEUSDT: OI=1742107890.0, Value=393873172.8501
2025-05-25 11:47:10,525 - data_collector.binance_api - INFO - ✅ Retrieved 3 OI points for DOGEUSDT 1d
2025-05-25 11:47:10,526 - data_collector.binance_api - INFO - 🔍 OI value range for chunk 9: 1742107890.0 - 1954965094.0
2025-05-25 11:47:10,527 - data_collector.binance_api - INFO - 🔍 OI value in USD range: 393873172.8501 - 479885281.62418
2025-05-25 11:47:10,528 - data_collector.binance_api - INFO - 📊 OI Chunk 9: 3 points from 2025-05-20 08:00:00
2025-05-25 11:47:11,532 - data_collector.binance_api - INFO - 🔢 Requesting OI for DOGEUSDT 1d: 2025-05-23 09:00:00 - 2025-05-25 11:47:12.294000
2025-05-25 11:47:12,318 - data_collector.binance_api - INFO - 📊 Sample OI value: 1924689460.0
2025-05-25 11:47:12,320 - data_collector.binance_api - INFO - 💰 Sample OI value (USDT): 433229813.3153896
2025-05-25 11:47:12,322 - data_collector.binance_api - INFO - 🔍 Sample OI data for DOGEUSDT: OI=1924689460.0, Value=433229813.3153896
2025-05-25 11:47:12,323 - data_collector.binance_api - INFO - ✅ Retrieved 2 OI points for DOGEUSDT 1d
2025-05-25 11:47:12,324 - data_collector.binance_api - INFO - 🔍 OI value range for chunk 10: 1844135602.0 - 1924689460.0
2025-05-25 11:47:12,325 - data_collector.binance_api - INFO - 🔍 OI value in USD range: 414887726.5040336 - 433229813.3153896
2025-05-25 11:47:12,326 - data_collector.binance_api - INFO - 📊 OI Chunk 10: 2 points from 2025-05-23 09:00:00
2025-05-25 11:47:13,344 - data_collector.binance_api - INFO - ✅ Total 30 OI points collected for DOGEUSDT (10 chunks)
2025-05-25 11:47:13,345 - data_collector.binance_api - INFO - 📈 Final OI data summary for DOGEUSDT:
2025-05-25 11:47:13,346 - data_collector.binance_api - INFO -    - OI range: 1557558554.0 - 2005619331.0
2025-05-25 11:47:13,347 - data_collector.binance_api - INFO -    - OI value range: 268071402.72894 - 502376856.15876913
2025-05-25 11:47:13,348 - data_collector.binance_api - INFO -    - Date range: 2025-04-26 00:00:00 - 2025-05-25 00:00:00
2025-05-25 11:47:15,279 - data_collector.binance_api - INFO - 🔧 Khởi tạo OptimizedBinanceAPI - Focus OI & Volume [FIXED]
2025-05-25 11:47:16,155 - data_collector.binance_api - INFO - 🕒 Server time updated: 2025-05-25 11:47:16.109000
2025-05-25 11:47:17,022 - data_collector.binance_api - INFO - ✅ API connection test successful
2025-05-25 11:47:17,907 - data_collector.binance_api - INFO - 📋 Symbol BTCUSDT info cached: onboard=2019-09-25 15:00:00
2025-05-25 11:47:17,909 - data_collector.binance_api - INFO - 📊 Requesting klines for BTCUSDT 1h: 2025-04-26 11:47:17.860000 - 2025-05-25 11:47:17.860000
2025-05-25 11:47:18,821 - data_collector.binance_api - INFO - 📊 Sample volume: 3631.333, Quote volume: 343137076.4234
2025-05-25 11:47:18,822 - data_collector.binance_api - INFO - ✅ Retrieved 696 klines for BTCUSDT 1h
2025-05-25 11:47:19,228 - data_collector.binance_api - INFO - 📊 Requesting klines for BTCUSDT 4h: 2025-04-26 11:47:17.860000 - 2025-05-25 11:47:17.860000
2025-05-25 11:47:20,124 - data_collector.binance_api - INFO - 📊 Sample volume: 17868.057, Quote volume: 1683829828.9552
2025-05-25 11:47:20,125 - data_collector.binance_api - INFO - ✅ Retrieved 174 klines for BTCUSDT 4h
2025-05-25 11:47:20,537 - data_collector.binance_api - INFO - 📊 Requesting klines for BTCUSDT 1d: 2025-04-26 11:47:17.860000 - 2025-05-25 11:47:17.860000
2025-05-25 11:47:21,423 - data_collector.binance_api - INFO - 📊 Sample volume: 83816.183, Quote volume: 7891352346.555
2025-05-25 11:47:21,424 - data_collector.binance_api - INFO - ✅ Retrieved 29 klines for BTCUSDT 1d
2025-05-25 11:47:22,744 - data_collector.binance_api - INFO - 📋 Symbol ETHUSDT info cached: onboard=2019-09-25 15:00:00
2025-05-25 11:47:22,746 - data_collector.binance_api - INFO - 📊 Requesting klines for ETHUSDT 1h: 2025-04-26 11:47:17.860000 - 2025-05-25 11:47:17.860000
2025-05-25 11:47:23,624 - data_collector.binance_api - INFO - 📊 Sample volume: 80720.197, Quote volume: 144709308.63751
2025-05-25 11:47:23,625 - data_collector.binance_api - INFO - ✅ Retrieved 696 klines for ETHUSDT 1h
2025-05-25 11:47:24,038 - data_collector.binance_api - INFO - 📊 Requesting klines for ETHUSDT 4h: 2025-04-26 11:47:17.860000 - 2025-05-25 11:47:17.860000
2025-05-25 11:47:24,885 - data_collector.binance_api - INFO - 📊 Sample volume: 1377154.319, Quote volume: 2488402263.05725
2025-05-25 11:47:24,886 - data_collector.binance_api - INFO - ✅ Retrieved 174 klines for ETHUSDT 4h
2025-05-25 11:47:25,288 - data_collector.binance_api - INFO - 📊 Requesting klines for ETHUSDT 1d: 2025-04-26 11:47:17.860000 - 2025-05-25 11:47:17.860000
2025-05-25 11:47:26,249 - data_collector.binance_api - INFO - 📊 Sample volume: 3619555.606, Quote volume: 6545876836.53077
2025-05-25 11:47:26,250 - data_collector.binance_api - INFO - ✅ Retrieved 29 klines for ETHUSDT 1d
2025-05-25 11:47:27,543 - data_collector.binance_api - INFO - 📋 Symbol BNBUSDT info cached: onboard=2019-09-25 15:00:00
2025-05-25 11:47:27,545 - data_collector.binance_api - INFO - 📊 Requesting klines for BNBUSDT 1h: 2025-04-26 11:47:17.860000 - 2025-05-25 11:47:17.860000
2025-05-25 11:47:28,411 - data_collector.binance_api - INFO - 📊 Sample volume: 9401.46, Quote volume: 5647736.1697
2025-05-25 11:47:28,412 - data_collector.binance_api - INFO - ✅ Retrieved 696 klines for BNBUSDT 1h
2025-05-25 11:47:28,820 - data_collector.binance_api - INFO - 📊 Requesting klines for BNBUSDT 4h: 2025-04-26 11:47:17.860000 - 2025-05-25 11:47:17.860000
2025-05-25 11:47:29,680 - data_collector.binance_api - INFO - 📊 Sample volume: 88176.56, Quote volume: 53190162.0988
2025-05-25 11:47:29,681 - data_collector.binance_api - INFO - ✅ Retrieved 174 klines for BNBUSDT 4h
2025-05-25 11:47:30,088 - data_collector.binance_api - INFO - 📊 Requesting klines for BNBUSDT 1d: 2025-04-26 11:47:17.860000 - 2025-05-25 11:47:17.860000
2025-05-25 11:47:30,944 - data_collector.binance_api - INFO - 📊 Sample volume: 412719.88, Quote volume: 248319635.5366
2025-05-25 11:47:30,945 - data_collector.binance_api - INFO - ✅ Retrieved 29 klines for BNBUSDT 1d
2025-05-25 11:47:32,266 - data_collector.binance_api - INFO - 📋 Symbol SOLUSDT info cached: onboard=2019-09-25 15:00:00
2025-05-25 11:47:32,267 - data_collector.binance_api - INFO - 📊 Requesting klines for SOLUSDT 1h: 2025-04-26 11:47:17.860000 - 2025-05-25 11:47:17.860000
2025-05-25 11:47:33,105 - data_collector.binance_api - INFO - 📊 Sample volume: 763230.51, Quote volume: 114816906.1872
2025-05-25 11:47:33,106 - data_collector.binance_api - INFO - ✅ Retrieved 696 klines for SOLUSDT 1h
2025-05-25 11:47:33,522 - data_collector.binance_api - INFO - 📊 Requesting klines for SOLUSDT 4h: 2025-04-26 11:47:17.860000 - 2025-05-25 11:47:17.860000
2025-05-25 11:47:34,326 - data_collector.binance_api - INFO - 📊 Sample volume: 3573740.2, Quote volume: 534377295.55049
2025-05-25 11:47:34,327 - data_collector.binance_api - INFO - ✅ Retrieved 174 klines for SOLUSDT 4h
2025-05-25 11:47:34,739 - data_collector.binance_api - INFO - 📊 Requesting klines for SOLUSDT 1d: 2025-04-26 11:47:17.860000 - 2025-05-25 11:47:17.860000
2025-05-25 11:47:35,619 - data_collector.binance_api - INFO - 📊 Sample volume: 12993152.23, Quote volume: 1924888735.44431
2025-05-25 11:47:35,620 - data_collector.binance_api - INFO - ✅ Retrieved 29 klines for SOLUSDT 1d
2025-05-25 11:47:36,825 - data_collector.binance_api - INFO - 📋 Symbol DOGEUSDT info cached: onboard=2019-09-25 15:00:00
2025-05-25 11:47:36,826 - data_collector.binance_api - INFO - 📊 Requesting klines for DOGEUSDT 1h: 2025-04-26 11:47:17.860000 - 2025-05-25 11:47:17.860000
2025-05-25 11:47:37,653 - data_collector.binance_api - INFO - 📊 Sample volume: 147155466, Quote volume: 27289417.84642
2025-05-25 11:47:37,655 - data_collector.binance_api - INFO - ✅ Retrieved 696 klines for DOGEUSDT 1h
2025-05-25 11:47:38,059 - data_collector.binance_api - INFO - 📊 Requesting klines for DOGEUSDT 4h: 2025-04-26 11:47:17.860000 - 2025-05-25 11:47:17.860000
2025-05-25 11:47:38,970 - data_collector.binance_api - INFO - 📊 Sample volume: 1080886313, Quote volume: 198377617.14835
2025-05-25 11:47:38,970 - data_collector.binance_api - INFO - ✅ Retrieved 174 klines for DOGEUSDT 4h
2025-05-25 11:47:39,383 - data_collector.binance_api - INFO - 📊 Requesting klines for DOGEUSDT 1d: 2025-04-26 11:47:17.860000 - 2025-05-25 11:47:17.860000
2025-05-25 11:47:40,257 - data_collector.binance_api - INFO - 📊 Sample volume: 4125429018, Quote volume: 743500486.43807
2025-05-25 11:47:40,259 - data_collector.binance_api - INFO - ✅ Retrieved 29 klines for DOGEUSDT 1d
2025-05-25 11:47:40,665 - data_collector.binance_api - INFO - 🔢 Requesting OI for BTCUSDT 1h: 2025-05-18 11:47:41.490000 - 2025-05-19 11:47:41.490000
2025-05-25 11:47:41,563 - data_collector.binance_api - INFO - 📊 Sample OI value: 78911.302
2025-05-25 11:47:41,565 - data_collector.binance_api - INFO - 💰 Sample OI value (USDT): 8152697492.7394
2025-05-25 11:47:41,567 - data_collector.binance_api - INFO - 🔍 Sample OI data for BTCUSDT: OI=78911.302, Value=8152697492.7394
2025-05-25 11:47:41,568 - data_collector.binance_api - INFO - ✅ Retrieved 24 OI points for BTCUSDT 1h
2025-05-25 11:47:41,570 - data_collector.binance_api - INFO - 🔍 OI value range for chunk 1: 78670.451 - 84438.658
2025-05-25 11:47:41,571 - data_collector.binance_api - INFO - 🔍 OI value in USD range: 8152697492.7394 - 8932132339.885
2025-05-25 11:47:41,572 - data_collector.binance_api - INFO - 📊 OI Chunk 1: 24 points from 2025-05-18 11:47:41.490000
2025-05-25 11:47:42,577 - data_collector.binance_api - INFO - 🔢 Requesting OI for BTCUSDT 1h: 2025-05-19 12:47:41.490000 - 2025-05-20 12:47:41.490000
2025-05-25 11:47:43,454 - data_collector.binance_api - INFO - 📊 Sample OI value: 78504.563
2025-05-25 11:47:43,455 - data_collector.binance_api - INFO - 💰 Sample OI value (USDT): 8085406091.29313
2025-05-25 11:47:43,457 - data_collector.binance_api - INFO - 🔍 Sample OI data for BTCUSDT: OI=78504.563, Value=8085406091.29313
2025-05-25 11:47:43,457 - data_collector.binance_api - INFO - ✅ Retrieved 24 OI points for BTCUSDT 1h
2025-05-25 11:47:43,458 - data_collector.binance_api - INFO - 🔍 OI value range for chunk 2: 78392.251 - 84006.003
2025-05-25 11:47:43,459 - data_collector.binance_api - INFO - 🔍 OI value in USD range: 8009291670.105821 - 8919858205.7436
2025-05-25 11:47:43,460 - data_collector.binance_api - INFO - 📊 OI Chunk 2: 24 points from 2025-05-19 12:47:41.490000
2025-05-25 11:47:44,474 - data_collector.binance_api - INFO - 🔢 Requesting OI for BTCUSDT 1h: 2025-05-20 13:47:41.490000 - 2025-05-21 13:47:41.490000
2025-05-25 11:47:45,339 - data_collector.binance_api - INFO - 📊 Sample OI value: 84169.154
2025-05-25 11:47:45,341 - data_collector.binance_api - INFO - 💰 Sample OI value (USDT): 8872422027.6172
2025-05-25 11:47:45,343 - data_collector.binance_api - INFO - 🔍 Sample OI data for BTCUSDT: OI=84169.154, Value=8872422027.6172
2025-05-25 11:47:45,344 - data_collector.binance_api - INFO - ✅ Retrieved 24 OI points for BTCUSDT 1h
2025-05-25 11:47:45,345 - data_collector.binance_api - INFO - 🔍 OI value range for chunk 3: 80564.892 - 85514.145
2025-05-25 11:47:45,346 - data_collector.binance_api - INFO - 🔍 OI value in USD range: 8493889516.7184 - 9192875130.40134
2025-05-25 11:47:45,347 - data_collector.binance_api - INFO - 📊 OI Chunk 3: 24 points from 2025-05-20 13:47:41.490000
2025-05-25 11:47:46,358 - data_collector.binance_api - INFO - 🔢 Requesting OI for BTCUSDT 1h: 2025-05-21 14:47:41.490000 - 2025-05-22 14:47:41.490000
2025-05-25 11:47:47,217 - data_collector.binance_api - INFO - 📊 Sample OI value: 85346.184
2025-05-25 11:47:47,219 - data_collector.binance_api - INFO - 💰 Sample OI value (USDT): 9087089852.8872
2025-05-25 11:47:47,221 - data_collector.binance_api - INFO - 🔍 Sample OI data for BTCUSDT: OI=85346.184, Value=9087089852.8872
2025-05-25 11:47:47,222 - data_collector.binance_api - INFO - ✅ Retrieved 24 OI points for BTCUSDT 1h
2025-05-25 11:47:47,223 - data_collector.binance_api - INFO - 🔍 OI value range for chunk 4: 84427.544 - 91110.785
2025-05-25 11:47:47,225 - data_collector.binance_api - INFO - 🔍 OI value in USD range: 8993266033.2338 - 10126120967.6886
2025-05-25 11:47:47,225 - data_collector.binance_api - INFO - 📊 OI Chunk 4: 24 points from 2025-05-21 14:47:41.490000
2025-05-25 11:47:48,241 - data_collector.binance_api - INFO - 🔢 Requesting OI for BTCUSDT 1h: 2025-05-22 15:47:41.490000 - 2025-05-23 15:47:41.490000
2025-05-25 11:47:49,116 - data_collector.binance_api - INFO - 📊 Sample OI value: 90148.225
2025-05-25 11:47:49,117 - data_collector.binance_api - INFO - 💰 Sample OI value (USDT): 9950218747.414675
2025-05-25 11:47:49,119 - data_collector.binance_api - INFO - 🔍 Sample OI data for BTCUSDT: OI=90148.225, Value=9950218747.414675
2025-05-25 11:47:49,119 - data_collector.binance_api - INFO - ✅ Retrieved 24 OI points for BTCUSDT 1h
2025-05-25 11:47:49,120 - data_collector.binance_api - INFO - 🔍 OI value range for chunk 5: 87851.92 - 90960.113
2025-05-25 11:47:49,121 - data_collector.binance_api - INFO - 🔍 OI value in USD range: 9710652226.942163 - 10142404731.7698
2025-05-25 11:47:49,122 - data_collector.binance_api - INFO - 📊 OI Chunk 5: 24 points from 2025-05-22 15:47:41.490000
2025-05-25 11:47:50,134 - data_collector.binance_api - INFO - 🔢 Requesting OI for BTCUSDT 1h: 2025-05-23 16:47:41.490000 - 2025-05-24 16:47:41.490000
2025-05-25 11:47:51,020 - data_collector.binance_api - INFO - 📊 Sample OI value: 88673.77
2025-05-25 11:47:51,022 - data_collector.binance_api - INFO - 💰 Sample OI value (USDT): 9867963127.43789
2025-05-25 11:47:51,024 - data_collector.binance_api - INFO - 🔍 Sample OI data for BTCUSDT: OI=88673.77, Value=9867963127.43789
2025-05-25 11:47:51,025 - data_collector.binance_api - INFO - ✅ Retrieved 24 OI points for BTCUSDT 1h
2025-05-25 11:47:51,027 - data_collector.binance_api - INFO - 🔍 OI value range for chunk 6: 83986.561 - 88804.373
2025-05-25 11:47:51,028 - data_collector.binance_api - INFO - 🔍 OI value in USD range: 9014516769.637 - 9867963127.43789
2025-05-25 11:47:51,029 - data_collector.binance_api - INFO - 📊 OI Chunk 6: 24 points from 2025-05-23 16:47:41.490000
2025-05-25 11:47:52,040 - data_collector.binance_api - INFO - 🔢 Requesting OI for BTCUSDT 1h: 2025-05-24 17:47:41.490000 - 2025-05-25 11:47:41.490000
2025-05-25 11:47:52,924 - data_collector.binance_api - INFO - 📊 Sample OI value: 84675.562
2025-05-25 11:47:52,926 - data_collector.binance_api - INFO - 💰 Sample OI value (USDT): 9233319644.947
2025-05-25 11:47:52,928 - data_collector.binance_api - INFO - 🔍 Sample OI data for BTCUSDT: OI=84675.562, Value=9233319644.947
2025-05-25 11:47:52,929 - data_collector.binance_api - INFO - ✅ Retrieved 18 OI points for BTCUSDT 1h
2025-05-25 11:47:52,930 - data_collector.binance_api - INFO - 🔍 OI value range for chunk 7: 84675.562 - 86753.834
2025-05-25 11:47:52,931 - data_collector.binance_api - INFO - 🔍 OI value in USD range: 9233319644.947 - 9360282659.28365
2025-05-25 11:47:52,932 - data_collector.binance_api - INFO - 📊 OI Chunk 7: 18 points from 2025-05-24 17:47:41.490000
2025-05-25 11:47:53,944 - data_collector.binance_api - INFO - ✅ Total 162 OI points collected for BTCUSDT (7 chunks)
2025-05-25 11:47:53,945 - data_collector.binance_api - INFO - 📈 Final OI data summary for BTCUSDT:
2025-05-25 11:47:53,946 - data_collector.binance_api - INFO -    - OI range: 78392.251 - 91110.785
2025-05-25 11:47:53,948 - data_collector.binance_api - INFO -    - OI value range: 8009291670.105821 - 10142404731.7698
2025-05-25 11:47:53,949 - data_collector.binance_api - INFO -    - Date range: 2025-05-18 05:00:00 - 2025-05-25 04:00:00
2025-05-25 11:47:53,951 - data_collector.binance_api - INFO - 🔢 Requesting OI for BTCUSDT 4h: 2025-04-26 11:47:41.490000 - 2025-04-28 11:47:41.490000
2025-05-25 11:47:54,851 - data_collector.binance_api - INFO - 📊 Sample OI value: 84606.936
2025-05-25 11:47:54,852 - data_collector.binance_api - INFO - 💰 Sample OI value (USDT): 7997657727.9982195
2025-05-25 11:47:54,854 - data_collector.binance_api - INFO - 🔍 Sample OI data for BTCUSDT: OI=84606.936, Value=7997657727.9982195
2025-05-25 11:47:54,855 - data_collector.binance_api - INFO - ✅ Retrieved 12 OI points for BTCUSDT 4h
2025-05-25 11:47:54,856 - data_collector.binance_api - INFO - 🔍 OI value range for chunk 1: 82588.691 - 84606.936
2025-05-25 11:47:54,857 - data_collector.binance_api - INFO - 🔍 OI value in USD range: 7746810956.9309 - 7997657727.9982195
2025-05-25 11:47:54,858 - data_collector.binance_api - INFO - 📊 OI Chunk 1: 12 points from 2025-04-26 11:47:41.490000
2025-05-25 11:47:55,862 - data_collector.binance_api - INFO - 🔢 Requesting OI for BTCUSDT 4h: 2025-04-28 12:47:41.490000 - 2025-04-30 12:47:41.490000
2025-05-25 11:47:56,744 - data_collector.binance_api - INFO - 📊 Sample OI value: 83397.965
2025-05-25 11:47:56,745 - data_collector.binance_api - INFO - 💰 Sample OI value (USDT): 7892916844.344
2025-05-25 11:47:56,746 - data_collector.binance_api - INFO - 🔍 Sample OI data for BTCUSDT: OI=83397.965, Value=7892916844.344
2025-05-25 11:47:56,747 - data_collector.binance_api - INFO - ✅ Retrieved 12 OI points for BTCUSDT 4h
2025-05-25 11:47:56,748 - data_collector.binance_api - INFO - 🔍 OI value range for chunk 2: 81314.457 - 84275.283
2025-05-25 11:47:56,749 - data_collector.binance_api - INFO - 🔍 OI value in USD range: 7705218813.6 - 8029428718.1646
2025-05-25 11:47:56,749 - data_collector.binance_api - INFO - 📊 OI Chunk 2: 12 points from 2025-04-28 12:47:41.490000
2025-05-25 11:47:57,765 - data_collector.binance_api - INFO - 🔢 Requesting OI for BTCUSDT 4h: 2025-04-30 13:47:41.490000 - 2025-05-02 13:47:41.490000
2025-05-25 11:47:58,667 - data_collector.binance_api - INFO - 📊 Sample OI value: 81611.902
2025-05-25 11:47:58,668 - data_collector.binance_api - INFO - 💰 Sample OI value (USDT): 7718657822.5952
2025-05-25 11:47:58,669 - data_collector.binance_api - INFO - 🔍 Sample OI data for BTCUSDT: OI=81611.902, Value=7718657822.5952
2025-05-25 11:47:58,670 - data_collector.binance_api - INFO - ✅ Retrieved 12 OI points for BTCUSDT 4h
2025-05-25 11:47:58,670 - data_collector.binance_api - INFO - 🔍 OI value range for chunk 3: 80085.011 - 87488.306
2025-05-25 11:47:58,671 - data_collector.binance_api - INFO - 🔍 OI value in USD range: 7538483829.593407 - 8468453629.225185
2025-05-25 11:47:58,672 - data_collector.binance_api - INFO - 📊 OI Chunk 3: 12 points from 2025-04-30 13:47:41.490000
2025-05-25 11:47:59,679 - data_collector.binance_api - INFO - 🔢 Requesting OI for BTCUSDT 4h: 2025-05-02 14:47:41.490000 - 2025-05-04 14:47:41.490000
2025-05-25 11:48:00,540 - data_collector.binance_api - INFO - 📊 Sample OI value: 87837.184
2025-05-25 11:48:00,542 - data_collector.binance_api - INFO - 💰 Sample OI value (USDT): 8458896493.568
2025-05-25 11:48:00,545 - data_collector.binance_api - INFO - 🔍 Sample OI data for BTCUSDT: OI=87837.184, Value=8458896493.568
2025-05-25 11:48:00,546 - data_collector.binance_api - INFO - ✅ Retrieved 12 OI points for BTCUSDT 4h
2025-05-25 11:48:00,547 - data_collector.binance_api - INFO - 🔍 OI value range for chunk 4: 83146.181 - 87860.982
2025-05-25 11:48:00,548 - data_collector.binance_api - INFO - 🔍 OI value in USD range: 7955426598.08 - 8546864423.248101
2025-05-25 11:48:00,549 - data_collector.binance_api - INFO - 📊 OI Chunk 4: 12 points from 2025-05-02 14:47:41.490000
2025-05-25 11:48:01,560 - data_collector.binance_api - INFO - 🔢 Requesting OI for BTCUSDT 4h: 2025-05-04 15:47:41.490000 - 2025-05-06 15:47:41.490000
2025-05-25 11:48:02,403 - data_collector.binance_api - INFO - 📊 Sample OI value: 83256.786
2025-05-25 11:48:02,405 - data_collector.binance_api - INFO - 💰 Sample OI value (USDT): 7940714199.251135
2025-05-25 11:48:02,407 - data_collector.binance_api - INFO - 🔍 Sample OI data for BTCUSDT: OI=83256.786, Value=7940714199.251135
2025-05-25 11:48:02,408 - data_collector.binance_api - INFO - ✅ Retrieved 12 OI points for BTCUSDT 4h
2025-05-25 11:48:02,410 - data_collector.binance_api - INFO - 🔍 OI value range for chunk 5: 79964.771 - 83256.786
2025-05-25 11:48:02,411 - data_collector.binance_api - INFO - 🔍 OI value in USD range: 7538758750.796 - 7940714199.251135
2025-05-25 11:48:02,411 - data_collector.binance_api - INFO - 📊 OI Chunk 5: 12 points from 2025-05-04 15:47:41.490000
2025-05-25 11:48:03,412 - data_collector.binance_api - INFO - 🔢 Requesting OI for BTCUSDT 4h: 2025-05-06 16:47:41.490000 - 2025-05-08 16:47:41.490000
2025-05-25 11:48:04,244 - data_collector.binance_api - INFO - 📊 Sample OI value: 80599.858
2025-05-25 11:48:04,246 - data_collector.binance_api - INFO - 💰 Sample OI value (USDT): 7557880924.6032
2025-05-25 11:48:04,248 - data_collector.binance_api - INFO - 🔍 Sample OI data for BTCUSDT: OI=80599.858, Value=7557880924.6032
2025-05-25 11:48:04,249 - data_collector.binance_api - INFO - ✅ Retrieved 12 OI points for BTCUSDT 4h
2025-05-25 11:48:04,251 - data_collector.binance_api - INFO - 🔍 OI value range for chunk 6: 80339.173 - 84323.825
2025-05-25 11:48:04,252 - data_collector.binance_api - INFO - 🔍 OI value in USD range: 7557880924.6032 - 8366209814.921226
2025-05-25 11:48:04,253 - data_collector.binance_api - INFO - 📊 OI Chunk 6: 12 points from 2025-05-06 16:47:41.490000
2025-05-25 11:48:05,269 - data_collector.binance_api - INFO - 🔢 Requesting OI for BTCUSDT 4h: 2025-05-08 17:47:41.490000 - 2025-05-10 17:47:41.490000
2025-05-25 11:48:06,185 - data_collector.binance_api - INFO - 📊 Sample OI value: 85923.723
2025-05-25 11:48:06,186 - data_collector.binance_api - INFO - 💰 Sample OI value (USDT): 8538742117.920437
2025-05-25 11:48:06,187 - data_collector.binance_api - INFO - 🔍 Sample OI data for BTCUSDT: OI=85923.723, Value=8538742117.920437
2025-05-25 11:48:06,188 - data_collector.binance_api - INFO - ✅ Retrieved 12 OI points for BTCUSDT 4h
2025-05-25 11:48:06,189 - data_collector.binance_api - INFO - 🔍 OI value range for chunk 7: 78466.358 - 85923.723
2025-05-25 11:48:06,190 - data_collector.binance_api - INFO - 🔍 OI value in USD range: 8077468131.9644 - 8538742117.920437
2025-05-25 11:48:06,190 - data_collector.binance_api - INFO - 📊 OI Chunk 7: 12 points from 2025-05-08 17:47:41.490000
2025-05-25 11:48:07,202 - data_collector.binance_api - INFO - 🔢 Requesting OI for BTCUSDT 4h: 2025-05-10 18:47:41.490000 - 2025-05-12 18:47:41.490000
2025-05-25 11:48:08,022 - data_collector.binance_api - INFO - 📊 Sample OI value: 80292.411
2025-05-25 11:48:08,024 - data_collector.binance_api - INFO - 💰 Sample OI value (USDT): 8300203899.401699
2025-05-25 11:48:08,026 - data_collector.binance_api - INFO - 🔍 Sample OI data for BTCUSDT: OI=80292.411, Value=8300203899.401699
2025-05-25 11:48:08,028 - data_collector.binance_api - INFO - ✅ Retrieved 12 OI points for BTCUSDT 4h
2025-05-25 11:48:08,029 - data_collector.binance_api - INFO - 🔍 OI value range for chunk 8: 78472.955 - 83120.967
2025-05-25 11:48:08,030 - data_collector.binance_api - INFO - 🔍 OI value in USD range: 8159592433.103578 - 8679158890.272
2025-05-25 11:48:08,031 - data_collector.binance_api - INFO - 📊 OI Chunk 8: 12 points from 2025-05-10 18:47:41.490000
2025-05-25 11:48:09,034 - data_collector.binance_api - INFO - 🔢 Requesting OI for BTCUSDT 4h: 2025-05-12 19:47:41.490000 - 2025-05-14 19:47:41.490000
2025-05-25 11:48:09,887 - data_collector.binance_api - INFO - 📊 Sample OI value: 82358.03
2025-05-25 11:48:09,889 - data_collector.binance_api - INFO - 💰 Sample OI value (USDT): 8440461607.33844
2025-05-25 11:48:09,892 - data_collector.binance_api - INFO - 🔍 Sample OI data for BTCUSDT: OI=82358.03, Value=8440461607.33844
2025-05-25 11:48:09,893 - data_collector.binance_api - INFO - ✅ Retrieved 12 OI points for BTCUSDT 4h
2025-05-25 11:48:09,894 - data_collector.binance_api - INFO - 🔍 OI value range for chunk 9: 81309.804 - 83608.811
2025-05-25 11:48:09,895 - data_collector.binance_api - INFO - 🔍 OI value in USD range: 8311572981.7288 - 8704453066.243584
2025-05-25 11:48:09,896 - data_collector.binance_api - INFO - 📊 OI Chunk 9: 12 points from 2025-05-12 19:47:41.490000
2025-05-25 11:48:10,904 - data_collector.binance_api - INFO - 🔢 Requesting OI for BTCUSDT 4h: 2025-05-14 20:47:41.490000 - 2025-05-16 20:47:41.490000
2025-05-25 11:48:11,844 - data_collector.binance_api - INFO - 📊 Sample OI value: 81194.789
2025-05-25 11:48:11,846 - data_collector.binance_api - INFO - 💰 Sample OI value (USDT): 8400518423.165699
2025-05-25 11:48:11,849 - data_collector.binance_api - INFO - 🔍 Sample OI data for BTCUSDT: OI=81194.789, Value=8400518423.165699
2025-05-25 11:48:11,850 - data_collector.binance_api - INFO - ✅ Retrieved 12 OI points for BTCUSDT 4h
2025-05-25 11:48:11,851 - data_collector.binance_api - INFO - 🔍 OI value range for chunk 10: 79526.047 - 81218.343
2025-05-25 11:48:11,852 - data_collector.binance_api - INFO - 🔍 OI value in USD range: 8229354598.292432 - 8400518423.165699
2025-05-25 11:48:11,854 - data_collector.binance_api - INFO - 📊 OI Chunk 10: 12 points from 2025-05-14 20:47:41.490000
2025-05-25 11:48:12,867 - data_collector.binance_api - INFO - ✅ Total 120 OI points collected for BTCUSDT (10 chunks)
2025-05-25 11:48:12,868 - data_collector.binance_api - INFO - 📈 Final OI data summary for BTCUSDT:
2025-05-25 11:48:12,869 - data_collector.binance_api - INFO -    - OI range: 78466.358 - 87860.982
2025-05-25 11:48:12,871 - data_collector.binance_api - INFO -    - OI value range: 7538483829.593407 - 8704453066.243584
2025-05-25 11:48:12,872 - data_collector.binance_api - INFO -    - Date range: 2025-04-26 08:00:00 - 2025-05-16 12:00:00
2025-05-25 11:48:13,882 - data_collector.binance_api - INFO - 🔢 Requesting OI for ETHUSDT 1h: 2025-05-18 11:47:41.490000 - 2025-05-19 11:47:41.490000
2025-05-25 11:48:14,763 - data_collector.binance_api - INFO - 📊 Sample OI value: 1680692.135
2025-05-25 11:48:14,765 - data_collector.binance_api - INFO - 💰 Sample OI value (USDT): 4176503148.5536494
2025-05-25 11:48:14,767 - data_collector.binance_api - INFO - 🔍 Sample OI data for ETHUSDT: OI=1680692.135, Value=4176503148.5536494
2025-05-25 11:48:14,768 - data_collector.binance_api - INFO - ✅ Retrieved 24 OI points for ETHUSDT 1h
2025-05-25 11:48:14,770 - data_collector.binance_api - INFO - 🔍 OI value range for chunk 1: 1504214.863 - 1700974.436
2025-05-25 11:48:14,771 - data_collector.binance_api - INFO - 🔍 OI value in USD range: 3674014820.3332944 - 4279426890.2806063
2025-05-25 11:48:14,772 - data_collector.binance_api - INFO - 📊 OI Chunk 1: 24 points from 2025-05-18 11:47:41.490000
2025-05-25 11:48:15,776 - data_collector.binance_api - INFO - 🔢 Requesting OI for ETHUSDT 1h: 2025-05-19 12:47:41.490000 - 2025-05-20 12:47:41.490000
2025-05-25 11:48:16,656 - data_collector.binance_api - INFO - 📊 Sample OI value: 1560656.977
2025-05-25 11:48:16,658 - data_collector.binance_api - INFO - 💰 Sample OI value (USDT): 3711471042.4799104
2025-05-25 11:48:16,660 - data_collector.binance_api - INFO - 🔍 Sample OI data for ETHUSDT: OI=1560656.977, Value=3711471042.4799104
2025-05-25 11:48:16,662 - data_collector.binance_api - INFO - ✅ Retrieved 24 OI points for ETHUSDT 1h
2025-05-25 11:48:16,663 - data_collector.binance_api - INFO - 🔍 OI value range for chunk 2: 1555142.232 - 1715186.952
2025-05-25 11:48:16,664 - data_collector.binance_api - INFO - 🔍 OI value in USD range: 3659699382.265932 - 4402241600.990793
2025-05-25 11:48:16,665 - data_collector.binance_api - INFO - 📊 OI Chunk 2: 24 points from 2025-05-19 12:47:41.490000
2025-05-25 11:48:17,671 - data_collector.binance_api - INFO - 🔢 Requesting OI for ETHUSDT 1h: 2025-05-20 13:47:41.490000 - 2025-05-21 13:47:41.490000
2025-05-25 11:48:18,554 - data_collector.binance_api - INFO - 📊 Sample OI value: 1690864.801
2025-05-25 11:48:18,556 - data_collector.binance_api - INFO - 💰 Sample OI value (USDT): 4299125208.43056
2025-05-25 11:48:18,557 - data_collector.binance_api - INFO - 🔍 Sample OI data for ETHUSDT: OI=1690864.801, Value=4299125208.43056
2025-05-25 11:48:18,558 - data_collector.binance_api - INFO - ✅ Retrieved 24 OI points for ETHUSDT 1h
2025-05-25 11:48:18,558 - data_collector.binance_api - INFO - 🔍 OI value range for chunk 3: 1562212.499 - 1694008.477
2025-05-25 11:48:18,559 - data_collector.binance_api - INFO - 🔍 OI value in USD range: 3915877904.38 - 4299125208.43056
2025-05-25 11:48:18,560 - data_collector.binance_api - INFO - 📊 OI Chunk 3: 24 points from 2025-05-20 13:47:41.490000
2025-05-25 11:48:19,568 - data_collector.binance_api - INFO - 🔢 Requesting OI for ETHUSDT 1h: 2025-05-21 14:47:41.490000 - 2025-05-22 14:47:41.490000
2025-05-25 11:48:20,474 - data_collector.binance_api - INFO - 📊 Sample OI value: 1601088.022
2025-05-25 11:48:20,475 - data_collector.binance_api - INFO - 💰 Sample OI value (USDT): 4083927239.47584
2025-05-25 11:48:20,477 - data_collector.binance_api - INFO - 🔍 Sample OI data for ETHUSDT: OI=1601088.022, Value=4083927239.47584
2025-05-25 11:48:20,477 - data_collector.binance_api - INFO - ✅ Retrieved 24 OI points for ETHUSDT 1h
2025-05-25 11:48:20,478 - data_collector.binance_api - INFO - 🔍 OI value range for chunk 4: 1512865.032 - 1671607.07
2025-05-25 11:48:20,479 - data_collector.binance_api - INFO - 🔍 OI value in USD range: 3738428658.123857 - 4393351133.5154
2025-05-25 11:48:20,480 - data_collector.binance_api - INFO - 📊 OI Chunk 4: 24 points from 2025-05-21 14:47:41.490000
2025-05-25 11:48:21,486 - data_collector.binance_api - INFO - 🔢 Requesting OI for ETHUSDT 1h: 2025-05-22 15:47:41.490000 - 2025-05-23 15:47:41.490000
2025-05-25 11:48:22,349 - data_collector.binance_api - INFO - 📊 Sample OI value: 1703469.557
2025-05-25 11:48:22,350 - data_collector.binance_api - INFO - 💰 Sample OI value (USDT): 4536287032.095503
2025-05-25 11:48:22,353 - data_collector.binance_api - INFO - 🔍 Sample OI data for ETHUSDT: OI=1703469.557, Value=4536287032.095503
2025-05-25 11:48:22,354 - data_collector.binance_api - INFO - ✅ Retrieved 24 OI points for ETHUSDT 1h
2025-05-25 11:48:22,355 - data_collector.binance_api - INFO - 🔍 OI value range for chunk 5: 1684584.213 - 1773171.44
2025-05-25 11:48:22,356 - data_collector.binance_api - INFO - 🔍 OI value in USD range: 4443328738.5608 - 4825320037.771812
2025-05-25 11:48:22,357 - data_collector.binance_api - INFO - 📊 OI Chunk 5: 24 points from 2025-05-22 15:47:41.490000
2025-05-25 11:48:23,371 - data_collector.binance_api - INFO - 🔢 Requesting OI for ETHUSDT 1h: 2025-05-23 16:47:41.490000 - 2025-05-24 16:47:41.490000
2025-05-25 11:48:24,250 - data_collector.binance_api - INFO - 📊 Sample OI value: 1712063.089
2025-05-25 11:48:24,252 - data_collector.binance_api - INFO - 💰 Sample OI value (USDT): 4591342309.55664
2025-05-25 11:48:24,254 - data_collector.binance_api - INFO - 🔍 Sample OI data for ETHUSDT: OI=1712063.089, Value=4591342309.55664
2025-05-25 11:48:24,255 - data_collector.binance_api - INFO - ✅ Retrieved 24 OI points for ETHUSDT 1h
2025-05-25 11:48:24,256 - data_collector.binance_api - INFO - 🔍 OI value range for chunk 6: 1610509.719 - 1712063.089
2025-05-25 11:48:24,258 - data_collector.binance_api - INFO - 🔍 OI value in USD range: 4079821206.98996 - 4591342309.55664
2025-05-25 11:48:24,259 - data_collector.binance_api - INFO - 📊 OI Chunk 6: 24 points from 2025-05-23 16:47:41.490000
2025-05-25 11:48:25,272 - data_collector.binance_api - INFO - 🔢 Requesting OI for ETHUSDT 1h: 2025-05-24 17:47:41.490000 - 2025-05-25 11:47:41.490000
2025-05-25 11:48:26,180 - data_collector.binance_api - INFO - 📊 Sample OI value: 1651934.239
2025-05-25 11:48:26,182 - data_collector.binance_api - INFO - 💰 Sample OI value (USDT): 4243813800.0506706
2025-05-25 11:48:26,184 - data_collector.binance_api - INFO - 🔍 Sample OI data for ETHUSDT: OI=1651934.239, Value=4243813800.0506706
2025-05-25 11:48:26,185 - data_collector.binance_api - INFO - ✅ Retrieved 18 OI points for ETHUSDT 1h
2025-05-25 11:48:26,187 - data_collector.binance_api - INFO - 🔍 OI value range for chunk 7: 1620116.491 - 1662484.184
2025-05-25 11:48:26,188 - data_collector.binance_api - INFO - 🔍 OI value in USD range: 4032215180.6345263 - 4258918732.88752
2025-05-25 11:48:26,189 - data_collector.binance_api - INFO - 📊 OI Chunk 7: 18 points from 2025-05-24 17:47:41.490000
2025-05-25 11:48:27,199 - data_collector.binance_api - INFO - ✅ Total 162 OI points collected for ETHUSDT (7 chunks)
2025-05-25 11:48:27,200 - data_collector.binance_api - INFO - 📈 Final OI data summary for ETHUSDT:
2025-05-25 11:48:27,202 - data_collector.binance_api - INFO -    - OI range: 1504214.863 - 1773171.44
2025-05-25 11:48:27,203 - data_collector.binance_api - INFO -    - OI value range: 3659699382.265932 - 4825320037.771812
2025-05-25 11:48:27,204 - data_collector.binance_api - INFO -    - Date range: 2025-05-18 05:00:00 - 2025-05-25 04:00:00
2025-05-25 11:48:27,206 - data_collector.binance_api - INFO - 🔢 Requesting OI for ETHUSDT 4h: 2025-04-26 11:47:41.490000 - 2025-04-28 11:47:41.490000
2025-05-25 11:48:28,111 - data_collector.binance_api - INFO - 📊 Sample OI value: 1715650.236
2025-05-25 11:48:28,113 - data_collector.binance_api - INFO - 💰 Sample OI value (USDT): 3087346912.68672
2025-05-25 11:48:28,115 - data_collector.binance_api - INFO - 🔍 Sample OI data for ETHUSDT: OI=1715650.236, Value=3087346912.68672
2025-05-25 11:48:28,116 - data_collector.binance_api - INFO - ✅ Retrieved 12 OI points for ETHUSDT 4h
2025-05-25 11:48:28,118 - data_collector.binance_api - INFO - 🔍 OI value range for chunk 1: 1627406.705 - 1715650.236
2025-05-25 11:48:28,119 - data_collector.binance_api - INFO - 🔍 OI value in USD range: 2902200662.816656 - 3108212159.1364465
2025-05-25 11:48:28,120 - data_collector.binance_api - INFO - 📊 OI Chunk 1: 12 points from 2025-04-26 11:47:41.490000
2025-05-25 11:48:29,134 - data_collector.binance_api - INFO - 🔢 Requesting OI for ETHUSDT 4h: 2025-04-28 12:47:41.490000 - 2025-04-30 12:47:41.490000
2025-05-25 11:48:29,969 - data_collector.binance_api - INFO - 📊 Sample OI value: 1627227.401
2025-05-25 11:48:29,971 - data_collector.binance_api - INFO - 💰 Sample OI value (USDT): 2935453142.30796
2025-05-25 11:48:29,974 - data_collector.binance_api - INFO - 🔍 Sample OI data for ETHUSDT: OI=1627227.401, Value=2935453142.30796
2025-05-25 11:48:29,975 - data_collector.binance_api - INFO - ✅ Retrieved 12 OI points for ETHUSDT 4h
2025-05-25 11:48:29,976 - data_collector.binance_api - INFO - 🔍 OI value range for chunk 2: 1602346.991 - 1761544.951
2025-05-25 11:48:29,977 - data_collector.binance_api - INFO - 🔍 OI value in USD range: 2879874298.6627827 - 3221754779.0206227
2025-05-25 11:48:29,978 - data_collector.binance_api - INFO - 📊 OI Chunk 2: 12 points from 2025-04-28 12:47:41.490000
2025-05-25 11:48:30,985 - data_collector.binance_api - INFO - 🔢 Requesting OI for ETHUSDT 4h: 2025-04-30 13:47:41.490000 - 2025-05-02 13:47:41.490000
2025-05-25 11:48:31,852 - data_collector.binance_api - INFO - 📊 Sample OI value: 1624219.41
2025-05-25 11:48:31,853 - data_collector.binance_api - INFO - 💰 Sample OI value (USDT): 2916350919.4314
2025-05-25 11:48:31,855 - data_collector.binance_api - INFO - 🔍 Sample OI data for ETHUSDT: OI=1624219.41, Value=2916350919.4314
2025-05-25 11:48:31,855 - data_collector.binance_api - INFO - ✅ Retrieved 12 OI points for ETHUSDT 4h
2025-05-25 11:48:31,856 - data_collector.binance_api - INFO - 🔍 OI value range for chunk 3: 1624219.41 - 1798406.531
2025-05-25 11:48:31,857 - data_collector.binance_api - INFO - 🔍 OI value in USD range: 2916350919.4314 - 3317610448.06225
2025-05-25 11:48:31,858 - data_collector.binance_api - INFO - 📊 OI Chunk 3: 12 points from 2025-04-30 13:47:41.490000
2025-05-25 11:48:32,865 - data_collector.binance_api - INFO - 🔢 Requesting OI for ETHUSDT 4h: 2025-05-02 14:47:41.490000 - 2025-05-04 14:47:41.490000
2025-05-25 11:48:33,893 - data_collector.binance_api - INFO - 📊 Sample OI value: 1676066.577
2025-05-25 11:48:33,895 - data_collector.binance_api - INFO - 💰 Sample OI value (USDT): 3042456765.763699
2025-05-25 11:48:33,897 - data_collector.binance_api - INFO - 🔍 Sample OI data for ETHUSDT: OI=1676066.577, Value=3042456765.763699
2025-05-25 11:48:33,898 - data_collector.binance_api - INFO - ✅ Retrieved 12 OI points for ETHUSDT 4h
2025-05-25 11:48:33,900 - data_collector.binance_api - INFO - 🔍 OI value range for chunk 4: 1602618.324 - 1713774.761
2025-05-25 11:48:33,901 - data_collector.binance_api - INFO - 🔍 OI value in USD range: 2934778779.64176 - 3154013586.985487
2025-05-25 11:48:33,902 - data_collector.binance_api - INFO - 📊 OI Chunk 4: 12 points from 2025-05-02 14:47:41.490000
2025-05-25 11:48:34,918 - data_collector.binance_api - INFO - 🔢 Requesting OI for ETHUSDT 4h: 2025-05-04 15:47:41.490000 - 2025-05-06 15:47:41.490000
2025-05-25 11:48:35,816 - data_collector.binance_api - INFO - 📊 Sample OI value: 1606631.252
2025-05-25 11:48:35,818 - data_collector.binance_api - INFO - 💰 Sample OI value (USDT): 2934934936.7896166
2025-05-25 11:48:35,820 - data_collector.binance_api - INFO - 🔍 Sample OI data for ETHUSDT: OI=1606631.252, Value=2934934936.7896166
2025-05-25 11:48:35,821 - data_collector.binance_api - INFO - ✅ Retrieved 12 OI points for ETHUSDT 4h
2025-05-25 11:48:35,823 - data_collector.binance_api - INFO - 🔍 OI value range for chunk 5: 1581322.457 - 1615946.426
2025-05-25 11:48:35,824 - data_collector.binance_api - INFO - 🔍 OI value in USD range: 2855324795.077784 - 2945884563.1785
2025-05-25 11:48:35,825 - data_collector.binance_api - INFO - 📊 OI Chunk 5: 12 points from 2025-05-04 15:47:41.490000
2025-05-25 11:48:36,835 - data_collector.binance_api - INFO - 🔢 Requesting OI for ETHUSDT 4h: 2025-05-06 16:47:41.490000 - 2025-05-08 16:47:41.490000
2025-05-25 11:48:37,622 - data_collector.binance_api - INFO - 📊 Sample OI value: 1636816.617
2025-05-25 11:48:37,624 - data_collector.binance_api - INFO - 💰 Sample OI value (USDT): 2895786210.11199
2025-05-25 11:48:37,626 - data_collector.binance_api - INFO - 🔍 Sample OI data for ETHUSDT: OI=1636816.617, Value=2895786210.11199
2025-05-25 11:48:37,627 - data_collector.binance_api - INFO - ✅ Retrieved 12 OI points for ETHUSDT 4h
2025-05-25 11:48:37,628 - data_collector.binance_api - INFO - 🔍 OI value range for chunk 6: 1527935.661 - 1738583.601
2025-05-25 11:48:37,629 - data_collector.binance_api - INFO - 🔍 OI value in USD range: 2770591986.0895934 - 3351395867.48158
2025-05-25 11:48:37,630 - data_collector.binance_api - INFO - 📊 OI Chunk 6: 12 points from 2025-05-06 16:47:41.490000
2025-05-25 11:48:38,633 - data_collector.binance_api - INFO - 🔢 Requesting OI for ETHUSDT 4h: 2025-05-08 17:47:41.490000 - 2025-05-10 17:47:41.490000
2025-05-25 11:48:39,449 - data_collector.binance_api - INFO - 📊 Sample OI value: 1726477.694
2025-05-25 11:48:39,450 - data_collector.binance_api - INFO - 💰 Sample OI value (USDT): 3378568764.887235
2025-05-25 11:48:39,452 - data_collector.binance_api - INFO - 🔍 Sample OI data for ETHUSDT: OI=1726477.694, Value=3378568764.887235
2025-05-25 11:48:39,452 - data_collector.binance_api - INFO - ✅ Retrieved 12 OI points for ETHUSDT 4h
2025-05-25 11:48:39,453 - data_collector.binance_api - INFO - 🔍 OI value range for chunk 7: 1726477.694 - 1848428.406
2025-05-25 11:48:39,454 - data_collector.binance_api - INFO - 🔍 OI value in USD range: 3378568764.887235 - 4370091406.03332
2025-05-25 11:48:39,455 - data_collector.binance_api - INFO - 📊 OI Chunk 7: 12 points from 2025-05-08 17:47:41.490000
2025-05-25 11:48:40,462 - data_collector.binance_api - INFO - 🔢 Requesting OI for ETHUSDT 4h: 2025-05-10 18:47:41.490000 - 2025-05-12 18:47:41.490000
2025-05-25 11:48:41,333 - data_collector.binance_api - INFO - 📊 Sample OI value: 1753986.605
2025-05-25 11:48:41,334 - data_collector.binance_api - INFO - 💰 Sample OI value (USDT): 4181223428.4632
2025-05-25 11:48:41,337 - data_collector.binance_api - INFO - 🔍 Sample OI data for ETHUSDT: OI=1753986.605, Value=4181223428.4632
2025-05-25 11:48:41,338 - data_collector.binance_api - INFO - ✅ Retrieved 12 OI points for ETHUSDT 4h
2025-05-25 11:48:41,339 - data_collector.binance_api - INFO - 🔍 OI value range for chunk 8: 1699054.537 - 1815091.531
2025-05-25 11:48:41,340 - data_collector.binance_api - INFO - 🔍 OI value in USD range: 4181223428.4632 - 4688506152.308491
2025-05-25 11:48:41,341 - data_collector.binance_api - INFO - 📊 OI Chunk 8: 12 points from 2025-05-10 18:47:41.490000
2025-05-25 11:48:42,345 - data_collector.binance_api - INFO - 🔢 Requesting OI for ETHUSDT 4h: 2025-05-12 19:47:41.490000 - 2025-05-14 19:47:41.490000
2025-05-25 11:48:43,231 - data_collector.binance_api - INFO - 📊 Sample OI value: 1755959.676
2025-05-25 11:48:43,233 - data_collector.binance_api - INFO - 💰 Sample OI value (USDT): 4366351770.74484
2025-05-25 11:48:43,234 - data_collector.binance_api - INFO - 🔍 Sample OI data for ETHUSDT: OI=1755959.676, Value=4366351770.74484
2025-05-25 11:48:43,235 - data_collector.binance_api - INFO - ✅ Retrieved 12 OI points for ETHUSDT 4h
2025-05-25 11:48:43,236 - data_collector.binance_api - INFO - 🔍 OI value range for chunk 9: 1709952.293 - 1818035.094
2025-05-25 11:48:43,237 - data_collector.binance_api - INFO - 🔍 OI value in USD range: 4145368945.82818 - 4885007480.997911
2025-05-25 11:48:43,238 - data_collector.binance_api - INFO - 📊 OI Chunk 9: 12 points from 2025-05-12 19:47:41.490000
2025-05-25 11:48:44,242 - data_collector.binance_api - INFO - 🔢 Requesting OI for ETHUSDT 4h: 2025-05-14 20:47:41.490000 - 2025-05-16 20:47:41.490000
2025-05-25 11:48:45,151 - data_collector.binance_api - INFO - 📊 Sample OI value: 1745478.1
2025-05-25 11:48:45,153 - data_collector.binance_api - INFO - 💰 Sample OI value (USDT): 4531749881.468
2025-05-25 11:48:45,154 - data_collector.binance_api - INFO - 🔍 Sample OI data for ETHUSDT: OI=1745478.1, Value=4531749881.468
2025-05-25 11:48:45,155 - data_collector.binance_api - INFO - ✅ Retrieved 12 OI points for ETHUSDT 4h
2025-05-25 11:48:45,156 - data_collector.binance_api - INFO - 🔍 OI value range for chunk 10: 1717471.175 - 1858085.838
2025-05-25 11:48:45,157 - data_collector.binance_api - INFO - 🔍 OI value in USD range: 4391622970.703823 - 4868166314.70162
2025-05-25 11:48:45,157 - data_collector.binance_api - INFO - 📊 OI Chunk 10: 12 points from 2025-05-14 20:47:41.490000
2025-05-25 11:48:46,167 - data_collector.binance_api - INFO - ✅ Total 120 OI points collected for ETHUSDT (10 chunks)
2025-05-25 11:48:46,168 - data_collector.binance_api - INFO - 📈 Final OI data summary for ETHUSDT:
2025-05-25 11:48:46,170 - data_collector.binance_api - INFO -    - OI range: 1527935.661 - 1858085.838
2025-05-25 11:48:46,171 - data_collector.binance_api - INFO -    - OI value range: 2770591986.0895934 - 4885007480.997911
2025-05-25 11:48:46,173 - data_collector.binance_api - INFO -    - Date range: 2025-04-26 08:00:00 - 2025-05-16 12:00:00
2025-05-25 11:48:47,181 - data_collector.binance_api - INFO - 🔢 Requesting OI for BNBUSDT 1h: 2025-05-18 11:47:41.490000 - 2025-05-19 11:47:41.490000
2025-05-25 11:48:48,078 - data_collector.binance_api - INFO - 📊 Sample OI value: 503778.61
2025-05-25 11:48:48,080 - data_collector.binance_api - INFO - 💰 Sample OI value (USDT): 323914532.8717
2025-05-25 11:48:48,083 - data_collector.binance_api - INFO - 🔍 Sample OI data for BNBUSDT: OI=503778.61, Value=323914532.8717
2025-05-25 11:48:48,084 - data_collector.binance_api - INFO - ✅ Retrieved 24 OI points for BNBUSDT 1h
2025-05-25 11:48:48,085 - data_collector.binance_api - INFO - 🔍 OI value range for chunk 1: 499858.94 - 507481.26
2025-05-25 11:48:48,087 - data_collector.binance_api - INFO - 🔍 OI value in USD range: 320063959.8 - 331007719.8831
2025-05-25 11:48:48,088 - data_collector.binance_api - INFO - 📊 OI Chunk 1: 24 points from 2025-05-18 11:47:41.490000
2025-05-25 11:48:49,096 - data_collector.binance_api - INFO - 🔢 Requesting OI for BNBUSDT 1h: 2025-05-19 12:47:41.490000 - 2025-05-20 12:47:41.490000
2025-05-25 11:48:49,965 - data_collector.binance_api - INFO - 📊 Sample OI value: 503033.73
2025-05-25 11:48:49,966 - data_collector.binance_api - INFO - 💰 Sample OI value (USDT): 321044822.4954849
2025-05-25 11:48:49,969 - data_collector.binance_api - INFO - 🔍 Sample OI data for BNBUSDT: OI=503033.73, Value=321044822.4954849
2025-05-25 11:48:49,970 - data_collector.binance_api - INFO - ✅ Retrieved 24 OI points for BNBUSDT 1h
2025-05-25 11:48:49,971 - data_collector.binance_api - INFO - 🔍 OI value range for chunk 2: 494595.5 - 503033.73
2025-05-25 11:48:49,973 - data_collector.binance_api - INFO - 🔍 OI value in USD range: 315879449.454 - 327055826.8546779
2025-05-25 11:48:49,974 - data_collector.binance_api - INFO - 📊 OI Chunk 2: 24 points from 2025-05-19 12:47:41.490000
2025-05-25 11:48:50,983 - data_collector.binance_api - INFO - 🔢 Requesting OI for BNBUSDT 1h: 2025-05-20 13:47:41.490000 - 2025-05-21 13:47:41.490000
2025-05-25 11:48:51,827 - data_collector.binance_api - INFO - 📊 Sample OI value: 505373.52
2025-05-25 11:48:51,829 - data_collector.binance_api - INFO - 💰 Sample OI value (USDT): 328806119.5824
2025-05-25 11:48:51,830 - data_collector.binance_api - INFO - 🔍 Sample OI data for BNBUSDT: OI=505373.52, Value=328806119.5824
2025-05-25 11:48:51,832 - data_collector.binance_api - INFO - ✅ Retrieved 24 OI points for BNBUSDT 1h
2025-05-25 11:48:51,832 - data_collector.binance_api - INFO - 🔍 OI value range for chunk 3: 496082.21 - 520144.31
2025-05-25 11:48:51,834 - data_collector.binance_api - INFO - 🔍 OI value in USD range: 322472162.84938246 - 344033723.281176
2025-05-25 11:48:51,835 - data_collector.binance_api - INFO - 📊 OI Chunk 3: 24 points from 2025-05-20 13:47:41.490000
2025-05-25 11:48:52,836 - data_collector.binance_api - INFO - 🔢 Requesting OI for BNBUSDT 1h: 2025-05-21 14:47:41.490000 - 2025-05-22 14:47:41.490000
2025-05-25 11:48:53,703 - data_collector.binance_api - INFO - 📊 Sample OI value: 509541.91
2025-05-25 11:48:53,705 - data_collector.binance_api - INFO - 💰 Sample OI value (USDT): 332805088.07274026
2025-05-25 11:48:53,708 - data_collector.binance_api - INFO - 🔍 Sample OI data for BNBUSDT: OI=509541.91, Value=332805088.07274026
2025-05-25 11:48:53,709 - data_collector.binance_api - INFO - ✅ Retrieved 24 OI points for BNBUSDT 1h
2025-05-25 11:48:53,710 - data_collector.binance_api - INFO - 🔍 OI value range for chunk 4: 501014.39 - 537898.84
2025-05-25 11:48:53,712 - data_collector.binance_api - INFO - 🔍 OI value in USD range: 327722456.8872 - 366966062.60132414
2025-05-25 11:48:53,713 - data_collector.binance_api - INFO - 📊 OI Chunk 4: 24 points from 2025-05-21 14:47:41.490000
2025-05-25 11:48:54,714 - data_collector.binance_api - INFO - 🔢 Requesting OI for BNBUSDT 1h: 2025-05-22 15:47:41.490000 - 2025-05-23 15:47:41.490000
2025-05-25 11:48:55,594 - data_collector.binance_api - INFO - 📊 Sample OI value: 532164.95
2025-05-25 11:48:55,595 - data_collector.binance_api - INFO - 💰 Sample OI value (USDT): 363666533.77966976
2025-05-25 11:48:55,597 - data_collector.binance_api - INFO - 🔍 Sample OI data for BNBUSDT: OI=532164.95, Value=363666533.77966976
2025-05-25 11:48:55,597 - data_collector.binance_api - INFO - ✅ Retrieved 24 OI points for BNBUSDT 1h
2025-05-25 11:48:55,598 - data_collector.binance_api - INFO - 🔍 OI value range for chunk 5: 526284.77 - 537130.06
2025-05-25 11:48:55,599 - data_collector.binance_api - INFO - 🔍 OI value in USD range: 358975704.7071541 - 368320824.7432
2025-05-25 11:48:55,600 - data_collector.binance_api - INFO - 📊 OI Chunk 5: 24 points from 2025-05-22 15:47:41.490000
2025-05-25 11:48:56,614 - data_collector.binance_api - INFO - 🔢 Requesting OI for BNBUSDT 1h: 2025-05-23 16:47:41.490000 - 2025-05-24 16:47:41.490000
2025-05-25 11:48:57,508 - data_collector.binance_api - INFO - 📊 Sample OI value: 531556.18
2025-05-25 11:48:57,510 - data_collector.binance_api - INFO - 💰 Sample OI value (USDT): 365237566.8398
2025-05-25 11:48:57,513 - data_collector.binance_api - INFO - 🔍 Sample OI data for BNBUSDT: OI=531556.18, Value=365237566.8398
2025-05-25 11:48:57,514 - data_collector.binance_api - INFO - ✅ Retrieved 24 OI points for BNBUSDT 1h
2025-05-25 11:48:57,515 - data_collector.binance_api - INFO - 🔍 OI value range for chunk 6: 525453.28 - 537196.28
2025-05-25 11:48:57,516 - data_collector.binance_api - INFO - 🔍 OI value in USD range: 348720187.0875 - 365237566.8398
2025-05-25 11:48:57,517 - data_collector.binance_api - INFO - 📊 OI Chunk 6: 24 points from 2025-05-23 16:47:41.490000
2025-05-25 11:48:58,528 - data_collector.binance_api - INFO - 🔢 Requesting OI for BNBUSDT 1h: 2025-05-24 17:47:41.490000 - 2025-05-25 11:47:41.490000
2025-05-25 11:48:59,403 - data_collector.binance_api - INFO - 📊 Sample OI value: 545038.88
2025-05-25 11:48:59,405 - data_collector.binance_api - INFO - 💰 Sample OI value (USDT): 368711637.27158594
2025-05-25 11:48:59,407 - data_collector.binance_api - INFO - 🔍 Sample OI data for BNBUSDT: OI=545038.88, Value=368711637.27158594
2025-05-25 11:48:59,409 - data_collector.binance_api - INFO - ✅ Retrieved 18 OI points for BNBUSDT 1h
2025-05-25 11:48:59,410 - data_collector.binance_api - INFO - 🔍 OI value range for chunk 7: 540707.0 - 549879.17
2025-05-25 11:48:59,411 - data_collector.binance_api - INFO - 🔍 OI value in USD range: 361735575.60509807 - 368964815.4017992
2025-05-25 11:48:59,412 - data_collector.binance_api - INFO - 📊 OI Chunk 7: 18 points from 2025-05-24 17:47:41.490000
2025-05-25 11:49:00,423 - data_collector.binance_api - INFO - ✅ Total 162 OI points collected for BNBUSDT (7 chunks)
2025-05-25 11:49:00,425 - data_collector.binance_api - INFO - 📈 Final OI data summary for BNBUSDT:
2025-05-25 11:49:00,426 - data_collector.binance_api - INFO -    - OI range: 494595.5 - 549879.17
2025-05-25 11:49:00,427 - data_collector.binance_api - INFO -    - OI value range: 315879449.454 - 368964815.4017992
2025-05-25 11:49:00,429 - data_collector.binance_api - INFO -    - Date range: 2025-05-18 05:00:00 - 2025-05-25 04:00:00
2025-05-25 11:49:00,431 - data_collector.binance_api - INFO - 🔢 Requesting OI for BNBUSDT 4h: 2025-04-26 11:47:41.490000 - 2025-04-28 11:47:41.490000
2025-05-25 11:49:01,313 - data_collector.binance_api - INFO - 📊 Sample OI value: 480825.04
2025-05-25 11:49:01,314 - data_collector.binance_api - INFO - 💰 Sample OI value (USDT): 289504756.584
2025-05-25 11:49:01,316 - data_collector.binance_api - INFO - 🔍 Sample OI data for BNBUSDT: OI=480825.04, Value=289504756.584
2025-05-25 11:49:01,316 - data_collector.binance_api - INFO - ✅ Retrieved 12 OI points for BNBUSDT 4h
2025-05-25 11:49:01,317 - data_collector.binance_api - INFO - 🔍 OI value range for chunk 1: 476050.99 - 489028.09
2025-05-25 11:49:01,318 - data_collector.binance_api - INFO - 🔍 OI value in USD range: 286797046.7309093 - 297436648.1799296
2025-05-25 11:49:01,319 - data_collector.binance_api - INFO - 📊 OI Chunk 1: 12 points from 2025-04-26 11:47:41.490000
2025-05-25 11:49:02,334 - data_collector.binance_api - INFO - 🔢 Requesting OI for BNBUSDT 4h: 2025-04-28 12:47:41.490000 - 2025-04-30 12:47:41.490000
2025-05-25 11:49:03,241 - data_collector.binance_api - INFO - 📊 Sample OI value: 478039.26
2025-05-25 11:49:03,242 - data_collector.binance_api - INFO - 💰 Sample OI value (USDT): 289357804.82270247
2025-05-25 11:49:03,244 - data_collector.binance_api - INFO - 🔍 Sample OI data for BNBUSDT: OI=478039.26, Value=289357804.82270247
2025-05-25 11:49:03,244 - data_collector.binance_api - INFO - ✅ Retrieved 12 OI points for BNBUSDT 4h
2025-05-25 11:49:03,245 - data_collector.binance_api - INFO - 🔍 OI value range for chunk 2: 466651.96 - 484455.69
2025-05-25 11:49:03,246 - data_collector.binance_api - INFO - 🔍 OI value in USD range: 282728377.0836 - 295329033.1809
2025-05-25 11:49:03,247 - data_collector.binance_api - INFO - 📊 OI Chunk 2: 12 points from 2025-04-28 12:47:41.490000
2025-05-25 11:49:04,250 - data_collector.binance_api - INFO - 🔢 Requesting OI for BNBUSDT 4h: 2025-04-30 13:47:41.490000 - 2025-05-02 13:47:41.490000
2025-05-25 11:49:05,216 - data_collector.binance_api - INFO - 📊 Sample OI value: 470081.22
2025-05-25 11:49:05,218 - data_collector.binance_api - INFO - 💰 Sample OI value (USDT): 283346156.1672
2025-05-25 11:49:05,221 - data_collector.binance_api - INFO - 🔍 Sample OI data for BNBUSDT: OI=470081.22, Value=283346156.1672
2025-05-25 11:49:05,222 - data_collector.binance_api - INFO - ✅ Retrieved 12 OI points for BNBUSDT 4h
2025-05-25 11:49:05,223 - data_collector.binance_api - INFO - 🔍 OI value range for chunk 3: 462098.02 - 474470.71
2025-05-25 11:49:05,225 - data_collector.binance_api - INFO - 🔍 OI value in USD range: 277098783.75888985 - 284510319.7192
2025-05-25 11:49:05,226 - data_collector.binance_api - INFO - 📊 OI Chunk 3: 12 points from 2025-04-30 13:47:41.490000
2025-05-25 11:49:06,229 - data_collector.binance_api - INFO - 🔢 Requesting OI for BNBUSDT 4h: 2025-05-02 14:47:41.490000 - 2025-05-04 14:47:41.490000
2025-05-25 11:49:07,111 - data_collector.binance_api - INFO - 📊 Sample OI value: 472923.04
2025-05-25 11:49:07,113 - data_collector.binance_api - INFO - 💰 Sample OI value (USDT): 281490947.77829075
2025-05-25 11:49:07,115 - data_collector.binance_api - INFO - 🔍 Sample OI data for BNBUSDT: OI=472923.04, Value=281490947.77829075
2025-05-25 11:49:07,116 - data_collector.binance_api - INFO - ✅ Retrieved 12 OI points for BNBUSDT 4h
2025-05-25 11:49:07,118 - data_collector.binance_api - INFO - 🔍 OI value range for chunk 4: 457598.96 - 472923.04
2025-05-25 11:49:07,119 - data_collector.binance_api - INFO - 🔍 OI value in USD range: 274130458.06153566 - 281490947.77829075
2025-05-25 11:49:07,120 - data_collector.binance_api - INFO - 📊 OI Chunk 4: 12 points from 2025-05-02 14:47:41.490000
2025-05-25 11:49:08,136 - data_collector.binance_api - INFO - 🔢 Requesting OI for BNBUSDT 4h: 2025-05-04 15:47:41.490000 - 2025-05-06 15:47:41.490000
2025-05-25 11:49:08,996 - data_collector.binance_api - INFO - 📊 Sample OI value: 476352.13
2025-05-25 11:49:08,998 - data_collector.binance_api - INFO - 💰 Sample OI value (USDT): 282748333.8041
2025-05-25 11:49:09,000 - data_collector.binance_api - INFO - 🔍 Sample OI data for BNBUSDT: OI=476352.13, Value=282748333.8041
2025-05-25 11:49:09,002 - data_collector.binance_api - INFO - ✅ Retrieved 12 OI points for BNBUSDT 4h
2025-05-25 11:49:09,003 - data_collector.binance_api - INFO - 🔍 OI value range for chunk 5: 455917.6 - 504569.39
2025-05-25 11:49:09,004 - data_collector.binance_api - INFO - 🔍 OI value in USD range: 272269431.544 - 296675509.00659484
2025-05-25 11:49:09,005 - data_collector.binance_api - INFO - 📊 OI Chunk 5: 12 points from 2025-05-04 15:47:41.490000
2025-05-25 11:49:10,008 - data_collector.binance_api - INFO - 🔢 Requesting OI for BNBUSDT 4h: 2025-05-06 16:47:41.490000 - 2025-05-08 16:47:41.490000
2025-05-25 11:49:10,878 - data_collector.binance_api - INFO - 📊 Sample OI value: 466820.82
2025-05-25 11:49:10,880 - data_collector.binance_api - INFO - 💰 Sample OI value (USDT): 277403722.0891033
2025-05-25 11:49:10,882 - data_collector.binance_api - INFO - 🔍 Sample OI data for BNBUSDT: OI=466820.82, Value=277403722.0891033
2025-05-25 11:49:10,883 - data_collector.binance_api - INFO - ✅ Retrieved 12 OI points for BNBUSDT 4h
2025-05-25 11:49:10,885 - data_collector.binance_api - INFO - 🔍 OI value range for chunk 6: 466820.82 - 497409.02
2025-05-25 11:49:10,886 - data_collector.binance_api - INFO - 🔍 OI value in USD range: 277403722.0891033 - 304944321.3195074
2025-05-25 11:49:10,887 - data_collector.binance_api - INFO - 📊 OI Chunk 6: 12 points from 2025-05-06 16:47:41.490000
2025-05-25 11:49:11,899 - data_collector.binance_api - INFO - 🔢 Requesting OI for BNBUSDT 4h: 2025-05-08 17:47:41.490000 - 2025-05-10 17:47:41.490000
2025-05-25 11:49:12,846 - data_collector.binance_api - INFO - 📊 Sample OI value: 509180.1
2025-05-25 11:49:12,848 - data_collector.binance_api - INFO - 💰 Sample OI value (USDT): 312651856.803
2025-05-25 11:49:12,851 - data_collector.binance_api - INFO - 🔍 Sample OI data for BNBUSDT: OI=509180.1, Value=312651856.803
2025-05-25 11:49:12,852 - data_collector.binance_api - INFO - ✅ Retrieved 12 OI points for BNBUSDT 4h
2025-05-25 11:49:12,853 - data_collector.binance_api - INFO - 🔍 OI value range for chunk 7: 498538.45 - 518253.96
2025-05-25 11:49:12,854 - data_collector.binance_api - INFO - 🔍 OI value in USD range: 311610469.89171576 - 342512251.1604
2025-05-25 11:49:12,855 - data_collector.binance_api - INFO - 📊 OI Chunk 7: 12 points from 2025-05-08 17:47:41.490000
2025-05-25 11:49:13,866 - data_collector.binance_api - INFO - 🔢 Requesting OI for BNBUSDT 4h: 2025-05-10 18:47:41.490000 - 2025-05-12 18:47:41.490000
2025-05-25 11:49:14,740 - data_collector.binance_api - INFO - 📊 Sample OI value: 519230.79
2025-05-25 11:49:14,742 - data_collector.binance_api - INFO - 💰 Sample OI value (USDT): 337127342.7658624
2025-05-25 11:49:14,745 - data_collector.binance_api - INFO - 🔍 Sample OI data for BNBUSDT: OI=519230.79, Value=337127342.7658624
2025-05-25 11:49:14,746 - data_collector.binance_api - INFO - ✅ Retrieved 12 OI points for BNBUSDT 4h
2025-05-25 11:49:14,747 - data_collector.binance_api - INFO - 🔍 OI value range for chunk 8: 495372.23 - 519666.1
2025-05-25 11:49:14,748 - data_collector.binance_api - INFO - 🔍 OI value in USD range: 327614657.2493837 - 345115453.671
2025-05-25 11:49:14,749 - data_collector.binance_api - INFO - 📊 OI Chunk 8: 12 points from 2025-05-10 18:47:41.490000
2025-05-25 11:49:15,759 - data_collector.binance_api - INFO - 🔢 Requesting OI for BNBUSDT 4h: 2025-05-12 19:47:41.490000 - 2025-05-14 19:47:41.490000
2025-05-25 11:49:16,636 - data_collector.binance_api - INFO - 📊 Sample OI value: 522264.85
2025-05-25 11:49:16,637 - data_collector.binance_api - INFO - 💰 Sample OI value (USDT): 346777084.2433678
2025-05-25 11:49:16,640 - data_collector.binance_api - INFO - 🔍 Sample OI data for BNBUSDT: OI=522264.85, Value=346777084.2433678
2025-05-25 11:49:16,640 - data_collector.binance_api - INFO - ✅ Retrieved 12 OI points for BNBUSDT 4h
2025-05-25 11:49:16,641 - data_collector.binance_api - INFO - 🔍 OI value range for chunk 9: 503273.58 - 523167.08
2025-05-25 11:49:16,642 - data_collector.binance_api - INFO - 🔍 OI value in USD range: 331476110.7312 - 346777084.2433678
2025-05-25 11:49:16,642 - data_collector.binance_api - INFO - 📊 OI Chunk 9: 12 points from 2025-05-12 19:47:41.490000
2025-05-25 11:49:17,648 - data_collector.binance_api - INFO - 🔢 Requesting OI for BNBUSDT 4h: 2025-05-14 20:47:41.490000 - 2025-05-16 20:47:41.490000
2025-05-25 11:49:18,511 - data_collector.binance_api - INFO - 📊 Sample OI value: 507804.23
2025-05-25 11:49:18,513 - data_collector.binance_api - INFO - 💰 Sample OI value (USDT): 331292714.4084535
2025-05-25 11:49:18,514 - data_collector.binance_api - INFO - 🔍 Sample OI data for BNBUSDT: OI=507804.23, Value=331292714.4084535
2025-05-25 11:49:18,515 - data_collector.binance_api - INFO - ✅ Retrieved 12 OI points for BNBUSDT 4h
2025-05-25 11:49:18,516 - data_collector.binance_api - INFO - 🔍 OI value range for chunk 10: 505506.23 - 519052.1
2025-05-25 11:49:18,517 - data_collector.binance_api - INFO - 🔍 OI value in USD range: 327806011.2951 - 340425510.306
2025-05-25 11:49:18,517 - data_collector.binance_api - INFO - 📊 OI Chunk 10: 12 points from 2025-05-14 20:47:41.490000
2025-05-25 11:49:19,525 - data_collector.binance_api - INFO - ✅ Total 120 OI points collected for BNBUSDT (10 chunks)
2025-05-25 11:49:19,526 - data_collector.binance_api - INFO - 📈 Final OI data summary for BNBUSDT:
2025-05-25 11:49:19,527 - data_collector.binance_api - INFO -    - OI range: 455917.6 - 523167.08
2025-05-25 11:49:19,528 - data_collector.binance_api - INFO -    - OI value range: 272269431.544 - 346777084.2433678
2025-05-25 11:49:19,529 - data_collector.binance_api - INFO -    - Date range: 2025-04-26 08:00:00 - 2025-05-16 12:00:00
2025-05-25 11:49:20,543 - data_collector.binance_api - INFO - 🔢 Requesting OI for SOLUSDT 1h: 2025-05-18 11:47:41.490000 - 2025-05-19 11:47:41.490000
2025-05-25 11:49:21,337 - data_collector.binance_api - INFO - 📊 Sample OI value: 7696214.98
2025-05-25 11:49:21,338 - data_collector.binance_api - INFO - 💰 Sample OI value (USDT): 1296462910.479428
2025-05-25 11:49:21,340 - data_collector.binance_api - INFO - 🔍 Sample OI data for SOLUSDT: OI=7696214.98, Value=1296462910.479428
2025-05-25 11:49:21,341 - data_collector.binance_api - INFO - ✅ Retrieved 24 OI points for SOLUSDT 1h
2025-05-25 11:49:21,342 - data_collector.binance_api - INFO - 🔍 OI value range for chunk 1: 7266761.67 - 7717865.11
2025-05-25 11:49:21,343 - data_collector.binance_api - INFO - 🔍 OI value in USD range: 1224956025.4372 - 1356536048.1525283
2025-05-25 11:49:21,343 - data_collector.binance_api - INFO - 📊 OI Chunk 1: 24 points from 2025-05-18 11:47:41.490000
2025-05-25 11:49:22,353 - data_collector.binance_api - INFO - 🔢 Requesting OI for SOLUSDT 1h: 2025-05-19 12:47:41.490000 - 2025-05-20 12:47:41.490000
2025-05-25 11:49:23,143 - data_collector.binance_api - INFO - 📊 Sample OI value: 7465933.82
2025-05-25 11:49:23,145 - data_collector.binance_api - INFO - 💰 Sample OI value (USDT): 1213994010.1266437
2025-05-25 11:49:23,148 - data_collector.binance_api - INFO - 🔍 Sample OI data for SOLUSDT: OI=7465933.82, Value=1213994010.1266437
2025-05-25 11:49:23,149 - data_collector.binance_api - INFO - ✅ Retrieved 24 OI points for SOLUSDT 1h
2025-05-25 11:49:23,150 - data_collector.binance_api - INFO - 🔍 OI value range for chunk 2: 7070083.7 - 7599812.85
2025-05-25 11:49:23,151 - data_collector.binance_api - INFO - 🔍 OI value in USD range: 1170814990.9480066 - 1238770405.1806622
2025-05-25 11:49:23,152 - data_collector.binance_api - INFO - 📊 OI Chunk 2: 24 points from 2025-05-19 12:47:41.490000
2025-05-25 11:49:24,163 - data_collector.binance_api - INFO - 🔢 Requesting OI for SOLUSDT 1h: 2025-05-20 13:47:41.490000 - 2025-05-21 13:47:41.490000
2025-05-25 11:49:25,046 - data_collector.binance_api - INFO - 📊 Sample OI value: 7157043.22
2025-05-25 11:49:25,048 - data_collector.binance_api - INFO - 💰 Sample OI value (USDT): 1204745085.2226
2025-05-25 11:49:25,050 - data_collector.binance_api - INFO - 🔍 Sample OI data for SOLUSDT: OI=7157043.22, Value=1204745085.2226
2025-05-25 11:49:25,051 - data_collector.binance_api - INFO - ✅ Retrieved 24 OI points for SOLUSDT 1h
2025-05-25 11:49:25,053 - data_collector.binance_api - INFO - 🔍 OI value range for chunk 3: 7033484.38 - 7326683.19
2025-05-25 11:49:25,054 - data_collector.binance_api - INFO - 🔍 OI value in USD range: 1181414371.3086 - 1221242066.6384685
2025-05-25 11:49:25,055 - data_collector.binance_api - INFO - 📊 OI Chunk 3: 24 points from 2025-05-20 13:47:41.490000
2025-05-25 11:49:26,062 - data_collector.binance_api - INFO - 🔢 Requesting OI for SOLUSDT 1h: 2025-05-21 14:47:41.490000 - 2025-05-22 14:47:41.490000
2025-05-25 11:49:26,960 - data_collector.binance_api - INFO - 📊 Sample OI value: 7111077.1
2025-05-25 11:49:26,962 - data_collector.binance_api - INFO - 💰 Sample OI value (USDT): 1200065371.396
2025-05-25 11:49:26,964 - data_collector.binance_api - INFO - 🔍 Sample OI data for SOLUSDT: OI=7111077.1, Value=1200065371.396
2025-05-25 11:49:26,964 - data_collector.binance_api - INFO - ✅ Retrieved 24 OI points for SOLUSDT 1h
2025-05-25 11:49:26,965 - data_collector.binance_api - INFO - 🔍 OI value range for chunk 4: 6961781.69 - 7368099.0
2025-05-25 11:49:26,966 - data_collector.binance_api - INFO - 🔍 OI value in USD range: 1183850976.3845 - 1297638302.1795
2025-05-25 11:49:26,966 - data_collector.binance_api - INFO - 📊 OI Chunk 4: 24 points from 2025-05-21 14:47:41.490000
2025-05-25 11:49:27,967 - data_collector.binance_api - INFO - 🔢 Requesting OI for SOLUSDT 1h: 2025-05-22 15:47:41.490000 - 2025-05-23 15:47:41.490000
2025-05-25 11:49:28,850 - data_collector.binance_api - INFO - 📊 Sample OI value: 7674617.09
2025-05-25 11:49:28,853 - data_collector.binance_api - INFO - 💰 Sample OI value (USDT): 1379642112.8258264
2025-05-25 11:49:28,855 - data_collector.binance_api - INFO - 🔍 Sample OI data for SOLUSDT: OI=7674617.09, Value=1379642112.8258264
2025-05-25 11:49:28,856 - data_collector.binance_api - INFO - ✅ Retrieved 24 OI points for SOLUSDT 1h
2025-05-25 11:49:28,857 - data_collector.binance_api - INFO - 🔍 OI value range for chunk 5: 7566071.33 - 7871142.12
2025-05-25 11:49:28,859 - data_collector.binance_api - INFO - 🔍 OI value in USD range: 1346836357.4533 - 1455944169.4995196
2025-05-25 11:49:28,860 - data_collector.binance_api - INFO - 📊 OI Chunk 5: 24 points from 2025-05-22 15:47:41.490000
2025-05-25 11:49:29,866 - data_collector.binance_api - INFO - 🔢 Requesting OI for SOLUSDT 1h: 2025-05-23 16:47:41.490000 - 2025-05-24 16:47:41.490000
2025-05-25 11:49:30,769 - data_collector.binance_api - INFO - 📊 Sample OI value: 8033226.5
2025-05-25 11:49:30,771 - data_collector.binance_api - INFO - 💰 Sample OI value (USDT): 1500446045.67
2025-05-25 11:49:30,773 - data_collector.binance_api - INFO - 🔍 Sample OI data for SOLUSDT: OI=8033226.5, Value=1500446045.67
2025-05-25 11:49:30,774 - data_collector.binance_api - INFO - ✅ Retrieved 24 OI points for SOLUSDT 1h
2025-05-25 11:49:30,776 - data_collector.binance_api - INFO - 🔍 OI value range for chunk 6: 7476779.69 - 8039703.44
2025-05-25 11:49:30,777 - data_collector.binance_api - INFO - 🔍 OI value in USD range: 1300432710.508 - 1500446045.67
2025-05-25 11:49:30,778 - data_collector.binance_api - INFO - 📊 OI Chunk 6: 24 points from 2025-05-23 16:47:41.490000
2025-05-25 11:49:31,793 - data_collector.binance_api - INFO - 🔢 Requesting OI for SOLUSDT 1h: 2025-05-24 17:47:41.490000 - 2025-05-25 11:47:41.490000
2025-05-25 11:49:32,690 - data_collector.binance_api - INFO - 📊 Sample OI value: 7467432.78
2025-05-25 11:49:32,691 - data_collector.binance_api - INFO - 💰 Sample OI value (USDT): 1324009359.9951131
2025-05-25 11:49:32,694 - data_collector.binance_api - INFO - 🔍 Sample OI data for SOLUSDT: OI=7467432.78, Value=1324009359.9951131
2025-05-25 11:49:32,695 - data_collector.binance_api - INFO - ✅ Retrieved 18 OI points for SOLUSDT 1h
2025-05-25 11:49:32,696 - data_collector.binance_api - INFO - 🔍 OI value range for chunk 7: 7381658.38 - 7519322.13
2025-05-25 11:49:32,697 - data_collector.binance_api - INFO - 🔍 OI value in USD range: 1266711589.2384 - 1330064797.8684
2025-05-25 11:49:32,698 - data_collector.binance_api - INFO - 📊 OI Chunk 7: 18 points from 2025-05-24 17:47:41.490000
2025-05-25 11:49:33,716 - data_collector.binance_api - INFO - ✅ Total 162 OI points collected for SOLUSDT (7 chunks)
2025-05-25 11:49:33,717 - data_collector.binance_api - INFO - 📈 Final OI data summary for SOLUSDT:
2025-05-25 11:49:33,718 - data_collector.binance_api - INFO -    - OI range: 6961781.69 - 8039703.44
2025-05-25 11:49:33,720 - data_collector.binance_api - INFO -    - OI value range: 1170814990.9480066 - 1500446045.67
2025-05-25 11:49:33,722 - data_collector.binance_api - INFO -    - Date range: 2025-05-18 05:00:00 - 2025-05-25 04:00:00
2025-05-25 11:49:33,724 - data_collector.binance_api - INFO - 🔢 Requesting OI for SOLUSDT 4h: 2025-04-26 11:47:41.490000 - 2025-04-28 11:47:41.490000
2025-05-25 11:49:34,587 - data_collector.binance_api - INFO - 📊 Sample OI value: 7637836.89
2025-05-25 11:49:34,588 - data_collector.binance_api - INFO - 💰 Sample OI value (USDT): 1155453762.8187606
2025-05-25 11:49:34,589 - data_collector.binance_api - INFO - 🔍 Sample OI data for SOLUSDT: OI=7637836.89, Value=1155453762.8187606
2025-05-25 11:49:34,590 - data_collector.binance_api - INFO - ✅ Retrieved 12 OI points for SOLUSDT 4h
2025-05-25 11:49:34,591 - data_collector.binance_api - INFO - 🔍 OI value range for chunk 1: 7480263.91 - 7637836.89
2025-05-25 11:49:34,591 - data_collector.binance_api - INFO - 🔍 OI value in USD range: 1109397940.4921 - 1155453762.8187606
2025-05-25 11:49:34,592 - data_collector.binance_api - INFO - 📊 OI Chunk 1: 12 points from 2025-04-26 11:47:41.490000
2025-05-25 11:49:35,603 - data_collector.binance_api - INFO - 🔢 Requesting OI for SOLUSDT 4h: 2025-04-28 12:47:41.490000 - 2025-04-30 12:47:41.490000
2025-05-25 11:49:36,483 - data_collector.binance_api - INFO - 📊 Sample OI value: 7535891.35
2025-05-25 11:49:36,484 - data_collector.binance_api - INFO - 💰 Sample OI value (USDT): 1138221029.504
2025-05-25 11:49:36,485 - data_collector.binance_api - INFO - 🔍 Sample OI data for SOLUSDT: OI=7535891.35, Value=1138221029.504
2025-05-25 11:49:36,486 - data_collector.binance_api - INFO - ✅ Retrieved 12 OI points for SOLUSDT 4h
2025-05-25 11:49:36,487 - data_collector.binance_api - INFO - 🔍 OI value range for chunk 2: 7450572.07 - 7565820.37
2025-05-25 11:49:36,487 - data_collector.binance_api - INFO - 🔍 OI value in USD range: 1089391656.303289 - 1141295425.7418
2025-05-25 11:49:36,488 - data_collector.binance_api - INFO - 📊 OI Chunk 2: 12 points from 2025-04-28 12:47:41.490000
2025-05-25 11:49:37,492 - data_collector.binance_api - INFO - 🔢 Requesting OI for SOLUSDT 4h: 2025-04-30 13:47:41.490000 - 2025-05-02 13:47:41.490000
2025-05-25 11:49:38,404 - data_collector.binance_api - INFO - 📊 Sample OI value: 7447879.79
2025-05-25 11:49:38,406 - data_collector.binance_api - INFO - 💰 Sample OI value (USDT): 1089773770.8728
2025-05-25 11:49:38,409 - data_collector.binance_api - INFO - 🔍 Sample OI data for SOLUSDT: OI=7447879.79, Value=1089773770.8728
2025-05-25 11:49:38,410 - data_collector.binance_api - INFO - ✅ Retrieved 12 OI points for SOLUSDT 4h
2025-05-25 11:49:38,411 - data_collector.binance_api - INFO - 🔍 OI value range for chunk 3: 7241585.74 - 7531269.13
2025-05-25 11:49:38,412 - data_collector.binance_api - INFO - 🔍 OI value in USD range: 1067965917.278798 - 1139527952.5033
2025-05-25 11:49:38,413 - data_collector.binance_api - INFO - 📊 OI Chunk 3: 12 points from 2025-04-30 13:47:41.490000
2025-05-25 11:49:39,416 - data_collector.binance_api - INFO - 🔢 Requesting OI for SOLUSDT 4h: 2025-05-02 14:47:41.490000 - 2025-05-04 14:47:41.490000
2025-05-25 11:49:40,309 - data_collector.binance_api - INFO - 📊 Sample OI value: 7406097.8
2025-05-25 11:49:40,311 - data_collector.binance_api - INFO - 💰 Sample OI value (USDT): 1099287096.454
2025-05-25 11:49:40,313 - data_collector.binance_api - INFO - 🔍 Sample OI data for SOLUSDT: OI=7406097.8, Value=1099287096.454
2025-05-25 11:49:40,314 - data_collector.binance_api - INFO - ✅ Retrieved 12 OI points for SOLUSDT 4h
2025-05-25 11:49:40,316 - data_collector.binance_api - INFO - 🔍 OI value range for chunk 4: 7360733.93 - 7505840.6
2025-05-25 11:49:40,317 - data_collector.binance_api - INFO - 🔍 OI value in USD range: 1076076122.8833 - 1112743120.3866
2025-05-25 11:49:40,318 - data_collector.binance_api - INFO - 📊 OI Chunk 4: 12 points from 2025-05-02 14:47:41.490000
2025-05-25 11:49:41,327 - data_collector.binance_api - INFO - 🔢 Requesting OI for SOLUSDT 4h: 2025-05-04 15:47:41.490000 - 2025-05-06 15:47:41.490000
2025-05-25 11:49:42,231 - data_collector.binance_api - INFO - 📊 Sample OI value: 7584874.78
2025-05-25 11:49:42,233 - data_collector.binance_api - INFO - 💰 Sample OI value (USDT): 1102431223.047411
2025-05-25 11:49:42,235 - data_collector.binance_api - INFO - 🔍 Sample OI data for SOLUSDT: OI=7584874.78, Value=1102431223.047411
2025-05-25 11:49:42,236 - data_collector.binance_api - INFO - ✅ Retrieved 12 OI points for SOLUSDT 4h
2025-05-25 11:49:42,238 - data_collector.binance_api - INFO - 🔍 OI value range for chunk 5: 7407836.6 - 7584874.78
2025-05-25 11:49:42,239 - data_collector.binance_api - INFO - 🔍 OI value in USD range: 1065755964.4256665 - 1102431223.047411
2025-05-25 11:49:42,240 - data_collector.binance_api - INFO - 📊 OI Chunk 5: 12 points from 2025-05-04 15:47:41.490000
2025-05-25 11:49:43,245 - data_collector.binance_api - INFO - 🔢 Requesting OI for SOLUSDT 4h: 2025-05-06 16:47:41.490000 - 2025-05-08 16:47:41.490000
2025-05-25 11:49:44,156 - data_collector.binance_api - INFO - 📊 Sample OI value: 7669199.0
2025-05-25 11:49:44,158 - data_collector.binance_api - INFO - 💰 Sample OI value (USDT): 1092860857.5
2025-05-25 11:49:44,160 - data_collector.binance_api - INFO - 🔍 Sample OI data for SOLUSDT: OI=7669199.0, Value=1092860857.5
2025-05-25 11:49:44,162 - data_collector.binance_api - INFO - ✅ Retrieved 12 OI points for SOLUSDT 4h
2025-05-25 11:49:44,163 - data_collector.binance_api - INFO - 🔍 OI value range for chunk 6: 7377376.75 - 7723521.61
2025-05-25 11:49:44,164 - data_collector.binance_api - INFO - 🔍 OI value in USD range: 1074771559.262122 - 1145964835.1054828
2025-05-25 11:49:44,165 - data_collector.binance_api - INFO - 📊 OI Chunk 6: 12 points from 2025-05-06 16:47:41.490000
2025-05-25 11:49:45,169 - data_collector.binance_api - INFO - 🔢 Requesting OI for SOLUSDT 4h: 2025-05-08 17:47:41.490000 - 2025-05-10 17:47:41.490000
2025-05-25 11:49:46,040 - data_collector.binance_api - INFO - 📊 Sample OI value: 7771498.68
2025-05-25 11:49:46,041 - data_collector.binance_api - INFO - 💰 Sample OI value (USDT): 1200897098.442946
2025-05-25 11:49:46,043 - data_collector.binance_api - INFO - 🔍 Sample OI data for SOLUSDT: OI=7771498.68, Value=1200897098.442946
2025-05-25 11:49:46,043 - data_collector.binance_api - INFO - ✅ Retrieved 12 OI points for SOLUSDT 4h
2025-05-25 11:49:46,045 - data_collector.binance_api - INFO - 🔍 OI value range for chunk 7: 7460403.39 - 7771498.68
2025-05-25 11:49:46,046 - data_collector.binance_api - INFO - 🔍 OI value in USD range: 1200897098.442946 - 1320591942.8373
2025-05-25 11:49:46,046 - data_collector.binance_api - INFO - 📊 OI Chunk 7: 12 points from 2025-05-08 17:47:41.490000
2025-05-25 11:49:47,047 - data_collector.binance_api - INFO - 🔢 Requesting OI for SOLUSDT 4h: 2025-05-10 18:47:41.490000 - 2025-05-12 18:47:41.490000
2025-05-25 11:49:47,899 - data_collector.binance_api - INFO - 📊 Sample OI value: 7605343.49
2025-05-25 11:49:47,901 - data_collector.binance_api - INFO - 💰 Sample OI value (USDT): 1284650834.86987
2025-05-25 11:49:47,903 - data_collector.binance_api - INFO - 🔍 Sample OI data for SOLUSDT: OI=7605343.49, Value=1284650834.86987
2025-05-25 11:49:47,904 - data_collector.binance_api - INFO - ✅ Retrieved 12 OI points for SOLUSDT 4h
2025-05-25 11:49:47,906 - data_collector.binance_api - INFO - 🔍 OI value range for chunk 8: 7406701.53 - 7770090.24
2025-05-25 11:49:47,907 - data_collector.binance_api - INFO - 🔍 OI value in USD range: 1282055964.9688964 - 1361851185.5318656
2025-05-25 11:49:47,908 - data_collector.binance_api - INFO - 📊 OI Chunk 8: 12 points from 2025-05-10 18:47:41.490000
2025-05-25 11:49:48,910 - data_collector.binance_api - INFO - 🔢 Requesting OI for SOLUSDT 4h: 2025-05-12 19:47:41.490000 - 2025-05-14 19:47:41.490000
2025-05-25 11:49:49,823 - data_collector.binance_api - INFO - 📊 Sample OI value: 7653102.35
2025-05-25 11:49:49,825 - data_collector.binance_api - INFO - 💰 Sample OI value (USDT): 1334673461.5539937
2025-05-25 11:49:49,828 - data_collector.binance_api - INFO - 🔍 Sample OI data for SOLUSDT: OI=7653102.35, Value=1334673461.5539937
2025-05-25 11:49:49,829 - data_collector.binance_api - INFO - ✅ Retrieved 12 OI points for SOLUSDT 4h
2025-05-25 11:49:49,830 - data_collector.binance_api - INFO - 🔍 OI value range for chunk 9: 7515589.08 - 8020503.19
2025-05-25 11:49:49,832 - data_collector.binance_api - INFO - 🔍 OI value in USD range: 1259860377.1046524 - 1453796656.6513555
2025-05-25 11:49:49,833 - data_collector.binance_api - INFO - 📊 OI Chunk 9: 12 points from 2025-05-12 19:47:41.490000
2025-05-25 11:49:50,840 - data_collector.binance_api - INFO - 🔢 Requesting OI for SOLUSDT 4h: 2025-05-14 20:47:41.490000 - 2025-05-16 20:47:41.490000
2025-05-25 11:49:51,732 - data_collector.binance_api - INFO - 📊 Sample OI value: 7690294.8
2025-05-25 11:49:51,733 - data_collector.binance_api - INFO - 💰 Sample OI value (USDT): 1363258559.196
2025-05-25 11:49:51,734 - data_collector.binance_api - INFO - 🔍 Sample OI data for SOLUSDT: OI=7690294.8, Value=1363258559.196
2025-05-25 11:49:51,735 - data_collector.binance_api - INFO - ✅ Retrieved 12 OI points for SOLUSDT 4h
2025-05-25 11:49:51,736 - data_collector.binance_api - INFO - 🔍 OI value range for chunk 10: 7423432.34 - 7730715.41
2025-05-25 11:49:51,736 - data_collector.binance_api - INFO - 🔍 OI value in USD range: 1255005471.4004 - 1363258559.196
2025-05-25 11:49:51,737 - data_collector.binance_api - INFO - 📊 OI Chunk 10: 12 points from 2025-05-14 20:47:41.490000
2025-05-25 11:49:52,744 - data_collector.binance_api - INFO - ✅ Total 120 OI points collected for SOLUSDT (10 chunks)
2025-05-25 11:49:52,745 - data_collector.binance_api - INFO - 📈 Final OI data summary for SOLUSDT:
2025-05-25 11:49:52,746 - data_collector.binance_api - INFO -    - OI range: 7241585.74 - 8020503.19
2025-05-25 11:49:52,747 - data_collector.binance_api - INFO -    - OI value range: 1065755964.4256665 - 1453796656.6513555
2025-05-25 11:49:52,749 - data_collector.binance_api - INFO -    - Date range: 2025-04-26 08:00:00 - 2025-05-16 12:00:00
2025-05-25 11:49:53,768 - data_collector.binance_api - INFO - 🔢 Requesting OI for DOGEUSDT 1h: 2025-05-18 11:47:41.490000 - 2025-05-19 11:47:41.490000
2025-05-25 11:49:54,714 - data_collector.binance_api - INFO - 📊 Sample OI value: 1728868137.0
2025-05-25 11:49:54,716 - data_collector.binance_api - INFO - 💰 Sample OI value (USDT): 374386758.1296588
2025-05-25 11:49:54,719 - data_collector.binance_api - INFO - 🔍 Sample OI data for DOGEUSDT: OI=1728868137.0, Value=374386758.1296588
2025-05-25 11:49:54,720 - data_collector.binance_api - INFO - ✅ Retrieved 24 OI points for DOGEUSDT 1h
2025-05-25 11:49:54,721 - data_collector.binance_api - INFO - 🔍 OI value range for chunk 1: 1728868137.0 - 1891048968.0
2025-05-25 11:49:54,723 - data_collector.binance_api - INFO - 🔍 OI value in USD range: 374386758.1296588 - 436897318.337
2025-05-25 11:49:54,724 - data_collector.binance_api - INFO - 📊 OI Chunk 1: 24 points from 2025-05-18 11:47:41.490000
2025-05-25 11:49:55,733 - data_collector.binance_api - INFO - 🔢 Requesting OI for DOGEUSDT 1h: 2025-05-19 12:47:41.490000 - 2025-05-20 12:47:41.490000
2025-05-25 11:49:56,625 - data_collector.binance_api - INFO - 📊 Sample OI value: 1786453560.0
2025-05-25 11:49:56,627 - data_collector.binance_api - INFO - 💰 Sample OI value (USDT): 389747822.0467176
2025-05-25 11:49:56,628 - data_collector.binance_api - INFO - 🔍 Sample OI data for DOGEUSDT: OI=1786453560.0, Value=389747822.0467176
2025-05-25 11:49:56,629 - data_collector.binance_api - INFO - ✅ Retrieved 24 OI points for DOGEUSDT 1h
2025-05-25 11:49:56,630 - data_collector.binance_api - INFO - 🔍 OI value range for chunk 2: 1734347585.0 - 1786453560.0
2025-05-25 11:49:56,630 - data_collector.binance_api - INFO - 🔍 OI value in USD range: 380436168.30914754 - 400001170.38105
2025-05-25 11:49:56,631 - data_collector.binance_api - INFO - 📊 OI Chunk 2: 24 points from 2025-05-19 12:47:41.490000
2025-05-25 11:49:57,646 - data_collector.binance_api - INFO - 🔢 Requesting OI for DOGEUSDT 1h: 2025-05-20 13:47:41.490000 - 2025-05-21 13:47:41.490000
2025-05-25 11:49:58,537 - data_collector.binance_api - INFO - 📊 Sample OI value: 1750249281.0
2025-05-25 11:49:58,539 - data_collector.binance_api - INFO - 💰 Sample OI value (USDT): 393281013.4407
2025-05-25 11:49:58,541 - data_collector.binance_api - INFO - 🔍 Sample OI data for DOGEUSDT: OI=1750249281.0, Value=393281013.4407
2025-05-25 11:49:58,543 - data_collector.binance_api - INFO - ✅ Retrieved 24 OI points for DOGEUSDT 1h
2025-05-25 11:49:58,544 - data_collector.binance_api - INFO - 🔍 OI value range for chunk 3: 1719194013.0 - 1837411371.0
2025-05-25 11:49:58,545 - data_collector.binance_api - INFO - 🔍 OI value in USD range: 375282861.09777 - 426134741.92653376
2025-05-25 11:49:58,546 - data_collector.binance_api - INFO - 📊 OI Chunk 3: 24 points from 2025-05-20 13:47:41.490000
2025-05-25 11:49:59,548 - data_collector.binance_api - INFO - 🔢 Requesting OI for DOGEUSDT 1h: 2025-05-21 14:47:41.490000 - 2025-05-22 14:47:41.490000
2025-05-25 11:50:00,460 - data_collector.binance_api - INFO - 📊 Sample OI value: 1858964071.0
2025-05-25 11:50:00,461 - data_collector.binance_api - INFO - 💰 Sample OI value (USDT): 421129720.64434
2025-05-25 11:50:00,462 - data_collector.binance_api - INFO - 🔍 Sample OI data for DOGEUSDT: OI=1858964071.0, Value=421129720.64434
2025-05-25 11:50:00,463 - data_collector.binance_api - INFO - ✅ Retrieved 24 OI points for DOGEUSDT 1h
2025-05-25 11:50:00,464 - data_collector.binance_api - INFO - 🔍 OI value range for chunk 4: 1794864054.0 - 1950078478.0
2025-05-25 11:50:00,465 - data_collector.binance_api - INFO - 🔍 OI value in USD range: 409137224.77628 - 464955733.704336
2025-05-25 11:50:00,466 - data_collector.binance_api - INFO - 📊 OI Chunk 4: 24 points from 2025-05-21 14:47:41.490000
2025-05-25 11:50:01,471 - data_collector.binance_api - INFO - 🔢 Requesting OI for DOGEUSDT 1h: 2025-05-22 15:47:41.490000 - 2025-05-23 15:47:41.490000
2025-05-25 11:50:02,331 - data_collector.binance_api - INFO - 📊 Sample OI value: 1955699394.0
2025-05-25 11:50:02,333 - data_collector.binance_api - INFO - 💰 Sample OI value (USDT): 474521005.1212264
2025-05-25 11:50:02,335 - data_collector.binance_api - INFO - 🔍 Sample OI data for DOGEUSDT: OI=1955699394.0, Value=474521005.1212264
2025-05-25 11:50:02,336 - data_collector.binance_api - INFO - ✅ Retrieved 24 OI points for DOGEUSDT 1h
2025-05-25 11:50:02,338 - data_collector.binance_api - INFO - 🔍 OI value range for chunk 5: 1915626393.0 - 2048846780.0
2025-05-25 11:50:02,339 - data_collector.binance_api - INFO - 🔍 OI value in USD range: 457643145.2877 - 514255747.4785348
2025-05-25 11:50:02,340 - data_collector.binance_api - INFO - 📊 OI Chunk 5: 24 points from 2025-05-22 15:47:41.490000
2025-05-25 11:50:03,355 - data_collector.binance_api - INFO - 🔢 Requesting OI for DOGEUSDT 1h: 2025-05-23 16:47:41.490000 - 2025-05-24 16:47:41.490000
2025-05-25 11:50:04,244 - data_collector.binance_api - INFO - 📊 Sample OI value: 2035943281.0
2025-05-25 11:50:04,246 - data_collector.binance_api - INFO - 💰 Sample OI value (USDT): 505931905.3285
2025-05-25 11:50:04,249 - data_collector.binance_api - INFO - 🔍 Sample OI data for DOGEUSDT: OI=2035943281.0, Value=505931905.3285
2025-05-25 11:50:04,250 - data_collector.binance_api - INFO - ✅ Retrieved 24 OI points for DOGEUSDT 1h
2025-05-25 11:50:04,251 - data_collector.binance_api - INFO - 🔍 OI value range for chunk 6: 1883305107.0 - 2035943281.0
2025-05-25 11:50:04,252 - data_collector.binance_api - INFO - 🔍 OI value in USD range: 428751852.67686 - 505931905.3285
2025-05-25 11:50:04,254 - data_collector.binance_api - INFO - 📊 OI Chunk 6: 24 points from 2025-05-23 16:47:41.490000
2025-05-25 11:50:05,257 - data_collector.binance_api - INFO - 🔢 Requesting OI for DOGEUSDT 1h: 2025-05-24 17:47:41.490000 - 2025-05-25 11:47:41.490000
2025-05-25 11:50:06,116 - data_collector.binance_api - INFO - 📊 Sample OI value: 1868761288.0
2025-05-25 11:50:06,118 - data_collector.binance_api - INFO - 💰 Sample OI value (USDT): 429085643.9588421
2025-05-25 11:50:06,121 - data_collector.binance_api - INFO - 🔍 Sample OI data for DOGEUSDT: OI=1868761288.0, Value=429085643.9588421
2025-05-25 11:50:06,122 - data_collector.binance_api - INFO - ✅ Retrieved 18 OI points for DOGEUSDT 1h
2025-05-25 11:50:06,123 - data_collector.binance_api - INFO - 🔍 OI value range for chunk 7: 1828122872.0 - 1868761288.0
2025-05-25 11:50:06,124 - data_collector.binance_api - INFO - 🔍 OI value in USD range: 404654997.7172 - 429085643.9588421
2025-05-25 11:50:06,125 - data_collector.binance_api - INFO - 📊 OI Chunk 7: 18 points from 2025-05-24 17:47:41.490000
2025-05-25 11:50:07,135 - data_collector.binance_api - INFO - ✅ Total 162 OI points collected for DOGEUSDT (7 chunks)
2025-05-25 11:50:07,137 - data_collector.binance_api - INFO - 📈 Final OI data summary for DOGEUSDT:
2025-05-25 11:50:07,138 - data_collector.binance_api - INFO -    - OI range: 1719194013.0 - 2048846780.0
2025-05-25 11:50:07,139 - data_collector.binance_api - INFO -    - OI value range: 374386758.1296588 - 514255747.4785348
2025-05-25 11:50:07,141 - data_collector.binance_api - INFO -    - Date range: 2025-05-18 05:00:00 - 2025-05-25 04:00:00
2025-05-25 11:50:07,143 - data_collector.binance_api - INFO - 🔢 Requesting OI for DOGEUSDT 4h: 2025-04-26 11:47:41.490000 - 2025-04-28 11:47:41.490000
2025-05-25 11:50:07,981 - data_collector.binance_api - INFO - 📊 Sample OI value: 1798541960.0
2025-05-25 11:50:07,982 - data_collector.binance_api - INFO - 💰 Sample OI value (USDT): 334368554.471364
2025-05-25 11:50:07,985 - data_collector.binance_api - INFO - 🔍 Sample OI data for DOGEUSDT: OI=1798541960.0, Value=334368554.471364
2025-05-25 11:50:07,986 - data_collector.binance_api - INFO - ✅ Retrieved 12 OI points for DOGEUSDT 4h
2025-05-25 11:50:07,987 - data_collector.binance_api - INFO - 🔍 OI value range for chunk 1: 1651536546.0 - 1798541960.0
2025-05-25 11:50:07,988 - data_collector.binance_api - INFO - 🔍 OI value in USD range: 295162611.50112 - 334368554.471364
2025-05-25 11:50:07,989 - data_collector.binance_api - INFO - 📊 OI Chunk 1: 12 points from 2025-04-26 11:47:41.490000
2025-05-25 11:50:08,995 - data_collector.binance_api - INFO - 🔢 Requesting OI for DOGEUSDT 4h: 2025-04-28 12:47:41.490000 - 2025-04-30 12:47:41.490000
2025-05-25 11:50:09,808 - data_collector.binance_api - INFO - 📊 Sample OI value: 1651641239.0
2025-05-25 11:50:09,810 - data_collector.binance_api - INFO - 💰 Sample OI value (USDT): 299238496.3556216
2025-05-25 11:50:09,811 - data_collector.binance_api - INFO - 🔍 Sample OI data for DOGEUSDT: OI=1651641239.0, Value=299238496.3556216
2025-05-25 11:50:09,811 - data_collector.binance_api - INFO - ✅ Retrieved 12 OI points for DOGEUSDT 4h
2025-05-25 11:50:09,812 - data_collector.binance_api - INFO - 🔍 OI value range for chunk 2: 1583618155.0 - 1653542536.0
2025-05-25 11:50:09,813 - data_collector.binance_api - INFO - 🔍 OI value in USD range: 278764303.82465 - 299799367.6634
2025-05-25 11:50:09,815 - data_collector.binance_api - INFO - 📊 OI Chunk 2: 12 points from 2025-04-28 12:47:41.490000
2025-05-25 11:50:10,822 - data_collector.binance_api - INFO - 🔢 Requesting OI for DOGEUSDT 4h: 2025-04-30 13:47:41.490000 - 2025-05-02 13:47:41.490000
2025-05-25 11:50:11,697 - data_collector.binance_api - INFO - 📊 Sample OI value: 1611153477.0
2025-05-25 11:50:11,698 - data_collector.binance_api - INFO - 💰 Sample OI value (USDT): 279357901.37703
2025-05-25 11:50:11,700 - data_collector.binance_api - INFO - 🔍 Sample OI data for DOGEUSDT: OI=1611153477.0, Value=279357901.37703
2025-05-25 11:50:11,701 - data_collector.binance_api - INFO - ✅ Retrieved 12 OI points for DOGEUSDT 4h
2025-05-25 11:50:11,702 - data_collector.binance_api - INFO - 🔍 OI value range for chunk 3: 1556744022.0 - 1675074838.0
2025-05-25 11:50:11,703 - data_collector.binance_api - INFO - 🔍 OI value in USD range: 270078787.83492 - 302793122.23074
2025-05-25 11:50:11,703 - data_collector.binance_api - INFO - 📊 OI Chunk 3: 12 points from 2025-04-30 13:47:41.490000
2025-05-25 11:50:12,712 - data_collector.binance_api - INFO - 🔢 Requesting OI for DOGEUSDT 4h: 2025-05-02 14:47:41.490000 - 2025-05-04 14:47:41.490000
2025-05-25 11:50:13,632 - data_collector.binance_api - INFO - 📊 Sample OI value: 1671395773.0
2025-05-25 11:50:13,634 - data_collector.binance_api - INFO - 💰 Sample OI value (USDT): 299614406.26798
2025-05-25 11:50:13,636 - data_collector.binance_api - INFO - 🔍 Sample OI data for DOGEUSDT: OI=1671395773.0, Value=299614406.26798
2025-05-25 11:50:13,638 - data_collector.binance_api - INFO - ✅ Retrieved 12 OI points for DOGEUSDT 4h
2025-05-25 11:50:13,639 - data_collector.binance_api - INFO - 🔍 OI value range for chunk 4: 1626642184.0 - 1672780349.0
2025-05-25 11:50:13,640 - data_collector.binance_api - INFO - 🔍 OI value in USD range: 284840011.5264928 - 301550332.26636
2025-05-25 11:50:13,641 - data_collector.binance_api - INFO - 📊 OI Chunk 4: 12 points from 2025-05-02 14:47:41.490000
2025-05-25 11:50:14,657 - data_collector.binance_api - INFO - 🔢 Requesting OI for DOGEUSDT 4h: 2025-05-04 15:47:41.490000 - 2025-05-06 15:47:41.490000
2025-05-25 11:50:15,570 - data_collector.binance_api - INFO - 📊 Sample OI value: 1618319203.0
2025-05-25 11:50:15,571 - data_collector.binance_api - INFO - 💰 Sample OI value (USDT): 281646431.9577972
2025-05-25 11:50:15,573 - data_collector.binance_api - INFO - 🔍 Sample OI data for DOGEUSDT: OI=1618319203.0, Value=281646431.9577972
2025-05-25 11:50:15,573 - data_collector.binance_api - INFO - ✅ Retrieved 12 OI points for DOGEUSDT 4h
2025-05-25 11:50:15,574 - data_collector.binance_api - INFO - 🔍 OI value range for chunk 5: 1568774702.0 - 1620082180.0
2025-05-25 11:50:15,575 - data_collector.binance_api - INFO - 🔍 OI value in USD range: 270307235.9515 - 281646431.9577972
2025-05-25 11:50:15,576 - data_collector.binance_api - INFO - 📊 OI Chunk 5: 12 points from 2025-05-04 15:47:41.490000
2025-05-25 11:50:16,582 - data_collector.binance_api - INFO - 🔢 Requesting OI for DOGEUSDT 4h: 2025-05-06 16:47:41.490000 - 2025-05-08 16:47:41.490000
2025-05-25 11:50:17,506 - data_collector.binance_api - INFO - 📊 Sample OI value: 1633570128.0
2025-05-25 11:50:17,507 - data_collector.binance_api - INFO - 💰 Sample OI value (USDT): 269947463.652
2025-05-25 11:50:17,509 - data_collector.binance_api - INFO - 🔍 Sample OI data for DOGEUSDT: OI=1633570128.0, Value=269947463.652
2025-05-25 11:50:17,510 - data_collector.binance_api - INFO - ✅ Retrieved 12 OI points for DOGEUSDT 4h
2025-05-25 11:50:17,511 - data_collector.binance_api - INFO - 🔍 OI value range for chunk 6: 1554012850.0 - 1641405220.0
2025-05-25 11:50:17,512 - data_collector.binance_api - INFO - 🔍 OI value in USD range: 266117005.65776232 - 295995881.92283326
2025-05-25 11:50:17,513 - data_collector.binance_api - INFO - 📊 OI Chunk 6: 12 points from 2025-05-06 16:47:41.490000
2025-05-25 11:50:18,519 - data_collector.binance_api - INFO - 🔢 Requesting OI for DOGEUSDT 4h: 2025-05-08 17:47:41.490000 - 2025-05-10 17:47:41.490000
2025-05-25 11:50:19,403 - data_collector.binance_api - INFO - 📊 Sample OI value: 1718751335.0
2025-05-25 11:50:19,405 - data_collector.binance_api - INFO - 💰 Sample OI value (USDT): 314583056.84505
2025-05-25 11:50:19,409 - data_collector.binance_api - INFO - 🔍 Sample OI data for DOGEUSDT: OI=1718751335.0, Value=314583056.84505
2025-05-25 11:50:19,410 - data_collector.binance_api - INFO - ✅ Retrieved 12 OI points for DOGEUSDT 4h
2025-05-25 11:50:19,412 - data_collector.binance_api - INFO - 🔍 OI value range for chunk 7: 1718751335.0 - 1860951787.0
2025-05-25 11:50:19,413 - data_collector.binance_api - INFO - 🔍 OI value in USD range: 314583056.84505 - 417057904.98457
2025-05-25 11:50:19,414 - data_collector.binance_api - INFO - 📊 OI Chunk 7: 12 points from 2025-05-08 17:47:41.490000
2025-05-25 11:50:20,420 - data_collector.binance_api - INFO - 🔢 Requesting OI for DOGEUSDT 4h: 2025-05-10 18:47:41.490000 - 2025-05-12 18:47:41.490000
2025-05-25 11:50:21,322 - data_collector.binance_api - INFO - 📊 Sample OI value: 1919860745.0
2025-05-25 11:50:21,323 - data_collector.binance_api - INFO - 💰 Sample OI value (USDT): 427064594.5365794
2025-05-25 11:50:21,326 - data_collector.binance_api - INFO - 🔍 Sample OI data for DOGEUSDT: OI=1919860745.0, Value=427064594.5365794
2025-05-25 11:50:21,327 - data_collector.binance_api - INFO - ✅ Retrieved 12 OI points for DOGEUSDT 4h
2025-05-25 11:50:21,328 - data_collector.binance_api - INFO - 🔍 OI value range for chunk 8: 1892565682.0 - 2112396400.0
2025-05-25 11:50:21,329 - data_collector.binance_api - INFO - 🔍 OI value in USD range: 427064594.5365794 - 502376856.15876913
2025-05-25 11:50:21,330 - data_collector.binance_api - INFO - 📊 OI Chunk 8: 12 points from 2025-05-10 18:47:41.490000
2025-05-25 11:50:22,338 - data_collector.binance_api - INFO - 🔢 Requesting OI for DOGEUSDT 4h: 2025-05-12 19:47:41.490000 - 2025-05-14 19:47:41.490000
2025-05-25 11:50:23,183 - data_collector.binance_api - INFO - 📊 Sample OI value: 1996602077.0
2025-05-25 11:50:23,185 - data_collector.binance_api - INFO - 💰 Sample OI value (USDT): 463790696.46633
2025-05-25 11:50:23,187 - data_collector.binance_api - INFO - 🔍 Sample OI data for DOGEUSDT: OI=1996602077.0, Value=463790696.46633
2025-05-25 11:50:23,188 - data_collector.binance_api - INFO - ✅ Retrieved 12 OI points for DOGEUSDT 4h
2025-05-25 11:50:23,189 - data_collector.binance_api - INFO - 🔍 OI value range for chunk 9: 1868776942.0 - 1996602077.0
2025-05-25 11:50:23,190 - data_collector.binance_api - INFO - 🔍 OI value in USD range: 419172069.64337295 - 463790696.46633
2025-05-25 11:50:23,191 - data_collector.binance_api - INFO - 📊 OI Chunk 9: 12 points from 2025-05-12 19:47:41.490000
2025-05-25 11:50:24,208 - data_collector.binance_api - INFO - 🔢 Requesting OI for DOGEUSDT 4h: 2025-05-14 20:47:41.490000 - 2025-05-16 20:47:41.490000
2025-05-25 11:50:25,095 - data_collector.binance_api - INFO - 📊 Sample OI value: 1908369690.0
2025-05-25 11:50:25,097 - data_collector.binance_api - INFO - 💰 Sample OI value (USDT): 444382966.0134
2025-05-25 11:50:25,099 - data_collector.binance_api - INFO - 🔍 Sample OI data for DOGEUSDT: OI=1908369690.0, Value=444382966.0134
2025-05-25 11:50:25,100 - data_collector.binance_api - INFO - ✅ Retrieved 12 OI points for DOGEUSDT 4h
2025-05-25 11:50:25,101 - data_collector.binance_api - INFO - 🔍 OI value range for chunk 10: 1754598408.0 - 1921118982.0
2025-05-25 11:50:25,103 - data_collector.binance_api - INFO - 🔍 OI value in USD range: 384853614.81072 - 449830009.6353
2025-05-25 11:50:25,104 - data_collector.binance_api - INFO - 📊 OI Chunk 10: 12 points from 2025-05-14 20:47:41.490000
2025-05-25 11:50:26,110 - data_collector.binance_api - INFO - ✅ Total 120 OI points collected for DOGEUSDT (10 chunks)
2025-05-25 11:50:26,111 - data_collector.binance_api - INFO - 📈 Final OI data summary for DOGEUSDT:
2025-05-25 11:50:26,112 - data_collector.binance_api - INFO -    - OI range: 1554012850.0 - 2112396400.0
2025-05-25 11:50:26,113 - data_collector.binance_api - INFO -    - OI value range: 266117005.65776232 - 502376856.15876913
2025-05-25 11:50:26,114 - data_collector.binance_api - INFO -    - Date range: 2025-04-26 08:00:00 - 2025-05-16 12:00:00
2025-05-25 11:50:29,327 - data_collector.binance_api - INFO - 🔧 Khởi tạo OptimizedBinanceAPI - Focus OI & Volume [FIXED]
2025-05-25 11:50:30,222 - data_collector.binance_api - INFO - 🕒 Server time updated: 2025-05-25 11:50:30.162000
2025-05-25 11:50:31,136 - data_collector.binance_api - INFO - ✅ API connection test successful
2025-05-25 11:50:32,011 - data_collector.binance_api - INFO - 📈 Ticker for BTCUSDT: 108119.60
2025-05-25 11:50:33,127 - data_collector.binance_api - INFO - 📊 Current OI for BTCUSDT: 86757.393
2025-05-25 11:50:33,992 - data_collector.binance_api - INFO - 📈 Ticker for BTCUSDT: 108119.60
2025-05-25 11:50:33,993 - data_collector.binance_api - INFO - 💰 Current OI Value (USDT) for BTCUSDT: 9380174628.2028
2025-05-25 11:50:35,314 - data_collector.binance_api - INFO - 📈 Ticker for ETHUSDT: 2512.58
2025-05-25 11:50:36,536 - data_collector.binance_api - INFO - 📊 Current OI for ETHUSDT: 1635686.376
2025-05-25 11:50:37,545 - data_collector.binance_api - INFO - 📈 Ticker for ETHUSDT: 2512.58
2025-05-25 11:50:37,546 - data_collector.binance_api - INFO - 💰 Current OI Value (USDT) for ETHUSDT: 4109792874.61008
2025-05-25 11:50:38,838 - data_collector.binance_api - INFO - 📈 Ticker for BNBUSDT: 665.090
2025-05-25 11:50:40,036 - data_collector.binance_api - INFO - 📊 Current OI for BNBUSDT: 549110.66
2025-05-25 11:50:41,092 - data_collector.binance_api - INFO - 📈 Ticker for BNBUSDT: 665.090
2025-05-25 11:50:41,093 - data_collector.binance_api - INFO - 💰 Current OI Value (USDT) for BNBUSDT: 365208008.85940003
2025-05-25 11:50:42,400 - data_collector.binance_api - INFO - 📈 Ticker for SOLUSDT: 173.2800
2025-05-25 11:50:43,627 - data_collector.binance_api - INFO - 📊 Current OI for SOLUSDT: 7388961.77
2025-05-25 11:50:44,670 - data_collector.binance_api - INFO - 📈 Ticker for SOLUSDT: 173.2800
2025-05-25 11:50:44,671 - data_collector.binance_api - INFO - 💰 Current OI Value (USDT) for SOLUSDT: 1280359295.5056
2025-05-25 11:50:46,022 - data_collector.binance_api - INFO - 📈 Ticker for DOGEUSDT: 0.223540
2025-05-25 11:50:47,217 - data_collector.binance_api - INFO - 📊 Current OI for DOGEUSDT: 1844262213.0
2025-05-25 11:50:48,176 - data_collector.binance_api - INFO - 📈 Ticker for DOGEUSDT: 0.223530
2025-05-25 11:50:48,177 - data_collector.binance_api - INFO - 💰 Current OI Value (USDT) for DOGEUSDT: 412247932.47189003
