2025-05-25 20:23:51,351 - __main__ - INFO - ============================================================
2025-05-25 20:23:51,351 - __main__ - INFO - 🚀 BINANCE OI & VOLUME MONITOR - OPTIMIZED VERSION
2025-05-25 20:23:51,352 - __main__ - INFO - ============================================================
2025-05-25 20:23:51,352 - __main__ - INFO - ⏰ Khởi động lúc: 2025-05-25 20:23:51
2025-05-25 20:23:51,353 - __main__ - INFO - 📊 Theo dõi 5 symbols: BTCUSDT, ETHUSDT, BNBUSDT, SOLUSDT, DOGEUSDT
2025-05-25 20:23:51,354 - __main__ - INFO - 🎯 Focus: OI & Volume tracking (24h + 30d)
2025-05-25 20:23:51,354 - __main__ - INFO - 🔧 Bắt đầu khởi tạo hệ thống OI & Volume Monitor
2025-05-25 20:23:51,355 - __main__ - INFO - 📁 Đã tạo/kiểm tra thư mục: data
2025-05-25 20:23:51,356 - __main__ - INFO - 📁 Đã tạo/kiểm tra thư mục: data/charts
2025-05-25 20:23:51,357 - __main__ - INFO - 📁 Đã tạo/kiểm tra thư mục: data/reports
2025-05-25 20:23:51,357 - __main__ - INFO - 📁 Đã tạo/kiểm tra thư mục: data/json
2025-05-25 20:23:51,358 - __main__ - INFO - 📁 Đã tạo/kiểm tra thư mục: logs
2025-05-25 20:23:51,359 - __main__ - INFO - 📁 Đã tạo/kiểm tra thư mục: docs/assets/data
2025-05-25 20:23:51,365 - __main__ - INFO - 🔄 Đang khởi tạo dữ liệu tracking 24h từ Binance API...
2025-05-25 20:23:51,366 - __main__ - INFO - 🔄 Đang khởi tạo dữ liệu 30 ngày từ Binance API...
2025-05-25 20:25:46,351 - __main__ - INFO - 📄 Xuất dữ liệu JSON cho web...
2025-05-25 20:25:46,765 - __main__ - INFO - 💾 Đã khởi tạo cơ sở dữ liệu thành công
2025-05-25 20:25:46,766 - __main__ - INFO - ✅ Hoàn thành khởi tạo hệ thống
2025-05-25 20:25:46,766 - __main__ - INFO - 🎯 CHẾ ĐỘ MẶC ĐỊNH: Setup OI & Volume tracking tối ưu
2025-05-25 20:25:46,767 - __main__ - INFO - 📋 Quy trình: Thu thập lịch sử → Realtime + Báo cáo + Push → Tracking tối ưu
2025-05-25 20:25:46,767 - __main__ - INFO - 🔄 Bước 1/3: Thu thập dữ liệu lịch sử...
2025-05-25 20:25:46,768 - __main__ - INFO - 🔄 Bắt đầu thu thập dữ liệu lịch sử (24h/lần)
2025-05-25 20:28:59,860 - __main__ - INFO - ✅ Hoàn thành thu thập dữ liệu lịch sử
2025-05-25 20:28:59,862 - __main__ - INFO - ⚡ Bước 2/3: Cập nhật realtime + tạo báo cáo + push...
2025-05-25 20:28:59,863 - __main__ - INFO - ⚡ Bắt đầu chu kỳ realtime (30 phút/lần): Update → Reports → Push
2025-05-25 20:29:01,430 - __main__ - INFO - 📡 Thu thập dữ liệu realtime...
2025-05-25 20:29:15,991 - __main__ - INFO - 💾 Đã lưu dữ liệu realtime cho 5/5 symbols
2025-05-25 20:29:15,992 - __main__ - INFO - 📊 Tạo báo cáo tối ưu OI & Volume...
2025-05-25 20:29:16,145 - __main__ - INFO - ✅ Đã tạo báo cáo tổng hợp
2025-05-25 20:29:16,211 - __main__ - INFO - 📈 Đã tạo dữ liệu tracking 24h
2025-05-25 20:29:16,211 - __main__ - INFO - 📁 Xuất dữ liệu JSON tối ưu...
2025-05-25 20:29:16,648 - __main__ - INFO - ✅ Đã xuất dữ liệu JSON cho web
2025-05-25 20:29:16,649 - __main__ - INFO - 📤 Đẩy dữ liệu lên GitHub...
2025-05-25 20:29:16,649 - __main__ - INFO - 📤 Bắt đầu đẩy dữ liệu lên GitHub
2025-05-25 20:29:20,150 - __main__ - INFO - ✅ Đã đẩy dữ liệu lên GitHub thành công lúc 2025-05-25 20:29:16
2025-05-25 20:29:20,151 - __main__ - INFO - 🎉 Hoàn thành chu kỳ realtime: cập nhật → báo cáo → push GitHub
2025-05-25 20:29:20,153 - __main__ - INFO - ⏰ Bước 3/3: Thiết lập tracking tối ưu...
2025-05-25 20:29:20,154 - __main__ - INFO - ⏰ Thiết lập lịch trình tối ưu OI & Volume Tracking
2025-05-25 20:29:20,155 - __main__ - INFO - ✅ Lịch thu thập dữ liệu lịch sử: mỗi ngày lúc 00:05
2025-05-25 20:29:20,155 - __main__ - INFO - ✅ Lịch tracking 24h: mỗi giờ đúng giờ
2025-05-25 20:29:20,156 - __main__ - INFO - ✅ Lịch realtime + báo cáo + push: mỗi 30 phút
2025-05-25 20:29:20,157 - __main__ - INFO - ✅ Lịch phát hiện bất thường tối ưu: mỗi 15 phút
2025-05-25 20:29:20,158 - __main__ - INFO - ✅ Lịch gửi báo cáo Telegram: mỗi ngày lúc 20:00
2025-05-25 20:29:20,158 - __main__ - INFO - 🎯 Đã thiết lập lịch trình tối ưu:
2025-05-25 20:29:20,159 - __main__ - INFO -    📊 Dữ liệu lịch sử: 24h/lần
2025-05-25 20:29:20,159 - __main__ - INFO -    ⏰ Tracking 24h: mỗi giờ đúng
2025-05-25 20:29:20,160 - __main__ - INFO -    ⚡ Realtime + Reports: 30 phút/lần
2025-05-25 20:29:20,160 - __main__ - INFO -    🔍 Anomaly detection: 15 phút/lần
2025-05-25 20:29:20,161 - __main__ - INFO -    📱 Daily Telegram: 1 lần/ngày
2025-05-25 20:29:20,161 - __main__ - INFO - ✅ Hoàn thành setup - OI & Volume tracking tối ưu đã được kích hoạt!
2025-05-25 20:29:20,162 - __main__ - INFO - 🔄 Hệ thống sẽ theo dõi OI & Volume từng giờ và cập nhật web...
2025-05-25 20:29:20,163 - __main__ - INFO - 🚀 Bắt đầu chạy các tác vụ theo lịch trình OI & Volume Tracking
2025-05-25 20:44:20,732 - __main__ - INFO - 🔍 Bắt đầu phát hiện bất thường tối ưu (15 phút/lần)
2025-05-25 20:44:20,739 - __main__ - INFO - 🔍 Phân tích BTCUSDT...
2025-05-25 20:44:20,839 - __main__ - INFO -    🚨 30d_OI: high (Z: 3.62)
2025-05-25 20:44:20,839 - __main__ - INFO -    🚨 30d_Volume_USDT: moderate (Z: 3.17)
2025-05-25 20:44:20,840 - __main__ - INFO -    🚨 30d_Volume: moderate (Z: 3.09)
2025-05-25 20:44:20,840 - __main__ - INFO - 🔍 Phân tích ETHUSDT...
2025-05-25 20:44:20,905 - __main__ - INFO -    🚨 30d_Volume: moderate (Z: 2.51)
2025-05-25 20:44:20,905 - __main__ - INFO - 🔍 Phân tích BNBUSDT...
2025-05-25 20:44:20,977 - __main__ - INFO -    🚨 30d_Volume_USDT: moderate (Z: 3.01)
2025-05-25 20:44:20,978 - __main__ - INFO -    🚨 30d_Volume: moderate (Z: 2.96)
2025-05-25 20:44:20,978 - __main__ - INFO - 🔍 Phân tích SOLUSDT...
2025-05-25 20:44:21,056 - __main__ - INFO -    🚨 30d_OI_Value: moderate (Z: 2.67)
2025-05-25 20:44:21,057 - __main__ - INFO -    🚨 30d_Avg_OI_Value: moderate (Z: 3.04)
2025-05-25 20:44:21,057 - __main__ - INFO -    🚨 30d_Avg_OI_Value: moderate (Z: 2.67)
2025-05-25 20:44:21,058 - __main__ - INFO - 🔍 Phân tích DOGEUSDT...
2025-05-25 20:44:21,135 - __main__ - INFO -    🚨 30d_Volume_USDT: moderate (Z: 2.58)
2025-05-25 20:44:21,135 - __main__ - INFO -    🚨 30d_Volume: moderate (Z: 2.56)
2025-05-25 20:44:21,137 - __main__ - INFO - 📱 Đã gửi cảnh báo qua Telegram
2025-05-25 20:44:21,137 - __main__ - INFO - ✅ Hoàn thành phát hiện bất thường: 12 anomalies
2025-05-25 20:44:21,137 - __main__ - INFO -    - BTCUSDT: 3 anomalies
2025-05-25 20:44:21,138 - __main__ - INFO -    - ETHUSDT: 1 anomalies
2025-05-25 20:44:21,138 - __main__ - INFO -    - BNBUSDT: 2 anomalies
2025-05-25 20:44:21,139 - __main__ - INFO -    - SOLUSDT: 4 anomalies
2025-05-25 20:44:21,139 - __main__ - INFO -    - DOGEUSDT: 2 anomalies
2025-05-25 20:59:20,828 - __main__ - INFO - ⚡ Bắt đầu chu kỳ realtime (30 phút/lần): Update → Reports → Push
2025-05-25 20:59:22,597 - __main__ - INFO - 📡 Thu thập dữ liệu realtime...
2025-05-25 20:59:38,002 - __main__ - INFO - 💾 Đã lưu dữ liệu realtime cho 5/5 symbols
2025-05-25 20:59:38,002 - __main__ - INFO - 📊 Tạo báo cáo tối ưu OI & Volume...
2025-05-25 20:59:38,172 - __main__ - INFO - ✅ Đã tạo báo cáo tổng hợp
2025-05-25 20:59:38,250 - __main__ - INFO - 📈 Đã tạo dữ liệu tracking 24h
2025-05-25 20:59:38,250 - __main__ - INFO - 📁 Xuất dữ liệu JSON tối ưu...
2025-05-25 20:59:38,721 - __main__ - INFO - ✅ Đã xuất dữ liệu JSON cho web
2025-05-25 20:59:38,721 - __main__ - INFO - 📤 Đẩy dữ liệu lên GitHub...
2025-05-25 20:59:38,722 - __main__ - INFO - 📤 Bắt đầu đẩy dữ liệu lên GitHub
2025-05-25 20:59:41,852 - __main__ - INFO - ✅ Đã đẩy dữ liệu lên GitHub thành công lúc 2025-05-25 20:59:39
2025-05-25 20:59:41,853 - __main__ - INFO - 🎉 Hoàn thành chu kỳ realtime: cập nhật → báo cáo → push GitHub
2025-05-25 20:59:42,867 - __main__ - INFO - 🔍 Bắt đầu phát hiện bất thường tối ưu (15 phút/lần)
2025-05-25 20:59:42,876 - __main__ - INFO - 🔍 Phân tích BTCUSDT...
2025-05-25 20:59:42,992 - __main__ - INFO -    🚨 30d_Volume_USDT: moderate (Z: 3.17)
2025-05-25 20:59:42,993 - __main__ - INFO -    🚨 30d_Volume: moderate (Z: 3.09)
2025-05-25 20:59:42,994 - __main__ - INFO - 🔍 Phân tích ETHUSDT...
2025-05-25 20:59:43,074 - __main__ - INFO -    🚨 30d_Volume: moderate (Z: 2.51)
2025-05-25 20:59:43,074 - __main__ - INFO - 🔍 Phân tích BNBUSDT...
2025-05-25 20:59:43,157 - __main__ - INFO -    🚨 30d_Volume_USDT: moderate (Z: 3.01)
2025-05-25 20:59:43,157 - __main__ - INFO -    🚨 30d_Volume: moderate (Z: 2.96)
2025-05-25 20:59:43,158 - __main__ - INFO - 🔍 Phân tích SOLUSDT...
2025-05-25 20:59:43,259 - __main__ - INFO -    🚨 30d_OI_Value: moderate (Z: 2.62)
2025-05-25 20:59:43,260 - __main__ - INFO -    🚨 30d_Avg_OI_Value: moderate (Z: 3.37)
2025-05-25 20:59:43,260 - __main__ - INFO -    🚨 30d_Avg_OI_Value: moderate (Z: 2.62)
2025-05-25 20:59:43,261 - __main__ - INFO - 🔍 Phân tích DOGEUSDT...
2025-05-25 20:59:43,354 - __main__ - INFO -    🚨 30d_Volume_USDT: moderate (Z: 2.58)
2025-05-25 20:59:43,354 - __main__ - INFO -    🚨 30d_Volume: moderate (Z: 2.56)
2025-05-25 20:59:43,356 - __main__ - INFO - 📱 Đã gửi cảnh báo qua Telegram
2025-05-25 20:59:43,357 - __main__ - INFO - ✅ Hoàn thành phát hiện bất thường: 11 anomalies
2025-05-25 20:59:43,358 - __main__ - INFO -    - BTCUSDT: 2 anomalies
2025-05-25 20:59:43,358 - __main__ - INFO -    - ETHUSDT: 1 anomalies
2025-05-25 20:59:43,359 - __main__ - INFO -    - BNBUSDT: 2 anomalies
2025-05-25 20:59:43,360 - __main__ - INFO -    - SOLUSDT: 4 anomalies
2025-05-25 20:59:43,360 - __main__ - INFO -    - DOGEUSDT: 2 anomalies
2025-05-25 21:00:00,540 - __main__ - INFO - ⏰ Bắt đầu cập nhật dữ liệu hàng giờ - Tracking 24h
2025-05-25 21:00:02,390 - __main__ - INFO - 📡 Thu thập dữ liệu realtime cho tracking 24h...
2025-05-25 21:00:18,811 - __main__ - INFO - 💾 Đã lưu dữ liệu hàng giờ cho 5/5 symbols lúc 21:00
2025-05-25 21:00:18,818 - __main__ - INFO - 📊 Đã cập nhật tracking 24h cho 21:00
2025-05-25 21:01:56,487 - __main__ - INFO - ⏹️ Dừng hệ thống theo yêu cầu người dùng
2025-05-25 21:01:56,488 - __main__ - INFO - 🏁 Kết thúc với mã: 0
2025-05-25 21:19:09,413 - __main__ - INFO - ============================================================
2025-05-25 21:19:09,414 - __main__ - INFO - 🚀 BINANCE OI & VOLUME MONITOR - OPTIMIZED VERSION
2025-05-25 21:19:09,414 - __main__ - INFO - ============================================================
2025-05-25 21:19:09,415 - __main__ - INFO - ⏰ Khởi động lúc: 2025-05-25 21:19:09
2025-05-25 21:19:09,415 - __main__ - INFO - 📊 Theo dõi 5 symbols: BTCUSDT, ETHUSDT, BNBUSDT, SOLUSDT, DOGEUSDT
2025-05-25 21:19:09,416 - __main__ - INFO - 🎯 Focus: OI & Volume tracking (24h + 30d)
2025-05-25 21:19:09,416 - __main__ - INFO - 🔧 Bắt đầu khởi tạo hệ thống OI & Volume Monitor
2025-05-25 21:19:09,417 - __main__ - INFO - 📁 Đã tạo/kiểm tra thư mục: data
2025-05-25 21:19:09,418 - __main__ - INFO - 📁 Đã tạo/kiểm tra thư mục: data/charts
2025-05-25 21:19:09,418 - __main__ - INFO - 📁 Đã tạo/kiểm tra thư mục: data/reports
2025-05-25 21:19:09,419 - __main__ - INFO - 📁 Đã tạo/kiểm tra thư mục: data/json
2025-05-25 21:19:09,419 - __main__ - INFO - 📁 Đã tạo/kiểm tra thư mục: logs
2025-05-25 21:19:09,420 - __main__ - INFO - 📁 Đã tạo/kiểm tra thư mục: docs/assets/data
2025-05-25 21:19:09,426 - __main__ - INFO - 🔄 Đang khởi tạo dữ liệu tracking 24h từ Binance API...
2025-05-25 21:19:09,427 - __main__ - INFO - 🔄 Đang khởi tạo dữ liệu 30 ngày từ Binance API...
2025-05-25 21:20:59,232 - __main__ - INFO - 📄 Xuất dữ liệu JSON cho web...
2025-05-25 21:20:59,609 - __main__ - INFO - 💾 Đã khởi tạo cơ sở dữ liệu thành công
2025-05-25 21:20:59,610 - __main__ - INFO - ✅ Hoàn thành khởi tạo hệ thống
2025-05-25 21:20:59,610 - __main__ - INFO - 🎯 CHẾ ĐỘ MẶC ĐỊNH: Setup OI & Volume tracking tối ưu
2025-05-25 21:20:59,610 - __main__ - INFO - 📋 Quy trình: Thu thập lịch sử → Realtime + Báo cáo + Push → Tracking tối ưu
2025-05-25 21:20:59,611 - __main__ - INFO - 🔄 Bước 1/3: Thu thập dữ liệu lịch sử...
2025-05-25 21:20:59,611 - __main__ - INFO - 🔄 Bắt đầu thu thập dữ liệu lịch sử (24h/lần)
2025-05-25 21:24:02,583 - __main__ - INFO - ✅ Hoàn thành thu thập dữ liệu lịch sử
2025-05-25 21:24:02,585 - __main__ - INFO - ⚡ Bước 2/3: Cập nhật realtime + tạo báo cáo + push...
2025-05-25 21:24:02,585 - __main__ - INFO - ⚡ Bắt đầu chu kỳ realtime (30 phút/lần): Update → Reports → Push
2025-05-25 21:24:04,107 - __main__ - INFO - 📡 Thu thập dữ liệu realtime...
2025-05-25 21:24:18,178 - __main__ - INFO - 💾 Đã lưu dữ liệu realtime cho 5/5 symbols
2025-05-25 21:24:18,178 - __main__ - INFO - 📊 Tạo báo cáo tối ưu OI & Volume...
2025-05-25 21:24:18,335 - __main__ - INFO - ✅ Đã tạo báo cáo tổng hợp
2025-05-25 21:24:18,408 - __main__ - INFO - 📈 Đã tạo dữ liệu tracking 24h
2025-05-25 21:24:18,408 - __main__ - INFO - 📁 Xuất dữ liệu JSON tối ưu...
2025-05-25 21:24:18,792 - __main__ - INFO - ✅ Đã xuất dữ liệu JSON cho web
2025-05-25 21:24:18,793 - __main__ - INFO - 📤 Đẩy dữ liệu lên GitHub...
2025-05-25 21:24:18,793 - __main__ - INFO - 📤 Bắt đầu đẩy dữ liệu lên GitHub
2025-05-25 21:24:22,665 - __main__ - INFO - ✅ Đã đẩy dữ liệu lên GitHub thành công lúc 2025-05-25 21:24:19
2025-05-25 21:24:22,666 - __main__ - INFO - 🎉 Hoàn thành chu kỳ realtime: cập nhật → báo cáo → push GitHub
2025-05-25 21:24:22,667 - __main__ - INFO - ⏰ Bước 3/3: Thiết lập tracking tối ưu...
2025-05-25 21:24:22,667 - __main__ - INFO - ⏰ Thiết lập lịch trình tối ưu OI & Volume Tracking
2025-05-25 21:24:22,668 - __main__ - INFO - ✅ Lịch thu thập dữ liệu lịch sử: mỗi ngày lúc 00:05
2025-05-25 21:24:22,670 - __main__ - INFO - ✅ Lịch tracking 24h: mỗi giờ đúng giờ
2025-05-25 21:24:22,670 - __main__ - INFO - ✅ Lịch realtime + báo cáo + push: mỗi 30 phút
2025-05-25 21:24:22,671 - __main__ - INFO - ✅ Lịch phát hiện bất thường tối ưu: mỗi 15 phút
2025-05-25 21:24:22,672 - __main__ - INFO - ✅ Lịch gửi báo cáo Telegram: mỗi ngày lúc 20:00
2025-05-25 21:24:22,673 - __main__ - INFO - 🎯 Đã thiết lập lịch trình tối ưu:
2025-05-25 21:24:22,674 - __main__ - INFO -    📊 Dữ liệu lịch sử: 24h/lần
2025-05-25 21:24:22,674 - __main__ - INFO -    ⏰ Tracking 24h: mỗi giờ đúng
2025-05-25 21:24:22,675 - __main__ - INFO -    ⚡ Realtime + Reports: 30 phút/lần
2025-05-25 21:24:22,675 - __main__ - INFO -    🔍 Anomaly detection: 15 phút/lần
2025-05-25 21:24:22,676 - __main__ - INFO -    📱 Daily Telegram: 1 lần/ngày
2025-05-25 21:24:22,676 - __main__ - INFO - ✅ Hoàn thành setup - OI & Volume tracking tối ưu đã được kích hoạt!
2025-05-25 21:24:22,677 - __main__ - INFO - 🔄 Hệ thống sẽ theo dõi OI & Volume từng giờ và cập nhật web...
2025-05-25 21:24:22,678 - __main__ - INFO - 🚀 Bắt đầu chạy các tác vụ theo lịch trình OI & Volume Tracking
2025-05-25 21:37:05,871 - __main__ - INFO - ⏹️ Dừng hệ thống theo yêu cầu người dùng
2025-05-25 21:37:05,872 - __main__ - INFO - 🏁 Kết thúc với mã: 0
2025-05-26 01:29:26,146 - __main__ - INFO - ============================================================
2025-05-26 01:29:26,146 - __main__ - INFO - 🚀 BINANCE OI & VOLUME MONITOR - OPTIMIZED VERSION
2025-05-26 01:29:26,147 - __main__ - INFO - ============================================================
2025-05-26 01:29:26,147 - __main__ - INFO - ⏰ Khởi động lúc: 2025-05-26 01:29:26
2025-05-26 01:29:26,148 - __main__ - INFO - 📊 Theo dõi 5 symbols: BTCUSDT, ETHUSDT, BNBUSDT, SOLUSDT, DOGEUSDT
2025-05-26 01:29:26,148 - __main__ - INFO - 🎯 Focus: OI & Volume tracking (24h + 30d)
2025-05-26 01:29:26,149 - __main__ - INFO - 🔧 Bắt đầu khởi tạo hệ thống OI & Volume Monitor
2025-05-26 01:29:26,150 - __main__ - INFO - 📁 Đã tạo/kiểm tra thư mục: data
2025-05-26 01:29:26,150 - __main__ - INFO - 📁 Đã tạo/kiểm tra thư mục: data/charts
2025-05-26 01:29:26,151 - __main__ - INFO - 📁 Đã tạo/kiểm tra thư mục: data/reports
2025-05-26 01:29:26,152 - __main__ - INFO - 📁 Đã tạo/kiểm tra thư mục: data/json
2025-05-26 01:29:26,152 - __main__ - INFO - 📁 Đã tạo/kiểm tra thư mục: logs
2025-05-26 01:29:26,153 - __main__ - INFO - 📁 Đã tạo/kiểm tra thư mục: docs/assets/data
2025-05-26 01:29:26,160 - __main__ - INFO - 🔄 Đang khởi tạo dữ liệu tracking 24h từ Binance API...
2025-05-26 01:29:26,162 - __main__ - INFO - 🔄 Đang khởi tạo dữ liệu 30 ngày từ Binance API...
2025-05-26 01:31:18,805 - __main__ - INFO - 📄 Xuất dữ liệu JSON cho web...
2025-05-26 01:31:19,179 - __main__ - INFO - 💾 Đã khởi tạo cơ sở dữ liệu thành công
2025-05-26 01:31:19,179 - __main__ - INFO - ✅ Hoàn thành khởi tạo hệ thống
2025-05-26 01:31:19,180 - __main__ - INFO - 🎯 CHẾ ĐỘ MẶC ĐỊNH: Setup OI & Volume tracking tối ưu
2025-05-26 01:31:19,180 - __main__ - INFO - 📋 Quy trình: Thu thập lịch sử → Realtime + Báo cáo + Push → Tracking tối ưu
2025-05-26 01:31:19,181 - __main__ - INFO - 🔄 Bước 1/3: Thu thập dữ liệu lịch sử...
2025-05-26 01:31:19,181 - __main__ - INFO - 🔄 Bắt đầu thu thập dữ liệu lịch sử (24h/lần)
2025-05-26 01:34:32,110 - __main__ - INFO - ✅ Hoàn thành thu thập dữ liệu lịch sử
2025-05-26 01:34:32,112 - __main__ - INFO - ⚡ Bước 2/3: Cập nhật realtime + tạo báo cáo + push...
2025-05-26 01:34:32,113 - __main__ - INFO - ⚡ Bắt đầu chu kỳ realtime (30 phút/lần): Update → Reports → Push
2025-05-26 01:34:33,962 - __main__ - INFO - 📡 Thu thập dữ liệu realtime...
2025-05-26 01:34:49,400 - __main__ - INFO - 💾 Đã lưu dữ liệu realtime cho 5/5 symbols
2025-05-26 01:34:49,401 - __main__ - INFO - 📊 Tạo báo cáo tối ưu OI & Volume...
2025-05-26 01:34:49,554 - __main__ - INFO - ✅ Đã tạo báo cáo tổng hợp
2025-05-26 01:34:49,609 - __main__ - INFO - 📈 Đã tạo dữ liệu tracking 24h
2025-05-26 01:34:49,610 - __main__ - INFO - 📁 Xuất dữ liệu JSON tối ưu...
2025-05-26 01:34:49,992 - __main__ - INFO - ✅ Đã xuất dữ liệu JSON cho web
2025-05-26 01:34:49,992 - __main__ - INFO - 📤 Đẩy dữ liệu lên GitHub...
2025-05-26 01:34:49,993 - __main__ - INFO - 📤 Bắt đầu đẩy dữ liệu lên GitHub
2025-05-26 01:34:53,728 - __main__ - INFO - ✅ Đã đẩy dữ liệu lên GitHub thành công lúc 2025-05-26 01:34:50
2025-05-26 01:34:53,728 - __main__ - INFO - 🎉 Hoàn thành chu kỳ realtime: cập nhật → báo cáo → push GitHub
2025-05-26 01:34:53,731 - __main__ - INFO - ⏰ Bước 3/3: Thiết lập tracking tối ưu...
2025-05-26 01:34:53,732 - __main__ - INFO - ⏰ Thiết lập lịch trình tối ưu OI & Volume Tracking
2025-05-26 01:34:53,733 - __main__ - INFO - ✅ Lịch thu thập dữ liệu lịch sử: mỗi ngày lúc 00:05
2025-05-26 01:34:53,735 - __main__ - INFO - ✅ Lịch tracking 24h: mỗi giờ đúng giờ
2025-05-26 01:34:53,736 - __main__ - INFO - ✅ Lịch realtime + báo cáo + push: mỗi 30 phút
2025-05-26 01:34:53,736 - __main__ - INFO - ✅ Lịch phát hiện bất thường tối ưu: mỗi 15 phút
2025-05-26 01:34:53,737 - __main__ - INFO - ✅ Lịch gửi báo cáo Telegram: mỗi ngày lúc 20:00
2025-05-26 01:34:53,738 - __main__ - INFO - 🎯 Đã thiết lập lịch trình tối ưu:
2025-05-26 01:34:53,739 - __main__ - INFO -    📊 Dữ liệu lịch sử: 24h/lần
2025-05-26 01:34:53,739 - __main__ - INFO -    ⏰ Tracking 24h: mỗi giờ đúng
2025-05-26 01:34:53,740 - __main__ - INFO -    ⚡ Realtime + Reports: 30 phút/lần
2025-05-26 01:34:53,741 - __main__ - INFO -    🔍 Anomaly detection: 15 phút/lần
2025-05-26 01:34:53,742 - __main__ - INFO -    📱 Daily Telegram: 1 lần/ngày
2025-05-26 01:34:53,743 - __main__ - INFO - ✅ Hoàn thành setup - OI & Volume tracking tối ưu đã được kích hoạt!
2025-05-26 01:34:53,744 - __main__ - INFO - 🔄 Hệ thống sẽ theo dõi OI & Volume từng giờ và cập nhật web...
2025-05-26 01:34:53,744 - __main__ - INFO - 🚀 Bắt đầu chạy các tác vụ theo lịch trình OI & Volume Tracking
2025-05-26 01:49:54,412 - __main__ - INFO - 🔍 Bắt đầu phát hiện bất thường tối ưu (15 phút/lần)
2025-05-26 01:49:54,422 - __main__ - INFO - 🔍 Phân tích BTCUSDT...
2025-05-26 01:49:54,517 - __main__ - INFO -    🚨 30d_Volume_USDT: moderate (Z: 3.20)
2025-05-26 01:49:54,517 - __main__ - INFO -    🚨 30d_Volume: moderate (Z: 3.12)
2025-05-26 01:49:54,518 - __main__ - INFO - 🔍 Phân tích ETHUSDT...
2025-05-26 01:49:54,591 - __main__ - INFO -    🚨 30d_Volume: moderate (Z: 2.53)
2025-05-26 01:49:54,592 - __main__ - INFO - 🔍 Phân tích BNBUSDT...
2025-05-26 01:49:54,671 - __main__ - INFO -    🚨 30d_Volume_USDT: moderate (Z: 3.03)
2025-05-26 01:49:54,671 - __main__ - INFO -    🚨 30d_Volume: moderate (Z: 2.99)
2025-05-26 01:49:54,672 - __main__ - INFO - 🔍 Phân tích SOLUSDT...
2025-05-26 01:49:54,748 - __main__ - INFO -    🚨 30d_OI: moderate (Z: 2.66)
2025-05-26 01:49:54,748 - __main__ - INFO - 🔍 Phân tích DOGEUSDT...
2025-05-26 01:49:54,821 - __main__ - INFO -    🚨 30d_Volume_USDT: moderate (Z: 2.59)
2025-05-26 01:49:54,821 - __main__ - INFO -    🚨 30d_Volume: moderate (Z: 2.58)
2025-05-26 01:49:54,823 - __main__ - INFO - 📱 Đã gửi cảnh báo qua Telegram
2025-05-26 01:49:54,824 - __main__ - INFO - ✅ Hoàn thành phát hiện bất thường: 8 anomalies
2025-05-26 01:49:54,824 - __main__ - INFO -    - BTCUSDT: 2 anomalies
2025-05-26 01:49:54,824 - __main__ - INFO -    - ETHUSDT: 1 anomalies
2025-05-26 01:49:54,825 - __main__ - INFO -    - BNBUSDT: 2 anomalies
2025-05-26 01:49:54,825 - __main__ - INFO -    - SOLUSDT: 1 anomalies
2025-05-26 01:49:54,826 - __main__ - INFO -    - DOGEUSDT: 2 anomalies
2025-05-26 01:52:37,121 - __main__ - INFO - ⏹️ Dừng hệ thống theo yêu cầu người dùng
2025-05-26 01:52:37,122 - __main__ - INFO - 🏁 Kết thúc với mã: 0
2025-05-26 02:06:08,097 - __main__ - INFO - ============================================================
2025-05-26 02:06:08,097 - __main__ - INFO - 🚀 BINANCE OI & VOLUME MONITOR - OPTIMIZED VERSION
2025-05-26 02:06:08,098 - __main__ - INFO - ============================================================
2025-05-26 02:06:08,098 - __main__ - INFO - ⏰ Khởi động lúc: 2025-05-26 02:06:08
2025-05-26 02:06:08,099 - __main__ - INFO - 📊 Theo dõi 5 symbols: BTCUSDT, ETHUSDT, BNBUSDT, SOLUSDT, DOGEUSDT
2025-05-26 02:06:08,099 - __main__ - INFO - 🎯 Focus: OI & Volume tracking (24h + 30d)
2025-05-26 02:06:08,100 - __main__ - INFO - 🔧 Bắt đầu khởi tạo hệ thống OI & Volume Monitor
2025-05-26 02:06:08,100 - __main__ - INFO - 📁 Đã tạo/kiểm tra thư mục: data
2025-05-26 02:06:08,101 - __main__ - INFO - 📁 Đã tạo/kiểm tra thư mục: data/charts
2025-05-26 02:06:08,102 - __main__ - INFO - 📁 Đã tạo/kiểm tra thư mục: data/reports
2025-05-26 02:06:08,102 - __main__ - INFO - 📁 Đã tạo/kiểm tra thư mục: data/json
2025-05-26 02:06:08,103 - __main__ - INFO - 📁 Đã tạo/kiểm tra thư mục: logs
2025-05-26 02:06:08,104 - __main__ - INFO - 📁 Đã tạo/kiểm tra thư mục: docs/assets/data
2025-05-26 02:06:08,110 - __main__ - INFO - 🔄 Đang khởi tạo dữ liệu tracking 24h từ Binance API...
2025-05-26 02:06:08,111 - __main__ - INFO - 🔄 Đang khởi tạo dữ liệu 30 ngày từ Binance API...
2025-05-26 02:08:00,909 - __main__ - INFO - 📄 Xuất dữ liệu JSON cho web...
2025-05-26 02:08:01,249 - __main__ - INFO - 💾 Đã khởi tạo cơ sở dữ liệu thành công
2025-05-26 02:08:01,250 - __main__ - INFO - ✅ Hoàn thành khởi tạo hệ thống
2025-05-26 02:08:01,250 - __main__ - INFO - 🎯 CHẾ ĐỘ MẶC ĐỊNH: Setup OI & Volume tracking tối ưu
2025-05-26 02:08:01,251 - __main__ - INFO - 📋 Quy trình: Thu thập lịch sử → Realtime + Báo cáo + Push → Tracking tối ưu
2025-05-26 02:08:01,252 - __main__ - INFO - 🔄 Bước 1/3: Thu thập dữ liệu lịch sử...
2025-05-26 02:08:01,252 - __main__ - INFO - 🔄 Bắt đầu thu thập dữ liệu lịch sử (24h/lần)
2025-05-26 02:11:12,314 - __main__ - INFO - ✅ Hoàn thành thu thập dữ liệu lịch sử
2025-05-26 02:11:12,315 - __main__ - INFO - ⚡ Bước 2/3: Cập nhật realtime + tạo báo cáo + push...
2025-05-26 02:11:12,316 - __main__ - INFO - ⚡ Bắt đầu chu kỳ realtime (30 phút/lần): Update → Reports → Push
2025-05-26 02:11:14,072 - __main__ - INFO - 📡 Thu thập dữ liệu realtime...
2025-05-26 02:11:29,505 - __main__ - INFO - 💾 Đã lưu dữ liệu realtime cho 5/5 symbols
2025-05-26 02:11:29,506 - __main__ - INFO - 📊 Tạo báo cáo tối ưu OI & Volume...
2025-05-26 02:11:29,665 - __main__ - INFO - ✅ Đã tạo báo cáo tổng hợp
2025-05-26 02:11:29,728 - __main__ - INFO - 📈 Đã tạo dữ liệu tracking 24h
2025-05-26 02:11:29,729 - __main__ - INFO - 📁 Xuất dữ liệu JSON tối ưu...
2025-05-26 02:11:30,152 - __main__ - INFO - ✅ Đã xuất dữ liệu JSON cho web
2025-05-26 02:11:30,153 - __main__ - INFO - 📤 Đẩy dữ liệu lên GitHub...
2025-05-26 02:11:30,153 - __main__ - INFO - 📤 Bắt đầu đẩy dữ liệu lên GitHub
2025-05-26 02:11:34,141 - __main__ - INFO - ✅ Đã đẩy dữ liệu lên GitHub thành công lúc 2025-05-26 02:11:30
2025-05-26 02:11:34,142 - __main__ - INFO - 🎉 Hoàn thành chu kỳ realtime: cập nhật → báo cáo → push GitHub
2025-05-26 02:11:34,143 - __main__ - INFO - ⏰ Bước 3/3: Thiết lập tracking tối ưu...
2025-05-26 02:11:34,144 - __main__ - INFO - ⏰ Thiết lập lịch trình tối ưu OI & Volume Tracking
2025-05-26 02:11:34,145 - __main__ - INFO - ✅ Lịch thu thập dữ liệu lịch sử: mỗi ngày lúc 00:05
2025-05-26 02:11:34,146 - __main__ - INFO - ✅ Lịch tracking 24h: mỗi giờ đúng giờ
2025-05-26 02:11:34,147 - __main__ - INFO - ✅ Lịch realtime + báo cáo + push: mỗi 30 phút
2025-05-26 02:11:34,148 - __main__ - INFO - ✅ Lịch phát hiện bất thường tối ưu: mỗi 15 phút
2025-05-26 02:11:34,149 - __main__ - INFO - ✅ Lịch gửi báo cáo Telegram: mỗi ngày lúc 20:00
2025-05-26 02:11:34,150 - __main__ - INFO - 🎯 Đã thiết lập lịch trình tối ưu:
2025-05-26 02:11:34,150 - __main__ - INFO -    📊 Dữ liệu lịch sử: 24h/lần
2025-05-26 02:11:34,151 - __main__ - INFO -    ⏰ Tracking 24h: mỗi giờ đúng
2025-05-26 02:11:34,151 - __main__ - INFO -    ⚡ Realtime + Reports: 30 phút/lần
2025-05-26 02:11:34,152 - __main__ - INFO -    🔍 Anomaly detection: 15 phút/lần
2025-05-26 02:11:34,152 - __main__ - INFO -    📱 Daily Telegram: 1 lần/ngày
2025-05-26 02:11:34,153 - __main__ - INFO - ✅ Hoàn thành setup - OI & Volume tracking tối ưu đã được kích hoạt!
2025-05-26 02:11:34,153 - __main__ - INFO - 🔄 Hệ thống sẽ theo dõi OI & Volume từng giờ và cập nhật web...
2025-05-26 02:11:34,154 - __main__ - INFO - 🚀 Bắt đầu chạy các tác vụ theo lịch trình OI & Volume Tracking
2025-05-26 02:26:34,559 - __main__ - INFO - 🔍 Bắt đầu phát hiện bất thường tối ưu (15 phút/lần)
2025-05-26 02:26:34,572 - __main__ - INFO - 🔍 Phân tích BTCUSDT...
2025-05-26 02:26:34,687 - __main__ - INFO -    🚨 30d_Volume_USDT: moderate (Z: 3.20)
2025-05-26 02:26:34,687 - __main__ - INFO -    🚨 30d_Volume: moderate (Z: 3.12)
2025-05-26 02:26:34,688 - __main__ - INFO - 🔍 Phân tích ETHUSDT...
2025-05-26 02:26:34,762 - __main__ - INFO -    🚨 30d_Volume: moderate (Z: 2.53)
2025-05-26 02:26:34,762 - __main__ - INFO - 🔍 Phân tích BNBUSDT...
2025-05-26 02:26:34,839 - __main__ - INFO -    🚨 30d_Volume_USDT: moderate (Z: 3.03)
2025-05-26 02:26:34,839 - __main__ - INFO -    🚨 30d_Volume: moderate (Z: 2.99)
2025-05-26 02:26:34,840 - __main__ - INFO - 🔍 Phân tích SOLUSDT...
2025-05-26 02:26:34,910 - __main__ - INFO -    🚨 30d_OI: moderate (Z: 2.69)
2025-05-26 02:26:34,910 - __main__ - INFO - 🔍 Phân tích DOGEUSDT...
2025-05-26 02:26:34,988 - __main__ - INFO -    🚨 30d_Volume_USDT: moderate (Z: 2.59)
2025-05-26 02:26:34,989 - __main__ - INFO -    🚨 30d_Volume: moderate (Z: 2.58)
2025-05-26 02:26:34,990 - __main__ - INFO - 📱 Đã gửi cảnh báo qua Telegram
2025-05-26 02:26:34,991 - __main__ - INFO - ✅ Hoàn thành phát hiện bất thường: 8 anomalies
2025-05-26 02:26:34,991 - __main__ - INFO -    - BTCUSDT: 2 anomalies
2025-05-26 02:26:34,992 - __main__ - INFO -    - ETHUSDT: 1 anomalies
2025-05-26 02:26:34,993 - __main__ - INFO -    - BNBUSDT: 2 anomalies
2025-05-26 02:26:34,993 - __main__ - INFO -    - SOLUSDT: 1 anomalies
2025-05-26 02:26:34,993 - __main__ - INFO -    - DOGEUSDT: 2 anomalies
2025-05-26 02:41:34,404 - __main__ - INFO - ⚡ Bắt đầu chu kỳ realtime (30 phút/lần): Update → Reports → Push
2025-05-26 02:41:36,125 - __main__ - INFO - 📡 Thu thập dữ liệu realtime...
2025-05-26 02:41:51,097 - __main__ - INFO - 💾 Đã lưu dữ liệu realtime cho 5/5 symbols
2025-05-26 02:41:51,098 - __main__ - INFO - 📊 Tạo báo cáo tối ưu OI & Volume...
2025-05-26 02:41:51,250 - __main__ - INFO - ✅ Đã tạo báo cáo tổng hợp
2025-05-26 02:41:51,311 - __main__ - INFO - 📈 Đã tạo dữ liệu tracking 24h
2025-05-26 02:41:51,312 - __main__ - INFO - 📁 Xuất dữ liệu JSON tối ưu...
2025-05-26 02:41:51,723 - __main__ - INFO - ✅ Đã xuất dữ liệu JSON cho web
2025-05-26 02:41:51,723 - __main__ - INFO - 📤 Đẩy dữ liệu lên GitHub...
2025-05-26 02:41:51,724 - __main__ - INFO - 📤 Bắt đầu đẩy dữ liệu lên GitHub
2025-05-26 02:41:55,081 - __main__ - INFO - ✅ Đã đẩy dữ liệu lên GitHub thành công lúc 2025-05-26 02:41:52
2025-05-26 02:41:55,083 - __main__ - INFO - 🎉 Hoàn thành chu kỳ realtime: cập nhật → báo cáo → push GitHub
2025-05-26 02:41:56,092 - __main__ - INFO - 🔍 Bắt đầu phát hiện bất thường tối ưu (15 phút/lần)
2025-05-26 02:41:56,103 - __main__ - INFO - 🔍 Phân tích BTCUSDT...
2025-05-26 02:41:56,211 - __main__ - INFO -    🚨 30d_Volume_USDT: moderate (Z: 3.20)
2025-05-26 02:41:56,211 - __main__ - INFO -    🚨 30d_Volume: moderate (Z: 3.12)
2025-05-26 02:41:56,212 - __main__ - INFO - 🔍 Phân tích ETHUSDT...
2025-05-26 02:41:56,290 - __main__ - INFO -    🚨 30d_Volume: moderate (Z: 2.53)
2025-05-26 02:41:56,291 - __main__ - INFO - 🔍 Phân tích BNBUSDT...
2025-05-26 02:41:56,372 - __main__ - INFO -    🚨 30d_Volume_USDT: moderate (Z: 3.03)
2025-05-26 02:41:56,373 - __main__ - INFO -    🚨 30d_Volume: moderate (Z: 2.99)
2025-05-26 02:41:56,373 - __main__ - INFO - 🔍 Phân tích SOLUSDT...
2025-05-26 02:41:56,445 - __main__ - INFO -    🚨 30d_OI: moderate (Z: 2.69)
2025-05-26 02:41:56,446 - __main__ - INFO - 🔍 Phân tích DOGEUSDT...
2025-05-26 02:41:56,522 - __main__ - INFO -    🚨 30d_Volume_USDT: moderate (Z: 2.59)
2025-05-26 02:41:56,523 - __main__ - INFO -    🚨 30d_Volume: moderate (Z: 2.58)
2025-05-26 02:41:56,525 - __main__ - INFO - 📱 Đã gửi cảnh báo qua Telegram
2025-05-26 02:41:56,525 - __main__ - INFO - ✅ Hoàn thành phát hiện bất thường: 8 anomalies
2025-05-26 02:41:56,526 - __main__ - INFO -    - BTCUSDT: 2 anomalies
2025-05-26 02:41:56,526 - __main__ - INFO -    - ETHUSDT: 1 anomalies
2025-05-26 02:41:56,527 - __main__ - INFO -    - BNBUSDT: 2 anomalies
2025-05-26 02:41:56,527 - __main__ - INFO -    - SOLUSDT: 1 anomalies
2025-05-26 02:41:56,528 - __main__ - INFO -    - DOGEUSDT: 2 anomalies
2025-05-26 02:56:57,389 - __main__ - INFO - 🔍 Bắt đầu phát hiện bất thường tối ưu (15 phút/lần)
2025-05-26 02:56:57,400 - __main__ - INFO - 🔍 Phân tích BTCUSDT...
2025-05-26 02:56:57,516 - __main__ - INFO -    🚨 30d_Volume_USDT: moderate (Z: 3.20)
2025-05-26 02:56:57,517 - __main__ - INFO -    🚨 30d_Volume: moderate (Z: 3.12)
2025-05-26 02:56:57,518 - __main__ - INFO - 🔍 Phân tích ETHUSDT...
2025-05-26 02:56:57,594 - __main__ - INFO -    🚨 30d_Volume: moderate (Z: 2.53)
2025-05-26 02:56:57,594 - __main__ - INFO - 🔍 Phân tích BNBUSDT...
2025-05-26 02:56:57,669 - __main__ - INFO -    🚨 30d_Volume_USDT: moderate (Z: 3.03)
2025-05-26 02:56:57,670 - __main__ - INFO -    🚨 30d_Volume: moderate (Z: 2.99)
2025-05-26 02:56:57,670 - __main__ - INFO - 🔍 Phân tích SOLUSDT...
2025-05-26 02:56:57,738 - __main__ - INFO -    🚨 30d_OI: moderate (Z: 2.69)
2025-05-26 02:56:57,739 - __main__ - INFO - 🔍 Phân tích DOGEUSDT...
2025-05-26 02:56:57,813 - __main__ - INFO -    🚨 30d_Volume_USDT: moderate (Z: 2.59)
2025-05-26 02:56:57,814 - __main__ - INFO -    🚨 30d_Volume: moderate (Z: 2.58)
2025-05-26 02:56:57,816 - __main__ - INFO - 📱 Đã gửi cảnh báo qua Telegram
2025-05-26 02:56:57,816 - __main__ - INFO - ✅ Hoàn thành phát hiện bất thường: 8 anomalies
2025-05-26 02:56:57,817 - __main__ - INFO -    - BTCUSDT: 2 anomalies
2025-05-26 02:56:57,817 - __main__ - INFO -    - ETHUSDT: 1 anomalies
2025-05-26 02:56:57,818 - __main__ - INFO -    - BNBUSDT: 2 anomalies
2025-05-26 02:56:57,818 - __main__ - INFO -    - SOLUSDT: 1 anomalies
2025-05-26 02:56:57,818 - __main__ - INFO -    - DOGEUSDT: 2 anomalies
2025-05-26 03:00:00,808 - __main__ - INFO - ⏰ Bắt đầu cập nhật dữ liệu hàng giờ - Tracking 24h
2025-05-26 03:00:02,452 - __main__ - INFO - 📡 Thu thập dữ liệu realtime cho tracking 24h...
2025-05-26 03:00:17,339 - __main__ - INFO - 💾 Đã lưu dữ liệu hàng giờ cho 5/5 symbols lúc 03:00
2025-05-26 03:00:17,350 - __main__ - INFO - 📊 Đã cập nhật tracking 24h cho 03:00
2025-05-26 03:11:55,271 - __main__ - INFO - ⚡ Bắt đầu chu kỳ realtime (30 phút/lần): Update → Reports → Push
2025-05-26 03:11:57,972 - __main__ - INFO - 📡 Thu thập dữ liệu realtime...
2025-05-26 03:12:13,304 - __main__ - INFO - 💾 Đã lưu dữ liệu realtime cho 5/5 symbols
2025-05-26 03:12:13,305 - __main__ - INFO - 📊 Tạo báo cáo tối ưu OI & Volume...
2025-05-26 03:12:13,469 - __main__ - INFO - ✅ Đã tạo báo cáo tổng hợp
2025-05-26 03:12:13,531 - __main__ - INFO - 📈 Đã tạo dữ liệu tracking 24h
2025-05-26 03:12:13,532 - __main__ - INFO - 📁 Xuất dữ liệu JSON tối ưu...
2025-05-26 03:12:13,967 - __main__ - INFO - ✅ Đã xuất dữ liệu JSON cho web
2025-05-26 03:12:13,968 - __main__ - INFO - 📤 Đẩy dữ liệu lên GitHub...
2025-05-26 03:12:13,968 - __main__ - INFO - 📤 Bắt đầu đẩy dữ liệu lên GitHub
2025-05-26 03:12:17,332 - __main__ - INFO - ✅ Đã đẩy dữ liệu lên GitHub thành công lúc 2025-05-26 03:12:14
2025-05-26 03:12:17,333 - __main__ - INFO - 🎉 Hoàn thành chu kỳ realtime: cập nhật → báo cáo → push GitHub
2025-05-26 03:12:18,344 - __main__ - INFO - 🔍 Bắt đầu phát hiện bất thường tối ưu (15 phút/lần)
2025-05-26 03:12:18,355 - __main__ - INFO - 🔍 Phân tích BTCUSDT...
2025-05-26 03:12:18,459 - __main__ - INFO -    🚨 30d_Volume_USDT: moderate (Z: 3.20)
2025-05-26 03:12:18,459 - __main__ - INFO -    🚨 30d_Volume: moderate (Z: 3.12)
2025-05-26 03:12:18,460 - __main__ - INFO - 🔍 Phân tích ETHUSDT...
2025-05-26 03:12:18,537 - __main__ - INFO -    🚨 30d_Volume: moderate (Z: 2.53)
2025-05-26 03:12:18,538 - __main__ - INFO - 🔍 Phân tích BNBUSDT...
2025-05-26 03:12:18,620 - __main__ - INFO -    🚨 30d_Volume_USDT: moderate (Z: 3.03)
2025-05-26 03:12:18,621 - __main__ - INFO -    🚨 30d_Volume: moderate (Z: 2.99)
2025-05-26 03:12:18,621 - __main__ - INFO - 🔍 Phân tích SOLUSDT...
2025-05-26 03:12:18,697 - __main__ - INFO -    🚨 30d_OI: moderate (Z: 2.60)
2025-05-26 03:12:18,697 - __main__ - INFO - 🔍 Phân tích DOGEUSDT...
2025-05-26 03:12:18,774 - __main__ - INFO -    🚨 30d_Volume_USDT: moderate (Z: 2.59)
2025-05-26 03:12:18,775 - __main__ - INFO -    🚨 30d_Volume: moderate (Z: 2.58)
2025-05-26 03:12:18,776 - __main__ - INFO - 📱 Đã gửi cảnh báo qua Telegram
2025-05-26 03:12:18,777 - __main__ - INFO - ✅ Hoàn thành phát hiện bất thường: 8 anomalies
2025-05-26 03:12:18,777 - __main__ - INFO -    - BTCUSDT: 2 anomalies
2025-05-26 03:12:18,778 - __main__ - INFO -    - ETHUSDT: 1 anomalies
2025-05-26 03:12:18,778 - __main__ - INFO -    - BNBUSDT: 2 anomalies
2025-05-26 03:12:18,779 - __main__ - INFO -    - SOLUSDT: 1 anomalies
2025-05-26 03:12:18,779 - __main__ - INFO -    - DOGEUSDT: 2 anomalies
2025-05-26 03:27:18,994 - __main__ - INFO - 🔍 Bắt đầu phát hiện bất thường tối ưu (15 phút/lần)
2025-05-26 03:27:19,005 - __main__ - INFO - 🔍 Phân tích BTCUSDT...
2025-05-26 03:27:19,118 - __main__ - INFO -    🚨 30d_Volume_USDT: moderate (Z: 3.20)
2025-05-26 03:27:19,119 - __main__ - INFO -    🚨 30d_Volume: moderate (Z: 3.12)
2025-05-26 03:27:19,119 - __main__ - INFO - 🔍 Phân tích ETHUSDT...
2025-05-26 03:27:19,195 - __main__ - INFO -    🚨 30d_Volume: moderate (Z: 2.53)
2025-05-26 03:27:19,196 - __main__ - INFO - 🔍 Phân tích BNBUSDT...
2025-05-26 03:27:19,274 - __main__ - INFO -    🚨 30d_Volume_USDT: moderate (Z: 3.03)
2025-05-26 03:27:19,275 - __main__ - INFO -    🚨 30d_Volume: moderate (Z: 2.99)
2025-05-26 03:27:19,275 - __main__ - INFO - 🔍 Phân tích SOLUSDT...
2025-05-26 03:27:19,348 - __main__ - INFO -    🚨 30d_OI: moderate (Z: 2.60)
2025-05-26 03:27:19,349 - __main__ - INFO - 🔍 Phân tích DOGEUSDT...
2025-05-26 03:27:19,433 - __main__ - INFO -    🚨 30d_Volume_USDT: moderate (Z: 2.59)
2025-05-26 03:27:19,434 - __main__ - INFO -    🚨 30d_Volume: moderate (Z: 2.58)
2025-05-26 03:27:19,435 - __main__ - INFO - 📱 Đã gửi cảnh báo qua Telegram
2025-05-26 03:27:19,436 - __main__ - INFO - ✅ Hoàn thành phát hiện bất thường: 8 anomalies
2025-05-26 03:27:19,436 - __main__ - INFO -    - BTCUSDT: 2 anomalies
2025-05-26 03:27:19,436 - __main__ - INFO -    - ETHUSDT: 1 anomalies
2025-05-26 03:27:19,437 - __main__ - INFO -    - BNBUSDT: 2 anomalies
2025-05-26 03:27:19,437 - __main__ - INFO -    - SOLUSDT: 1 anomalies
2025-05-26 03:27:19,438 - __main__ - INFO -    - DOGEUSDT: 2 anomalies
2025-05-26 03:42:17,612 - __main__ - INFO - ⚡ Bắt đầu chu kỳ realtime (30 phút/lần): Update → Reports → Push
2025-05-26 03:42:19,324 - __main__ - INFO - 📡 Thu thập dữ liệu realtime...
2025-05-26 03:42:34,019 - __main__ - INFO - 💾 Đã lưu dữ liệu realtime cho 5/5 symbols
2025-05-26 03:42:34,020 - __main__ - INFO - 📊 Tạo báo cáo tối ưu OI & Volume...
2025-05-26 03:42:34,158 - __main__ - INFO - ✅ Đã tạo báo cáo tổng hợp
2025-05-26 03:42:34,215 - __main__ - INFO - 📈 Đã tạo dữ liệu tracking 24h
2025-05-26 03:42:34,215 - __main__ - INFO - 📁 Xuất dữ liệu JSON tối ưu...
2025-05-26 03:42:34,624 - __main__ - INFO - ✅ Đã xuất dữ liệu JSON cho web
2025-05-26 03:42:34,624 - __main__ - INFO - 📤 Đẩy dữ liệu lên GitHub...
2025-05-26 03:42:34,625 - __main__ - INFO - 📤 Bắt đầu đẩy dữ liệu lên GitHub
2025-05-26 03:42:38,098 - __main__ - INFO - ✅ Đã đẩy dữ liệu lên GitHub thành công lúc 2025-05-26 03:42:34
2025-05-26 03:42:38,099 - __main__ - INFO - 🎉 Hoàn thành chu kỳ realtime: cập nhật → báo cáo → push GitHub
2025-05-26 03:42:39,105 - __main__ - INFO - 🔍 Bắt đầu phát hiện bất thường tối ưu (15 phút/lần)
2025-05-26 03:42:39,115 - __main__ - INFO - 🔍 Phân tích BTCUSDT...
2025-05-26 03:42:39,211 - __main__ - INFO -    🚨 30d_Volume_USDT: moderate (Z: 3.20)
2025-05-26 03:42:39,212 - __main__ - INFO -    🚨 30d_Volume: moderate (Z: 3.12)
2025-05-26 03:42:39,212 - __main__ - INFO - 🔍 Phân tích ETHUSDT...
2025-05-26 03:42:39,288 - __main__ - INFO -    🚨 30d_Volume: moderate (Z: 2.53)
2025-05-26 03:42:39,288 - __main__ - INFO - 🔍 Phân tích BNBUSDT...
2025-05-26 03:42:39,361 - __main__ - INFO -    🚨 30d_Volume_USDT: moderate (Z: 3.03)
2025-05-26 03:42:39,362 - __main__ - INFO -    🚨 30d_Volume: moderate (Z: 2.99)
2025-05-26 03:42:39,363 - __main__ - INFO - 🔍 Phân tích SOLUSDT...
2025-05-26 03:42:39,428 - __main__ - INFO -    🚨 30d_OI: moderate (Z: 2.53)
2025-05-26 03:42:39,429 - __main__ - INFO - 🔍 Phân tích DOGEUSDT...
2025-05-26 03:42:39,499 - __main__ - INFO -    🚨 30d_Volume_USDT: moderate (Z: 2.59)
2025-05-26 03:42:39,499 - __main__ - INFO -    🚨 30d_Volume: moderate (Z: 2.58)
2025-05-26 03:42:39,500 - __main__ - INFO - 📱 Đã gửi cảnh báo qua Telegram
2025-05-26 03:42:39,501 - __main__ - INFO - ✅ Hoàn thành phát hiện bất thường: 8 anomalies
2025-05-26 03:42:39,501 - __main__ - INFO -    - BTCUSDT: 2 anomalies
2025-05-26 03:42:39,502 - __main__ - INFO -    - ETHUSDT: 1 anomalies
2025-05-26 03:42:39,502 - __main__ - INFO -    - BNBUSDT: 2 anomalies
2025-05-26 03:42:39,503 - __main__ - INFO -    - SOLUSDT: 1 anomalies
2025-05-26 03:42:39,503 - __main__ - INFO -    - DOGEUSDT: 2 anomalies
2025-05-26 03:57:39,997 - __main__ - INFO - 🔍 Bắt đầu phát hiện bất thường tối ưu (15 phút/lần)
2025-05-26 03:57:40,008 - __main__ - INFO - 🔍 Phân tích BTCUSDT...
2025-05-26 03:57:40,123 - __main__ - INFO -    🚨 30d_Volume_USDT: moderate (Z: 3.20)
2025-05-26 03:57:40,123 - __main__ - INFO -    🚨 30d_Volume: moderate (Z: 3.12)
2025-05-26 03:57:40,124 - __main__ - INFO - 🔍 Phân tích ETHUSDT...
2025-05-26 03:57:40,200 - __main__ - INFO -    🚨 30d_Volume: moderate (Z: 2.53)
2025-05-26 03:57:40,201 - __main__ - INFO - 🔍 Phân tích BNBUSDT...
2025-05-26 03:57:40,277 - __main__ - INFO -    🚨 30d_Volume_USDT: moderate (Z: 3.03)
2025-05-26 03:57:40,278 - __main__ - INFO -    🚨 30d_Volume: moderate (Z: 2.99)
2025-05-26 03:57:40,278 - __main__ - INFO - 🔍 Phân tích SOLUSDT...
2025-05-26 03:57:40,347 - __main__ - INFO -    🚨 30d_OI: moderate (Z: 2.53)
2025-05-26 03:57:40,348 - __main__ - INFO - 🔍 Phân tích DOGEUSDT...
2025-05-26 03:57:40,423 - __main__ - INFO -    🚨 30d_Volume_USDT: moderate (Z: 2.59)
2025-05-26 03:57:40,423 - __main__ - INFO -    🚨 30d_Volume: moderate (Z: 2.58)
2025-05-26 03:57:40,425 - __main__ - INFO - 📱 Đã gửi cảnh báo qua Telegram
2025-05-26 03:57:40,425 - __main__ - INFO - ✅ Hoàn thành phát hiện bất thường: 8 anomalies
2025-05-26 03:57:40,426 - __main__ - INFO -    - BTCUSDT: 2 anomalies
2025-05-26 03:57:40,427 - __main__ - INFO -    - ETHUSDT: 1 anomalies
2025-05-26 03:57:40,427 - __main__ - INFO -    - BNBUSDT: 2 anomalies
2025-05-26 03:57:40,428 - __main__ - INFO -    - SOLUSDT: 1 anomalies
2025-05-26 03:57:40,428 - __main__ - INFO -    - DOGEUSDT: 2 anomalies
2025-05-26 04:00:00,221 - __main__ - INFO - ⏰ Bắt đầu cập nhật dữ liệu hàng giờ - Tracking 24h
2025-05-26 04:00:01,970 - __main__ - INFO - 📡 Thu thập dữ liệu realtime cho tracking 24h...
2025-05-26 04:00:17,241 - __main__ - INFO - 💾 Đã lưu dữ liệu hàng giờ cho 5/5 symbols lúc 04:00
2025-05-26 04:00:17,254 - __main__ - INFO - 📊 Đã cập nhật tracking 24h cho 04:00
2025-05-26 04:12:38,359 - __main__ - INFO - ⚡ Bắt đầu chu kỳ realtime (30 phút/lần): Update → Reports → Push
2025-05-26 04:12:40,166 - __main__ - INFO - 📡 Thu thập dữ liệu realtime...
2025-05-26 04:12:55,543 - __main__ - INFO - 💾 Đã lưu dữ liệu realtime cho 5/5 symbols
2025-05-26 04:12:55,544 - __main__ - INFO - 📊 Tạo báo cáo tối ưu OI & Volume...
2025-05-26 04:12:55,715 - __main__ - INFO - ✅ Đã tạo báo cáo tổng hợp
2025-05-26 04:12:55,781 - __main__ - INFO - 📈 Đã tạo dữ liệu tracking 24h
2025-05-26 04:12:55,782 - __main__ - INFO - 📁 Xuất dữ liệu JSON tối ưu...
2025-05-26 04:12:56,180 - __main__ - INFO - ✅ Đã xuất dữ liệu JSON cho web
2025-05-26 04:12:56,181 - __main__ - INFO - 📤 Đẩy dữ liệu lên GitHub...
2025-05-26 04:12:56,181 - __main__ - INFO - 📤 Bắt đầu đẩy dữ liệu lên GitHub
2025-05-26 04:12:59,433 - __main__ - INFO - ✅ Đã đẩy dữ liệu lên GitHub thành công lúc 2025-05-26 04:12:56
2025-05-26 04:12:59,434 - __main__ - INFO - 🎉 Hoàn thành chu kỳ realtime: cập nhật → báo cáo → push GitHub
2025-05-26 04:13:00,441 - __main__ - INFO - 🔍 Bắt đầu phát hiện bất thường tối ưu (15 phút/lần)
2025-05-26 04:13:00,452 - __main__ - INFO - 🔍 Phân tích BTCUSDT...
2025-05-26 04:13:00,552 - __main__ - INFO -    🚨 30d_Volume_USDT: moderate (Z: 3.20)
2025-05-26 04:13:00,552 - __main__ - INFO -    🚨 30d_Volume: moderate (Z: 3.12)
2025-05-26 04:13:00,553 - __main__ - INFO - 🔍 Phân tích ETHUSDT...
2025-05-26 04:13:00,633 - __main__ - INFO -    🚨 30d_Volume: moderate (Z: 2.53)
2025-05-26 04:13:00,634 - __main__ - INFO - 🔍 Phân tích BNBUSDT...
2025-05-26 04:13:00,714 - __main__ - INFO -    🚨 30d_Volume_USDT: moderate (Z: 3.03)
2025-05-26 04:13:00,714 - __main__ - INFO -    🚨 30d_Volume: moderate (Z: 2.99)
2025-05-26 04:13:00,715 - __main__ - INFO - 🔍 Phân tích SOLUSDT...
2025-05-26 04:13:00,783 - __main__ - INFO -    ✅ SOLUSDT: Không phát hiện anomaly
2025-05-26 04:13:00,783 - __main__ - INFO - 🔍 Phân tích DOGEUSDT...
2025-05-26 04:13:00,864 - __main__ - INFO -    🚨 30d_Volume_USDT: moderate (Z: 2.59)
2025-05-26 04:13:00,865 - __main__ - INFO -    🚨 30d_Volume: moderate (Z: 2.58)
2025-05-26 04:13:00,867 - __main__ - INFO - 📱 Đã gửi cảnh báo qua Telegram
2025-05-26 04:13:00,867 - __main__ - INFO - ✅ Hoàn thành phát hiện bất thường: 7 anomalies
2025-05-26 04:13:00,868 - __main__ - INFO -    - BTCUSDT: 2 anomalies
2025-05-26 04:13:00,868 - __main__ - INFO -    - ETHUSDT: 1 anomalies
2025-05-26 04:13:00,869 - __main__ - INFO -    - BNBUSDT: 2 anomalies
2025-05-26 04:13:00,869 - __main__ - INFO -    - DOGEUSDT: 2 anomalies
2025-05-26 04:28:01,046 - __main__ - INFO - 🔍 Bắt đầu phát hiện bất thường tối ưu (15 phút/lần)
2025-05-26 04:28:01,057 - __main__ - INFO - 🔍 Phân tích BTCUSDT...
2025-05-26 04:28:01,153 - __main__ - INFO -    🚨 30d_Volume_USDT: moderate (Z: 3.20)
2025-05-26 04:28:01,154 - __main__ - INFO -    🚨 30d_Volume: moderate (Z: 3.12)
2025-05-26 04:28:01,154 - __main__ - INFO - 🔍 Phân tích ETHUSDT...
2025-05-26 04:28:01,228 - __main__ - INFO -    🚨 30d_Volume: moderate (Z: 2.53)
2025-05-26 04:28:01,229 - __main__ - INFO - 🔍 Phân tích BNBUSDT...
2025-05-26 04:28:01,310 - __main__ - INFO -    🚨 30d_Volume_USDT: moderate (Z: 3.03)
2025-05-26 04:28:01,311 - __main__ - INFO -    🚨 30d_Volume: moderate (Z: 2.99)
2025-05-26 04:28:01,312 - __main__ - INFO - 🔍 Phân tích SOLUSDT...
2025-05-26 04:28:01,381 - __main__ - INFO -    ✅ SOLUSDT: Không phát hiện anomaly
2025-05-26 04:28:01,381 - __main__ - INFO - 🔍 Phân tích DOGEUSDT...
2025-05-26 04:28:01,454 - __main__ - INFO -    🚨 30d_Volume_USDT: moderate (Z: 2.59)
2025-05-26 04:28:01,455 - __main__ - INFO -    🚨 30d_Volume: moderate (Z: 2.58)
2025-05-26 04:28:01,457 - __main__ - INFO - 📱 Đã gửi cảnh báo qua Telegram
2025-05-26 04:28:01,457 - __main__ - INFO - ✅ Hoàn thành phát hiện bất thường: 7 anomalies
2025-05-26 04:28:01,458 - __main__ - INFO -    - BTCUSDT: 2 anomalies
2025-05-26 04:28:01,458 - __main__ - INFO -    - ETHUSDT: 1 anomalies
2025-05-26 04:28:01,459 - __main__ - INFO -    - BNBUSDT: 2 anomalies
2025-05-26 04:28:01,459 - __main__ - INFO -    - DOGEUSDT: 2 anomalies
2025-05-26 04:42:59,612 - __main__ - INFO - ⚡ Bắt đầu chu kỳ realtime (30 phút/lần): Update → Reports → Push
2025-05-26 04:43:01,437 - __main__ - INFO - 📡 Thu thập dữ liệu realtime...
2025-05-26 04:43:16,471 - __main__ - INFO - 💾 Đã lưu dữ liệu realtime cho 5/5 symbols
2025-05-26 04:43:16,472 - __main__ - INFO - 📊 Tạo báo cáo tối ưu OI & Volume...
2025-05-26 04:43:16,626 - __main__ - INFO - ✅ Đã tạo báo cáo tổng hợp
2025-05-26 04:43:16,686 - __main__ - INFO - 📈 Đã tạo dữ liệu tracking 24h
2025-05-26 04:43:16,687 - __main__ - INFO - 📁 Xuất dữ liệu JSON tối ưu...
2025-05-26 04:43:17,055 - __main__ - INFO - ✅ Đã xuất dữ liệu JSON cho web
2025-05-26 04:43:17,057 - __main__ - INFO - 📤 Đẩy dữ liệu lên GitHub...
2025-05-26 04:43:17,057 - __main__ - INFO - 📤 Bắt đầu đẩy dữ liệu lên GitHub
2025-05-26 04:43:20,373 - __main__ - INFO - ✅ Đã đẩy dữ liệu lên GitHub thành công lúc 2025-05-26 04:43:17
2025-05-26 04:43:20,374 - __main__ - INFO - 🎉 Hoàn thành chu kỳ realtime: cập nhật → báo cáo → push GitHub
2025-05-26 04:43:21,387 - __main__ - INFO - 🔍 Bắt đầu phát hiện bất thường tối ưu (15 phút/lần)
2025-05-26 04:43:21,397 - __main__ - INFO - 🔍 Phân tích BTCUSDT...
2025-05-26 04:43:21,492 - __main__ - INFO -    🚨 30d_Volume_USDT: moderate (Z: 3.20)
2025-05-26 04:43:21,493 - __main__ - INFO -    🚨 30d_Volume: moderate (Z: 3.12)
2025-05-26 04:43:21,493 - __main__ - INFO - 🔍 Phân tích ETHUSDT...
2025-05-26 04:43:21,562 - __main__ - INFO -    🚨 30d_Volume: moderate (Z: 2.53)
2025-05-26 04:43:21,562 - __main__ - INFO - 🔍 Phân tích BNBUSDT...
2025-05-26 04:43:21,639 - __main__ - INFO -    🚨 30d_Volume_USDT: moderate (Z: 3.03)
2025-05-26 04:43:21,640 - __main__ - INFO -    🚨 30d_Volume: moderate (Z: 2.99)
2025-05-26 04:43:21,640 - __main__ - INFO - 🔍 Phân tích SOLUSDT...
2025-05-26 04:43:21,718 - __main__ - INFO -    🚨 30d_OI_Value: moderate (Z: 2.50)
2025-05-26 04:43:21,719 - __main__ - INFO -    🚨 30d_Avg_OI_Value: moderate (Z: 2.50)
2025-05-26 04:43:21,719 - __main__ - INFO - 🔍 Phân tích DOGEUSDT...
2025-05-26 04:43:21,794 - __main__ - INFO -    🚨 30d_Volume_USDT: moderate (Z: 2.59)
2025-05-26 04:43:21,794 - __main__ - INFO -    🚨 30d_Volume: moderate (Z: 2.58)
2025-05-26 04:43:21,796 - __main__ - INFO - 📱 Đã gửi cảnh báo qua Telegram
2025-05-26 04:43:21,796 - __main__ - INFO - ✅ Hoàn thành phát hiện bất thường: 9 anomalies
2025-05-26 04:43:21,797 - __main__ - INFO -    - BTCUSDT: 2 anomalies
2025-05-26 04:43:21,797 - __main__ - INFO -    - ETHUSDT: 1 anomalies
2025-05-26 04:43:21,797 - __main__ - INFO -    - BNBUSDT: 2 anomalies
2025-05-26 04:43:21,798 - __main__ - INFO -    - SOLUSDT: 2 anomalies
2025-05-26 04:43:21,798 - __main__ - INFO -    - DOGEUSDT: 2 anomalies
2025-05-26 04:58:22,769 - __main__ - INFO - 🔍 Bắt đầu phát hiện bất thường tối ưu (15 phút/lần)
2025-05-26 04:58:22,777 - __main__ - INFO - 🔍 Phân tích BTCUSDT...
2025-05-26 04:58:22,855 - __main__ - INFO -    🚨 30d_Volume_USDT: moderate (Z: 3.20)
2025-05-26 04:58:22,856 - __main__ - INFO -    🚨 30d_Volume: moderate (Z: 3.12)
2025-05-26 04:58:22,857 - __main__ - INFO - 🔍 Phân tích ETHUSDT...
2025-05-26 04:58:22,925 - __main__ - INFO -    🚨 30d_Volume: moderate (Z: 2.53)
2025-05-26 04:58:22,925 - __main__ - INFO - 🔍 Phân tích BNBUSDT...
2025-05-26 04:58:22,996 - __main__ - INFO -    🚨 30d_Volume_USDT: moderate (Z: 3.03)
2025-05-26 04:58:22,997 - __main__ - INFO -    🚨 30d_Volume: moderate (Z: 2.99)
2025-05-26 04:58:22,997 - __main__ - INFO - 🔍 Phân tích SOLUSDT...
2025-05-26 04:58:23,068 - __main__ - INFO -    🚨 30d_OI_Value: moderate (Z: 2.50)
2025-05-26 04:58:23,068 - __main__ - INFO -    🚨 30d_Avg_OI_Value: moderate (Z: 2.50)
2025-05-26 04:58:23,069 - __main__ - INFO - 🔍 Phân tích DOGEUSDT...
2025-05-26 04:58:23,140 - __main__ - INFO -    🚨 30d_Volume_USDT: moderate (Z: 2.59)
2025-05-26 04:58:23,141 - __main__ - INFO -    🚨 30d_Volume: moderate (Z: 2.58)
2025-05-26 04:58:23,143 - __main__ - INFO - 📱 Đã gửi cảnh báo qua Telegram
2025-05-26 04:58:23,144 - __main__ - INFO - ✅ Hoàn thành phát hiện bất thường: 9 anomalies
2025-05-26 04:58:23,144 - __main__ - INFO -    - BTCUSDT: 2 anomalies
2025-05-26 04:58:23,145 - __main__ - INFO -    - ETHUSDT: 1 anomalies
2025-05-26 04:58:23,146 - __main__ - INFO -    - BNBUSDT: 2 anomalies
2025-05-26 04:58:23,146 - __main__ - INFO -    - SOLUSDT: 2 anomalies
2025-05-26 04:58:23,147 - __main__ - INFO -    - DOGEUSDT: 2 anomalies
2025-05-26 05:00:00,668 - __main__ - INFO - ⏰ Bắt đầu cập nhật dữ liệu hàng giờ - Tracking 24h
2025-05-26 05:00:02,477 - __main__ - INFO - 📡 Thu thập dữ liệu realtime cho tracking 24h...
2025-05-26 05:00:17,452 - __main__ - INFO - 💾 Đã lưu dữ liệu hàng giờ cho 5/5 symbols lúc 05:00
2025-05-26 05:00:17,464 - __main__ - INFO - 📊 Đã cập nhật tracking 24h cho 05:00
2025-05-26 05:13:20,987 - __main__ - INFO - ⚡ Bắt đầu chu kỳ realtime (30 phút/lần): Update → Reports → Push
2025-05-26 05:13:22,655 - __main__ - INFO - 📡 Thu thập dữ liệu realtime...
2025-05-26 05:13:37,340 - __main__ - INFO - 💾 Đã lưu dữ liệu realtime cho 5/5 symbols
2025-05-26 05:13:37,340 - __main__ - INFO - 📊 Tạo báo cáo tối ưu OI & Volume...
2025-05-26 05:13:37,474 - __main__ - INFO - ✅ Đã tạo báo cáo tổng hợp
2025-05-26 05:13:37,523 - __main__ - INFO - 📈 Đã tạo dữ liệu tracking 24h
2025-05-26 05:13:37,524 - __main__ - INFO - 📁 Xuất dữ liệu JSON tối ưu...
2025-05-26 05:13:37,862 - __main__ - INFO - ✅ Đã xuất dữ liệu JSON cho web
2025-05-26 05:13:37,863 - __main__ - INFO - 📤 Đẩy dữ liệu lên GitHub...
2025-05-26 05:13:37,863 - __main__ - INFO - 📤 Bắt đầu đẩy dữ liệu lên GitHub
2025-05-26 05:13:41,192 - __main__ - INFO - ✅ Đã đẩy dữ liệu lên GitHub thành công lúc 2025-05-26 05:13:38
2025-05-26 05:13:41,193 - __main__ - INFO - 🎉 Hoàn thành chu kỳ realtime: cập nhật → báo cáo → push GitHub
2025-05-26 05:13:42,205 - __main__ - INFO - 🔍 Bắt đầu phát hiện bất thường tối ưu (15 phút/lần)
2025-05-26 05:13:42,216 - __main__ - INFO - 🔍 Phân tích BTCUSDT...
2025-05-26 05:13:42,335 - __main__ - INFO -    🚨 30d_Avg_OI_Value: moderate (Z: 3.02)
2025-05-26 05:13:42,335 - __main__ - INFO -    🚨 30d_Volume_USDT: moderate (Z: 3.20)
2025-05-26 05:13:42,336 - __main__ - INFO -    🚨 30d_Volume: moderate (Z: 3.12)
2025-05-26 05:13:42,336 - __main__ - INFO - 🔍 Phân tích ETHUSDT...
2025-05-26 05:13:42,415 - __main__ - INFO -    🚨 30d_Volume: moderate (Z: 2.53)
2025-05-26 05:13:42,415 - __main__ - INFO - 🔍 Phân tích BNBUSDT...
2025-05-26 05:13:42,496 - __main__ - INFO -    🚨 30d_Volume_USDT: moderate (Z: 3.03)
2025-05-26 05:13:42,497 - __main__ - INFO -    🚨 30d_Volume: moderate (Z: 2.99)
2025-05-26 05:13:42,497 - __main__ - INFO - 🔍 Phân tích SOLUSDT...
2025-05-26 05:13:42,566 - __main__ - INFO -    ✅ SOLUSDT: Không phát hiện anomaly
2025-05-26 05:13:42,567 - __main__ - INFO - 🔍 Phân tích DOGEUSDT...
2025-05-26 05:13:42,664 - __main__ - INFO -    🚨 30d_Volume_USDT: moderate (Z: 2.59)
2025-05-26 05:13:42,664 - __main__ - INFO -    🚨 30d_Volume: moderate (Z: 2.58)
2025-05-26 05:13:42,666 - __main__ - INFO - 📱 Đã gửi cảnh báo qua Telegram
2025-05-26 05:13:42,667 - __main__ - INFO - ✅ Hoàn thành phát hiện bất thường: 9 anomalies
2025-05-26 05:13:42,667 - __main__ - INFO -    - BTCUSDT: 4 anomalies
2025-05-26 05:13:42,668 - __main__ - INFO -    - ETHUSDT: 1 anomalies
2025-05-26 05:13:42,668 - __main__ - INFO -    - BNBUSDT: 2 anomalies
2025-05-26 05:13:42,669 - __main__ - INFO -    - DOGEUSDT: 2 anomalies
2025-05-26 05:28:42,852 - __main__ - INFO - 🔍 Bắt đầu phát hiện bất thường tối ưu (15 phút/lần)
2025-05-26 05:28:42,863 - __main__ - INFO - 🔍 Phân tích BTCUSDT...
2025-05-26 05:28:42,986 - __main__ - INFO -    🚨 30d_Avg_OI_Value: moderate (Z: 3.02)
2025-05-26 05:28:42,986 - __main__ - INFO -    🚨 30d_Volume_USDT: moderate (Z: 3.20)
2025-05-26 05:28:42,987 - __main__ - INFO -    🚨 30d_Volume: moderate (Z: 3.12)
2025-05-26 05:28:42,988 - __main__ - INFO - 🔍 Phân tích ETHUSDT...
2025-05-26 05:28:43,063 - __main__ - INFO -    🚨 30d_Volume: moderate (Z: 2.53)
2025-05-26 05:28:43,063 - __main__ - INFO - 🔍 Phân tích BNBUSDT...
2025-05-26 05:28:43,141 - __main__ - INFO -    🚨 30d_Volume_USDT: moderate (Z: 3.03)
2025-05-26 05:28:43,142 - __main__ - INFO -    🚨 30d_Volume: moderate (Z: 2.99)
2025-05-26 05:28:43,142 - __main__ - INFO - 🔍 Phân tích SOLUSDT...
2025-05-26 05:28:43,209 - __main__ - INFO -    ✅ SOLUSDT: Không phát hiện anomaly
2025-05-26 05:28:43,210 - __main__ - INFO - 🔍 Phân tích DOGEUSDT...
2025-05-26 05:28:43,288 - __main__ - INFO -    🚨 30d_Volume_USDT: moderate (Z: 2.59)
2025-05-26 05:28:43,288 - __main__ - INFO -    🚨 30d_Volume: moderate (Z: 2.58)
2025-05-26 05:28:43,290 - __main__ - INFO - 📱 Đã gửi cảnh báo qua Telegram
2025-05-26 05:28:43,290 - __main__ - INFO - ✅ Hoàn thành phát hiện bất thường: 9 anomalies
2025-05-26 05:28:43,291 - __main__ - INFO -    - BTCUSDT: 4 anomalies
2025-05-26 05:28:43,292 - __main__ - INFO -    - ETHUSDT: 1 anomalies
2025-05-26 05:28:43,292 - __main__ - INFO -    - BNBUSDT: 2 anomalies
2025-05-26 05:28:43,293 - __main__ - INFO -    - DOGEUSDT: 2 anomalies
2025-05-26 05:43:41,243 - __main__ - INFO - ⚡ Bắt đầu chu kỳ realtime (30 phút/lần): Update → Reports → Push
2025-05-26 05:43:43,033 - __main__ - INFO - 📡 Thu thập dữ liệu realtime...
2025-05-26 05:43:58,405 - __main__ - INFO - 💾 Đã lưu dữ liệu realtime cho 5/5 symbols
2025-05-26 05:43:58,406 - __main__ - INFO - 📊 Tạo báo cáo tối ưu OI & Volume...
2025-05-26 05:43:58,571 - __main__ - INFO - ✅ Đã tạo báo cáo tổng hợp
2025-05-26 05:43:58,634 - __main__ - INFO - 📈 Đã tạo dữ liệu tracking 24h
2025-05-26 05:43:58,635 - __main__ - INFO - 📁 Xuất dữ liệu JSON tối ưu...
2025-05-26 05:43:59,043 - __main__ - INFO - ✅ Đã xuất dữ liệu JSON cho web
2025-05-26 05:43:59,043 - __main__ - INFO - 📤 Đẩy dữ liệu lên GitHub...
2025-05-26 05:43:59,044 - __main__ - INFO - 📤 Bắt đầu đẩy dữ liệu lên GitHub
2025-05-26 05:44:02,228 - __main__ - INFO - ✅ Đã đẩy dữ liệu lên GitHub thành công lúc 2025-05-26 05:43:59
2025-05-26 05:44:02,229 - __main__ - INFO - 🎉 Hoàn thành chu kỳ realtime: cập nhật → báo cáo → push GitHub
2025-05-26 05:44:03,242 - __main__ - INFO - 🔍 Bắt đầu phát hiện bất thường tối ưu (15 phút/lần)
2025-05-26 05:44:03,253 - __main__ - INFO - 🔍 Phân tích BTCUSDT...
2025-05-26 05:44:03,372 - __main__ - INFO -    🚨 30d_Avg_OI_Value: moderate (Z: 2.77)
2025-05-26 05:44:03,373 - __main__ - INFO -    🚨 30d_Volume_USDT: moderate (Z: 3.20)
2025-05-26 05:44:03,374 - __main__ - INFO -    🚨 30d_Volume: moderate (Z: 3.12)
2025-05-26 05:44:03,374 - __main__ - INFO - 🔍 Phân tích ETHUSDT...
2025-05-26 05:44:03,475 - __main__ - INFO -    🚨 30d_OI_Value: moderate (Z: 2.76)
2025-05-26 05:44:03,475 - __main__ - INFO -    🚨 30d_Avg_OI_Value: moderate (Z: 2.76)
2025-05-26 05:44:03,476 - __main__ - INFO -    🚨 30d_Volume: moderate (Z: 2.53)
2025-05-26 05:44:03,477 - __main__ - INFO - 🔍 Phân tích BNBUSDT...
2025-05-26 05:44:03,562 - __main__ - INFO -    🚨 30d_Volume_USDT: moderate (Z: 3.03)
2025-05-26 05:44:03,563 - __main__ - INFO -    🚨 30d_Volume: moderate (Z: 2.99)
2025-05-26 05:44:03,563 - __main__ - INFO - 🔍 Phân tích SOLUSDT...
2025-05-26 05:44:03,630 - __main__ - INFO -    ✅ SOLUSDT: Không phát hiện anomaly
2025-05-26 05:44:03,631 - __main__ - INFO - 🔍 Phân tích DOGEUSDT...
2025-05-26 05:44:03,720 - __main__ - INFO -    🚨 30d_Avg_OI_Value: moderate (Z: 2.82)
2025-05-26 05:44:03,721 - __main__ - INFO -    🚨 30d_Volume_USDT: moderate (Z: 2.59)
2025-05-26 05:44:03,721 - __main__ - INFO -    🚨 30d_Volume: moderate (Z: 2.58)
2025-05-26 05:44:03,723 - __main__ - INFO - 📱 Đã gửi cảnh báo qua Telegram
2025-05-26 05:44:03,723 - __main__ - INFO - ✅ Hoàn thành phát hiện bất thường: 13 anomalies
2025-05-26 05:44:03,724 - __main__ - INFO -    - BTCUSDT: 4 anomalies
2025-05-26 05:44:03,724 - __main__ - INFO -    - ETHUSDT: 3 anomalies
2025-05-26 05:44:03,725 - __main__ - INFO -    - BNBUSDT: 2 anomalies
2025-05-26 05:44:03,726 - __main__ - INFO -    - DOGEUSDT: 4 anomalies
2025-05-26 05:59:03,812 - __main__ - INFO - 🔍 Bắt đầu phát hiện bất thường tối ưu (15 phút/lần)
2025-05-26 05:59:03,823 - __main__ - INFO - 🔍 Phân tích BTCUSDT...
2025-05-26 05:59:03,942 - __main__ - INFO -    🚨 30d_Avg_OI_Value: moderate (Z: 2.77)
2025-05-26 05:59:03,943 - __main__ - INFO -    🚨 30d_Volume_USDT: moderate (Z: 3.20)
2025-05-26 05:59:03,943 - __main__ - INFO -    🚨 30d_Volume: moderate (Z: 3.12)
2025-05-26 05:59:03,944 - __main__ - INFO - 🔍 Phân tích ETHUSDT...
2025-05-26 05:59:04,030 - __main__ - INFO -    🚨 30d_OI_Value: moderate (Z: 2.76)
2025-05-26 05:59:04,030 - __main__ - INFO -    🚨 30d_Avg_OI_Value: moderate (Z: 2.76)
2025-05-26 05:59:04,031 - __main__ - INFO -    🚨 30d_Volume: moderate (Z: 2.53)
2025-05-26 05:59:04,031 - __main__ - INFO - 🔍 Phân tích BNBUSDT...
2025-05-26 05:59:04,108 - __main__ - INFO -    🚨 30d_Volume_USDT: moderate (Z: 3.03)
2025-05-26 05:59:04,109 - __main__ - INFO -    🚨 30d_Volume: moderate (Z: 2.99)
2025-05-26 05:59:04,109 - __main__ - INFO - 🔍 Phân tích SOLUSDT...
2025-05-26 05:59:04,175 - __main__ - INFO -    ✅ SOLUSDT: Không phát hiện anomaly
2025-05-26 05:59:04,175 - __main__ - INFO - 🔍 Phân tích DOGEUSDT...
2025-05-26 05:59:04,263 - __main__ - INFO -    🚨 30d_Avg_OI_Value: moderate (Z: 2.82)
2025-05-26 05:59:04,263 - __main__ - INFO -    🚨 30d_Volume_USDT: moderate (Z: 2.59)
2025-05-26 05:59:04,264 - __main__ - INFO -    🚨 30d_Volume: moderate (Z: 2.58)
2025-05-26 05:59:04,265 - __main__ - INFO - 📱 Đã gửi cảnh báo qua Telegram
2025-05-26 05:59:04,266 - __main__ - INFO - ✅ Hoàn thành phát hiện bất thường: 13 anomalies
2025-05-26 05:59:04,266 - __main__ - INFO -    - BTCUSDT: 4 anomalies
2025-05-26 05:59:04,267 - __main__ - INFO -    - ETHUSDT: 3 anomalies
2025-05-26 05:59:04,267 - __main__ - INFO -    - BNBUSDT: 2 anomalies
2025-05-26 05:59:04,268 - __main__ - INFO -    - DOGEUSDT: 4 anomalies
2025-05-26 06:00:00,551 - __main__ - INFO - ⏰ Bắt đầu cập nhật dữ liệu hàng giờ - Tracking 24h
2025-05-26 06:00:02,399 - __main__ - INFO - 📡 Thu thập dữ liệu realtime cho tracking 24h...
2025-05-26 06:00:17,527 - __main__ - INFO - 💾 Đã lưu dữ liệu hàng giờ cho 5/5 symbols lúc 06:00
2025-05-26 06:00:17,538 - __main__ - INFO - 📊 Đã cập nhật tracking 24h cho 06:00
2025-05-26 06:14:02,285 - __main__ - INFO - ⚡ Bắt đầu chu kỳ realtime (30 phút/lần): Update → Reports → Push
2025-05-26 06:14:04,066 - __main__ - INFO - 📡 Thu thập dữ liệu realtime...
2025-05-26 06:14:19,203 - __main__ - INFO - 💾 Đã lưu dữ liệu realtime cho 5/5 symbols
2025-05-26 06:14:19,204 - __main__ - INFO - 📊 Tạo báo cáo tối ưu OI & Volume...
2025-05-26 06:14:19,357 - __main__ - INFO - ✅ Đã tạo báo cáo tổng hợp
2025-05-26 06:14:19,415 - __main__ - INFO - 📈 Đã tạo dữ liệu tracking 24h
2025-05-26 06:14:19,416 - __main__ - INFO - 📁 Xuất dữ liệu JSON tối ưu...
2025-05-26 06:14:19,803 - __main__ - INFO - ✅ Đã xuất dữ liệu JSON cho web
2025-05-26 06:14:19,804 - __main__ - INFO - 📤 Đẩy dữ liệu lên GitHub...
2025-05-26 06:14:19,804 - __main__ - INFO - 📤 Bắt đầu đẩy dữ liệu lên GitHub
2025-05-26 06:14:22,967 - __main__ - INFO - ✅ Đã đẩy dữ liệu lên GitHub thành công lúc 2025-05-26 06:14:20
2025-05-26 06:14:22,968 - __main__ - INFO - 🎉 Hoàn thành chu kỳ realtime: cập nhật → báo cáo → push GitHub
2025-05-26 06:14:23,977 - __main__ - INFO - 🔍 Bắt đầu phát hiện bất thường tối ưu (15 phút/lần)
2025-05-26 06:14:23,988 - __main__ - INFO - 🔍 Phân tích BTCUSDT...
2025-05-26 06:14:24,114 - __main__ - INFO -    🚨 30d_Avg_OI_Value: moderate (Z: 2.77)
2025-05-26 06:14:24,115 - __main__ - INFO -    🚨 30d_Volume_USDT: moderate (Z: 3.20)
2025-05-26 06:14:24,115 - __main__ - INFO -    🚨 30d_Volume: moderate (Z: 3.12)
2025-05-26 06:14:24,116 - __main__ - INFO - 🔍 Phân tích ETHUSDT...
2025-05-26 06:14:24,199 - __main__ - INFO -    🚨 30d_OI_Value: moderate (Z: 2.73)
2025-05-26 06:14:24,199 - __main__ - INFO -    🚨 30d_Avg_OI_Value: moderate (Z: 2.73)
2025-05-26 06:14:24,200 - __main__ - INFO -    🚨 30d_Volume: moderate (Z: 2.53)
2025-05-26 06:14:24,201 - __main__ - INFO - 🔍 Phân tích BNBUSDT...
2025-05-26 06:14:24,273 - __main__ - INFO -    🚨 30d_Volume_USDT: moderate (Z: 3.03)
2025-05-26 06:14:24,274 - __main__ - INFO -    🚨 30d_Volume: moderate (Z: 2.99)
2025-05-26 06:14:24,274 - __main__ - INFO - 🔍 Phân tích SOLUSDT...
2025-05-26 06:14:24,352 - __main__ - INFO -    ✅ SOLUSDT: Không phát hiện anomaly
2025-05-26 06:14:24,352 - __main__ - INFO - 🔍 Phân tích DOGEUSDT...
2025-05-26 06:14:24,442 - __main__ - INFO -    🚨 30d_Avg_OI_Value: moderate (Z: 3.05)
2025-05-26 06:14:24,443 - __main__ - INFO -    🚨 30d_Volume_USDT: moderate (Z: 2.59)
2025-05-26 06:14:24,443 - __main__ - INFO -    🚨 30d_Volume: moderate (Z: 2.58)
2025-05-26 06:14:24,445 - __main__ - INFO - 📱 Đã gửi cảnh báo qua Telegram
2025-05-26 06:14:24,445 - __main__ - INFO - ✅ Hoàn thành phát hiện bất thường: 15 anomalies
2025-05-26 06:14:24,446 - __main__ - INFO -    - BTCUSDT: 6 anomalies
2025-05-26 06:14:24,446 - __main__ - INFO -    - ETHUSDT: 3 anomalies
2025-05-26 06:14:24,447 - __main__ - INFO -    - BNBUSDT: 2 anomalies
2025-05-26 06:14:24,447 - __main__ - INFO -    - DOGEUSDT: 4 anomalies
2025-05-26 06:29:24,705 - __main__ - INFO - 🔍 Bắt đầu phát hiện bất thường tối ưu (15 phút/lần)
2025-05-26 06:29:24,716 - __main__ - INFO - 🔍 Phân tích BTCUSDT...
2025-05-26 06:29:24,853 - __main__ - INFO -    🚨 30d_Avg_OI_Value: moderate (Z: 2.77)
2025-05-26 06:29:24,853 - __main__ - INFO -    🚨 30d_Volume_USDT: moderate (Z: 3.20)
2025-05-26 06:29:24,854 - __main__ - INFO -    🚨 30d_Volume: moderate (Z: 3.12)
2025-05-26 06:29:24,854 - __main__ - INFO - 🔍 Phân tích ETHUSDT...
2025-05-26 06:29:24,939 - __main__ - INFO -    🚨 30d_OI_Value: moderate (Z: 2.73)
2025-05-26 06:29:24,940 - __main__ - INFO -    🚨 30d_Avg_OI_Value: moderate (Z: 2.73)
2025-05-26 06:29:24,941 - __main__ - INFO -    🚨 30d_Volume: moderate (Z: 2.53)
2025-05-26 06:29:24,941 - __main__ - INFO - 🔍 Phân tích BNBUSDT...
2025-05-26 06:29:25,020 - __main__ - INFO -    🚨 30d_Volume_USDT: moderate (Z: 3.03)
2025-05-26 06:29:25,021 - __main__ - INFO -    🚨 30d_Volume: moderate (Z: 2.99)
2025-05-26 06:29:25,021 - __main__ - INFO - 🔍 Phân tích SOLUSDT...
2025-05-26 06:29:25,089 - __main__ - INFO -    ✅ SOLUSDT: Không phát hiện anomaly
2025-05-26 06:29:25,090 - __main__ - INFO - 🔍 Phân tích DOGEUSDT...
2025-05-26 06:29:25,178 - __main__ - INFO -    🚨 30d_Avg_OI_Value: moderate (Z: 3.05)
2025-05-26 06:29:25,179 - __main__ - INFO -    🚨 30d_Volume_USDT: moderate (Z: 2.59)
2025-05-26 06:29:25,179 - __main__ - INFO -    🚨 30d_Volume: moderate (Z: 2.58)
2025-05-26 06:29:25,181 - __main__ - INFO - 📱 Đã gửi cảnh báo qua Telegram
2025-05-26 06:29:25,182 - __main__ - INFO - ✅ Hoàn thành phát hiện bất thường: 15 anomalies
2025-05-26 06:29:25,182 - __main__ - INFO -    - BTCUSDT: 6 anomalies
2025-05-26 06:29:25,183 - __main__ - INFO -    - ETHUSDT: 3 anomalies
2025-05-26 06:29:25,183 - __main__ - INFO -    - BNBUSDT: 2 anomalies
2025-05-26 06:29:25,184 - __main__ - INFO -    - DOGEUSDT: 4 anomalies
2025-05-26 06:44:23,357 - __main__ - INFO - ⚡ Bắt đầu chu kỳ realtime (30 phút/lần): Update → Reports → Push
2025-05-26 06:44:25,022 - __main__ - INFO - 📡 Thu thập dữ liệu realtime...
2025-05-26 06:44:40,422 - __main__ - INFO - 💾 Đã lưu dữ liệu realtime cho 5/5 symbols
2025-05-26 06:44:40,423 - __main__ - INFO - 📊 Tạo báo cáo tối ưu OI & Volume...
2025-05-26 06:44:40,583 - __main__ - INFO - ✅ Đã tạo báo cáo tổng hợp
2025-05-26 06:44:40,644 - __main__ - INFO - 📈 Đã tạo dữ liệu tracking 24h
2025-05-26 06:44:40,645 - __main__ - INFO - 📁 Xuất dữ liệu JSON tối ưu...
2025-05-26 06:44:41,037 - __main__ - INFO - ✅ Đã xuất dữ liệu JSON cho web
2025-05-26 06:44:41,037 - __main__ - INFO - 📤 Đẩy dữ liệu lên GitHub...
2025-05-26 06:44:41,038 - __main__ - INFO - 📤 Bắt đầu đẩy dữ liệu lên GitHub
2025-05-26 06:44:44,392 - __main__ - INFO - ✅ Đã đẩy dữ liệu lên GitHub thành công lúc 2025-05-26 06:44:41
2025-05-26 06:44:44,393 - __main__ - INFO - 🎉 Hoàn thành chu kỳ realtime: cập nhật → báo cáo → push GitHub
2025-05-26 06:44:45,406 - __main__ - INFO - 🔍 Bắt đầu phát hiện bất thường tối ưu (15 phút/lần)
2025-05-26 06:44:45,417 - __main__ - INFO - 🔍 Phân tích BTCUSDT...
2025-05-26 06:44:45,518 - __main__ - INFO -    🚨 30d_Volume_USDT: moderate (Z: 3.20)
2025-05-26 06:44:45,518 - __main__ - INFO -    🚨 30d_Volume: moderate (Z: 3.12)
2025-05-26 06:44:45,519 - __main__ - INFO - 🔍 Phân tích ETHUSDT...
2025-05-26 06:44:45,594 - __main__ - INFO -    🚨 30d_Volume: moderate (Z: 2.53)
2025-05-26 06:44:45,594 - __main__ - INFO - 🔍 Phân tích BNBUSDT...
2025-05-26 06:44:45,681 - __main__ - INFO -    🚨 30d_OI: moderate (Z: 2.75)
2025-05-26 06:44:45,681 - __main__ - INFO -    🚨 30d_Volume_USDT: moderate (Z: 3.03)
2025-05-26 06:44:45,682 - __main__ - INFO -    🚨 30d_Volume: moderate (Z: 2.99)
2025-05-26 06:44:45,682 - __main__ - INFO - 🔍 Phân tích SOLUSDT...
2025-05-26 06:44:45,750 - __main__ - INFO -    ✅ SOLUSDT: Không phát hiện anomaly
2025-05-26 06:44:45,751 - __main__ - INFO - 🔍 Phân tích DOGEUSDT...
2025-05-26 06:44:45,839 - __main__ - INFO -    🚨 30d_Avg_OI_Value: moderate (Z: 2.88)
2025-05-26 06:44:45,840 - __main__ - INFO -    🚨 30d_Volume_USDT: moderate (Z: 2.59)
2025-05-26 06:44:45,840 - __main__ - INFO -    🚨 30d_Volume: moderate (Z: 2.58)
2025-05-26 06:44:45,842 - __main__ - INFO - 📱 Đã gửi cảnh báo qua Telegram
2025-05-26 06:44:45,842 - __main__ - INFO - ✅ Hoàn thành phát hiện bất thường: 10 anomalies
2025-05-26 06:44:45,843 - __main__ - INFO -    - BTCUSDT: 2 anomalies
2025-05-26 06:44:45,844 - __main__ - INFO -    - ETHUSDT: 1 anomalies
2025-05-26 06:44:45,844 - __main__ - INFO -    - BNBUSDT: 3 anomalies
2025-05-26 06:44:45,845 - __main__ - INFO -    - DOGEUSDT: 4 anomalies
2025-05-26 06:59:46,017 - __main__ - INFO - 🔍 Bắt đầu phát hiện bất thường tối ưu (15 phút/lần)
2025-05-26 06:59:46,028 - __main__ - INFO - 🔍 Phân tích BTCUSDT...
2025-05-26 06:59:46,139 - __main__ - INFO -    🚨 30d_Volume_USDT: moderate (Z: 3.20)
2025-05-26 06:59:46,139 - __main__ - INFO -    🚨 30d_Volume: moderate (Z: 3.12)
2025-05-26 06:59:46,141 - __main__ - INFO - 🔍 Phân tích ETHUSDT...
2025-05-26 06:59:46,216 - __main__ - INFO -    🚨 30d_Volume: moderate (Z: 2.53)
2025-05-26 06:59:46,217 - __main__ - INFO - 🔍 Phân tích BNBUSDT...
2025-05-26 06:59:46,299 - __main__ - INFO -    🚨 30d_OI: moderate (Z: 2.75)
2025-05-26 06:59:46,300 - __main__ - INFO -    🚨 30d_Volume_USDT: moderate (Z: 3.03)
2025-05-26 06:59:46,300 - __main__ - INFO -    🚨 30d_Volume: moderate (Z: 2.99)
2025-05-26 06:59:46,301 - __main__ - INFO - 🔍 Phân tích SOLUSDT...
2025-05-26 06:59:46,368 - __main__ - INFO -    ✅ SOLUSDT: Không phát hiện anomaly
2025-05-26 06:59:46,368 - __main__ - INFO - 🔍 Phân tích DOGEUSDT...
2025-05-26 06:59:46,459 - __main__ - INFO -    🚨 30d_Avg_OI_Value: moderate (Z: 2.88)
2025-05-26 06:59:46,460 - __main__ - INFO -    🚨 30d_Volume_USDT: moderate (Z: 2.59)
2025-05-26 06:59:46,461 - __main__ - INFO -    🚨 30d_Volume: moderate (Z: 2.58)
2025-05-26 06:59:46,462 - __main__ - INFO - 📱 Đã gửi cảnh báo qua Telegram
2025-05-26 06:59:46,462 - __main__ - INFO - ✅ Hoàn thành phát hiện bất thường: 10 anomalies
2025-05-26 06:59:46,463 - __main__ - INFO -    - BTCUSDT: 2 anomalies
2025-05-26 06:59:46,463 - __main__ - INFO -    - ETHUSDT: 1 anomalies
2025-05-26 06:59:46,464 - __main__ - INFO -    - BNBUSDT: 3 anomalies
2025-05-26 06:59:46,464 - __main__ - INFO -    - DOGEUSDT: 4 anomalies
2025-05-26 07:00:00,536 - __main__ - INFO - ⏰ Bắt đầu cập nhật dữ liệu hàng giờ - Tracking 24h
2025-05-26 07:00:02,158 - __main__ - INFO - 📡 Thu thập dữ liệu realtime cho tracking 24h...
2025-05-26 07:00:17,142 - __main__ - INFO - 💾 Đã lưu dữ liệu hàng giờ cho 5/5 symbols lúc 07:00
2025-05-26 07:00:17,154 - __main__ - INFO - 📊 Đã cập nhật tracking 24h cho 07:00
2025-05-26 07:14:45,024 - __main__ - INFO - ⚡ Bắt đầu chu kỳ realtime (30 phút/lần): Update → Reports → Push
2025-05-26 07:14:46,706 - __main__ - INFO - 📡 Thu thập dữ liệu realtime...
2025-05-26 07:15:01,772 - __main__ - INFO - 💾 Đã lưu dữ liệu realtime cho 5/5 symbols
2025-05-26 07:15:01,773 - __main__ - INFO - 📊 Tạo báo cáo tối ưu OI & Volume...
2025-05-26 07:15:01,904 - __main__ - INFO - ✅ Đã tạo báo cáo tổng hợp
2025-05-26 07:15:01,957 - __main__ - INFO - 📈 Đã tạo dữ liệu tracking 24h
2025-05-26 07:15:01,957 - __main__ - INFO - 📁 Xuất dữ liệu JSON tối ưu...
2025-05-26 07:15:02,353 - __main__ - INFO - ✅ Đã xuất dữ liệu JSON cho web
2025-05-26 07:15:02,354 - __main__ - INFO - 📤 Đẩy dữ liệu lên GitHub...
2025-05-26 07:15:02,354 - __main__ - INFO - 📤 Bắt đầu đẩy dữ liệu lên GitHub
2025-05-26 07:15:05,849 - __main__ - INFO - ✅ Đã đẩy dữ liệu lên GitHub thành công lúc 2025-05-26 07:15:02
2025-05-26 07:15:05,850 - __main__ - INFO - 🎉 Hoàn thành chu kỳ realtime: cập nhật → báo cáo → push GitHub
2025-05-26 07:15:06,853 - __main__ - INFO - 🔍 Bắt đầu phát hiện bất thường tối ưu (15 phút/lần)
2025-05-26 07:15:06,860 - __main__ - INFO - 🔍 Phân tích BTCUSDT...
2025-05-26 07:15:06,941 - __main__ - INFO -    🚨 30d_Volume_USDT: moderate (Z: 3.20)
2025-05-26 07:15:06,942 - __main__ - INFO -    🚨 30d_Volume: moderate (Z: 3.12)
2025-05-26 07:15:06,942 - __main__ - INFO - 🔍 Phân tích ETHUSDT...
2025-05-26 07:15:07,010 - __main__ - INFO -    🚨 30d_Volume: moderate (Z: 2.53)
2025-05-26 07:15:07,010 - __main__ - INFO - 🔍 Phân tích BNBUSDT...
2025-05-26 07:15:07,082 - __main__ - INFO -    🚨 30d_OI: moderate (Z: 3.04)
2025-05-26 07:15:07,083 - __main__ - INFO -    🚨 30d_Volume_USDT: moderate (Z: 3.03)
2025-05-26 07:15:07,084 - __main__ - INFO -    🚨 30d_Volume: moderate (Z: 2.99)
2025-05-26 07:15:07,084 - __main__ - INFO - 🔍 Phân tích SOLUSDT...
2025-05-26 07:15:07,143 - __main__ - INFO -    ✅ SOLUSDT: Không phát hiện anomaly
2025-05-26 07:15:07,143 - __main__ - INFO - 🔍 Phân tích DOGEUSDT...
2025-05-26 07:15:07,214 - __main__ - INFO -    🚨 30d_Volume_USDT: moderate (Z: 2.59)
2025-05-26 07:15:07,215 - __main__ - INFO -    🚨 30d_Volume: moderate (Z: 2.58)
2025-05-26 07:15:07,216 - __main__ - INFO - 📱 Đã gửi cảnh báo qua Telegram
2025-05-26 07:15:07,217 - __main__ - INFO - ✅ Hoàn thành phát hiện bất thường: 8 anomalies
2025-05-26 07:15:07,218 - __main__ - INFO -    - BTCUSDT: 2 anomalies
2025-05-26 07:15:07,218 - __main__ - INFO -    - ETHUSDT: 1 anomalies
2025-05-26 07:15:07,219 - __main__ - INFO -    - BNBUSDT: 3 anomalies
2025-05-26 07:15:07,219 - __main__ - INFO -    - DOGEUSDT: 2 anomalies
2025-05-26 07:30:07,387 - __main__ - INFO - 🔍 Bắt đầu phát hiện bất thường tối ưu (15 phút/lần)
2025-05-26 07:30:07,397 - __main__ - INFO - 🔍 Phân tích BTCUSDT...
2025-05-26 07:30:07,486 - __main__ - INFO -    🚨 30d_Volume_USDT: moderate (Z: 3.20)
2025-05-26 07:30:07,487 - __main__ - INFO -    🚨 30d_Volume: moderate (Z: 3.12)
2025-05-26 07:30:07,488 - __main__ - INFO - 🔍 Phân tích ETHUSDT...
2025-05-26 07:30:07,568 - __main__ - INFO -    🚨 30d_Volume: moderate (Z: 2.53)
2025-05-26 07:30:07,568 - __main__ - INFO - 🔍 Phân tích BNBUSDT...
2025-05-26 07:30:07,644 - __main__ - INFO -    🚨 30d_OI: moderate (Z: 3.04)
2025-05-26 07:30:07,645 - __main__ - INFO -    🚨 30d_Volume_USDT: moderate (Z: 3.03)
2025-05-26 07:30:07,645 - __main__ - INFO -    🚨 30d_Volume: moderate (Z: 2.99)
2025-05-26 07:30:07,646 - __main__ - INFO - 🔍 Phân tích SOLUSDT...
2025-05-26 07:30:07,719 - __main__ - INFO -    ✅ SOLUSDT: Không phát hiện anomaly
2025-05-26 07:30:07,719 - __main__ - INFO - 🔍 Phân tích DOGEUSDT...
2025-05-26 07:30:07,789 - __main__ - INFO -    🚨 30d_Volume_USDT: moderate (Z: 2.59)
2025-05-26 07:30:07,789 - __main__ - INFO -    🚨 30d_Volume: moderate (Z: 2.58)
2025-05-26 07:30:07,791 - __main__ - INFO - 📱 Đã gửi cảnh báo qua Telegram
2025-05-26 07:30:07,791 - __main__ - INFO - ✅ Hoàn thành phát hiện bất thường: 8 anomalies
2025-05-26 07:30:07,792 - __main__ - INFO -    - BTCUSDT: 2 anomalies
2025-05-26 07:30:07,792 - __main__ - INFO -    - ETHUSDT: 1 anomalies
2025-05-26 07:30:07,792 - __main__ - INFO -    - BNBUSDT: 3 anomalies
2025-05-26 07:30:07,793 - __main__ - INFO -    - DOGEUSDT: 2 anomalies
2025-05-26 07:45:05,903 - __main__ - INFO - ⚡ Bắt đầu chu kỳ realtime (30 phút/lần): Update → Reports → Push
2025-05-26 07:45:07,454 - __main__ - INFO - 📡 Thu thập dữ liệu realtime...
2025-05-26 07:45:22,454 - __main__ - INFO - 💾 Đã lưu dữ liệu realtime cho 5/5 symbols
2025-05-26 07:45:22,454 - __main__ - INFO - 📊 Tạo báo cáo tối ưu OI & Volume...
2025-05-26 07:45:22,582 - __main__ - INFO - ✅ Đã tạo báo cáo tổng hợp
2025-05-26 07:45:22,634 - __main__ - INFO - 📈 Đã tạo dữ liệu tracking 24h
2025-05-26 07:45:22,635 - __main__ - INFO - 📁 Xuất dữ liệu JSON tối ưu...
2025-05-26 07:45:23,015 - __main__ - INFO - ✅ Đã xuất dữ liệu JSON cho web
2025-05-26 07:45:23,015 - __main__ - INFO - 📤 Đẩy dữ liệu lên GitHub...
2025-05-26 07:45:23,016 - __main__ - INFO - 📤 Bắt đầu đẩy dữ liệu lên GitHub
2025-05-26 07:45:26,364 - __main__ - INFO - ✅ Đã đẩy dữ liệu lên GitHub thành công lúc 2025-05-26 07:45:23
2025-05-26 07:45:26,365 - __main__ - INFO - 🎉 Hoàn thành chu kỳ realtime: cập nhật → báo cáo → push GitHub
2025-05-26 07:45:27,381 - __main__ - INFO - 🔍 Bắt đầu phát hiện bất thường tối ưu (15 phút/lần)
2025-05-26 07:45:27,392 - __main__ - INFO - 🔍 Phân tích BTCUSDT...
2025-05-26 07:45:27,502 - __main__ - INFO -    🚨 30d_Volume_USDT: moderate (Z: 3.20)
2025-05-26 07:45:27,502 - __main__ - INFO -    🚨 30d_Volume: moderate (Z: 3.12)
2025-05-26 07:45:27,503 - __main__ - INFO - 🔍 Phân tích ETHUSDT...
2025-05-26 07:45:27,581 - __main__ - INFO -    🚨 30d_Volume: moderate (Z: 2.53)
2025-05-26 07:45:27,581 - __main__ - INFO - 🔍 Phân tích BNBUSDT...
2025-05-26 07:45:27,669 - __main__ - INFO -    🚨 30d_OI: moderate (Z: 2.89)
2025-05-26 07:45:27,670 - __main__ - INFO -    🚨 30d_Volume_USDT: moderate (Z: 3.03)
2025-05-26 07:45:27,670 - __main__ - INFO -    🚨 30d_Volume: moderate (Z: 2.99)
2025-05-26 07:45:27,671 - __main__ - INFO - 🔍 Phân tích SOLUSDT...
2025-05-26 07:45:27,752 - __main__ - INFO -    🚨 30d_OI_Value: moderate (Z: 2.88)
2025-05-26 07:45:27,753 - __main__ - INFO -    🚨 30d_OI: moderate (Z: 2.56)
2025-05-26 07:45:27,753 - __main__ - INFO -    🚨 30d_Avg_OI_Value: moderate (Z: 2.88)
2025-05-26 07:45:27,754 - __main__ - INFO - 🔍 Phân tích DOGEUSDT...
2025-05-26 07:45:27,832 - __main__ - INFO -    🚨 30d_Volume_USDT: moderate (Z: 2.59)
2025-05-26 07:45:27,833 - __main__ - INFO -    🚨 30d_Volume: moderate (Z: 2.58)
2025-05-26 07:45:27,834 - __main__ - INFO - 📱 Đã gửi cảnh báo qua Telegram
2025-05-26 07:45:27,835 - __main__ - INFO - ✅ Hoàn thành phát hiện bất thường: 11 anomalies
2025-05-26 07:45:27,835 - __main__ - INFO -    - BTCUSDT: 2 anomalies
2025-05-26 07:45:27,836 - __main__ - INFO -    - ETHUSDT: 1 anomalies
2025-05-26 07:45:27,836 - __main__ - INFO -    - BNBUSDT: 3 anomalies
2025-05-26 07:45:27,837 - __main__ - INFO -    - SOLUSDT: 3 anomalies
2025-05-26 07:45:27,837 - __main__ - INFO -    - DOGEUSDT: 2 anomalies
2025-05-26 08:00:00,709 - __main__ - INFO - ⏰ Bắt đầu cập nhật dữ liệu hàng giờ - Tracking 24h
2025-05-26 08:00:02,956 - __main__ - INFO - 📡 Thu thập dữ liệu realtime cho tracking 24h...
2025-05-26 08:00:18,899 - __main__ - INFO - 💾 Đã lưu dữ liệu hàng giờ cho 5/5 symbols lúc 08:00
2025-05-26 08:00:18,911 - __main__ - INFO - 📊 Đã cập nhật tracking 24h cho 08:00
2025-05-26 08:00:28,021 - __main__ - INFO - 🔍 Bắt đầu phát hiện bất thường tối ưu (15 phút/lần)
2025-05-26 08:00:28,031 - __main__ - INFO - 🔍 Phân tích BTCUSDT...
2025-05-26 08:00:28,128 - __main__ - INFO -    🚨 30d_Volume_USDT: moderate (Z: 3.20)
2025-05-26 08:00:28,129 - __main__ - INFO -    🚨 30d_Volume: moderate (Z: 3.12)
2025-05-26 08:00:28,129 - __main__ - INFO - 🔍 Phân tích ETHUSDT...
2025-05-26 08:00:28,224 - __main__ - INFO -    🚨 30d_OI: moderate (Z: 2.72)
2025-05-26 08:00:28,225 - __main__ - INFO -    🚨 30d_Volume: moderate (Z: 2.53)
2025-05-26 08:00:28,225 - __main__ - INFO - 🔍 Phân tích BNBUSDT...
2025-05-26 08:00:28,307 - __main__ - INFO -    🚨 30d_Volume_USDT: moderate (Z: 3.03)
2025-05-26 08:00:28,308 - __main__ - INFO -    🚨 30d_Volume: moderate (Z: 2.99)
2025-05-26 08:00:28,308 - __main__ - INFO - 🔍 Phân tích SOLUSDT...
2025-05-26 08:00:28,388 - __main__ - INFO -    🚨 30d_OI_Value: moderate (Z: 2.63)
2025-05-26 08:00:28,388 - __main__ - INFO -    🚨 30d_OI: moderate (Z: 2.81)
2025-05-26 08:00:28,389 - __main__ - INFO -    🚨 30d_Avg_OI_Value: moderate (Z: 2.63)
2025-05-26 08:00:28,389 - __main__ - INFO - 🔍 Phân tích DOGEUSDT...
2025-05-26 08:00:28,463 - __main__ - INFO -    🚨 30d_Volume_USDT: moderate (Z: 2.59)
2025-05-26 08:00:28,463 - __main__ - INFO -    🚨 30d_Volume: moderate (Z: 2.58)
2025-05-26 08:00:28,466 - __main__ - INFO - 📱 Đã gửi cảnh báo qua Telegram
2025-05-26 08:00:28,466 - __main__ - INFO - ✅ Hoàn thành phát hiện bất thường: 11 anomalies
2025-05-26 08:00:28,467 - __main__ - INFO -    - BTCUSDT: 2 anomalies
2025-05-26 08:00:28,467 - __main__ - INFO -    - ETHUSDT: 2 anomalies
2025-05-26 08:00:28,468 - __main__ - INFO -    - BNBUSDT: 2 anomalies
2025-05-26 08:00:28,468 - __main__ - INFO -    - SOLUSDT: 3 anomalies
2025-05-26 08:00:28,469 - __main__ - INFO -    - DOGEUSDT: 2 anomalies
2025-05-26 08:15:26,524 - __main__ - INFO - ⚡ Bắt đầu chu kỳ realtime (30 phút/lần): Update → Reports → Push
2025-05-26 08:15:28,282 - __main__ - INFO - 📡 Thu thập dữ liệu realtime...
2025-05-26 08:15:43,501 - __main__ - INFO - 💾 Đã lưu dữ liệu realtime cho 5/5 symbols
2025-05-26 08:15:43,502 - __main__ - INFO - 📊 Tạo báo cáo tối ưu OI & Volume...
2025-05-26 08:15:43,661 - __main__ - INFO - ✅ Đã tạo báo cáo tổng hợp
2025-05-26 08:15:43,726 - __main__ - INFO - 📈 Đã tạo dữ liệu tracking 24h
2025-05-26 08:15:43,727 - __main__ - INFO - 📁 Xuất dữ liệu JSON tối ưu...
2025-05-26 08:15:44,135 - __main__ - INFO - ✅ Đã xuất dữ liệu JSON cho web
2025-05-26 08:15:44,136 - __main__ - INFO - 📤 Đẩy dữ liệu lên GitHub...
2025-05-26 08:15:44,137 - __main__ - INFO - 📤 Bắt đầu đẩy dữ liệu lên GitHub
2025-05-26 08:15:47,487 - __main__ - INFO - ✅ Đã đẩy dữ liệu lên GitHub thành công lúc 2025-05-26 08:15:44
2025-05-26 08:15:47,489 - __main__ - INFO - 🎉 Hoàn thành chu kỳ realtime: cập nhật → báo cáo → push GitHub
2025-05-26 08:15:48,492 - __main__ - INFO - 🔍 Bắt đầu phát hiện bất thường tối ưu (15 phút/lần)
2025-05-26 08:15:48,502 - __main__ - INFO - 🔍 Phân tích BTCUSDT...
2025-05-26 08:15:48,593 - __main__ - INFO -    🚨 30d_Volume_USDT: moderate (Z: 3.20)
2025-05-26 08:15:48,594 - __main__ - INFO -    🚨 30d_Volume: moderate (Z: 3.12)
2025-05-26 08:15:48,594 - __main__ - INFO - 🔍 Phân tích ETHUSDT...
2025-05-26 08:15:48,676 - __main__ - INFO -    🚨 30d_OI: moderate (Z: 2.73)
2025-05-26 08:15:48,677 - __main__ - INFO -    🚨 30d_Volume: moderate (Z: 2.53)
2025-05-26 08:15:48,677 - __main__ - INFO - 🔍 Phân tích BNBUSDT...
2025-05-26 08:15:48,755 - __main__ - INFO -    🚨 30d_Volume_USDT: moderate (Z: 3.03)
2025-05-26 08:15:48,755 - __main__ - INFO -    🚨 30d_Volume: moderate (Z: 2.99)
2025-05-26 08:15:48,756 - __main__ - INFO - 🔍 Phân tích SOLUSDT...
2025-05-26 08:15:48,827 - __main__ - INFO -    🚨 30d_OI: moderate (Z: 3.11)
2025-05-26 08:15:48,827 - __main__ - INFO - 🔍 Phân tích DOGEUSDT...
2025-05-26 08:15:48,898 - __main__ - INFO -    🚨 30d_Volume_USDT: moderate (Z: 2.59)
2025-05-26 08:15:48,899 - __main__ - INFO -    🚨 30d_Volume: moderate (Z: 2.58)
2025-05-26 08:15:48,900 - __main__ - INFO - 📱 Đã gửi cảnh báo qua Telegram
2025-05-26 08:15:48,900 - __main__ - INFO - ✅ Hoàn thành phát hiện bất thường: 9 anomalies
2025-05-26 08:15:48,901 - __main__ - INFO -    - BTCUSDT: 2 anomalies
2025-05-26 08:15:48,901 - __main__ - INFO -    - ETHUSDT: 2 anomalies
2025-05-26 08:15:48,902 - __main__ - INFO -    - BNBUSDT: 2 anomalies
2025-05-26 08:15:48,902 - __main__ - INFO -    - SOLUSDT: 1 anomalies
2025-05-26 08:15:48,903 - __main__ - INFO -    - DOGEUSDT: 2 anomalies
2025-05-26 08:30:49,256 - __main__ - INFO - 🔍 Bắt đầu phát hiện bất thường tối ưu (15 phút/lần)
2025-05-26 08:30:49,263 - __main__ - INFO - 🔍 Phân tích BTCUSDT...
2025-05-26 08:30:49,347 - __main__ - INFO -    🚨 30d_Volume_USDT: moderate (Z: 3.20)
2025-05-26 08:30:49,347 - __main__ - INFO -    🚨 30d_Volume: moderate (Z: 3.12)
2025-05-26 08:30:49,348 - __main__ - INFO - 🔍 Phân tích ETHUSDT...
2025-05-26 08:30:49,422 - __main__ - INFO -    🚨 30d_OI: moderate (Z: 2.73)
2025-05-26 08:30:49,423 - __main__ - INFO -    🚨 30d_Volume: moderate (Z: 2.53)
2025-05-26 08:30:49,423 - __main__ - INFO - 🔍 Phân tích BNBUSDT...
2025-05-26 08:30:49,496 - __main__ - INFO -    🚨 30d_Volume_USDT: moderate (Z: 3.03)
2025-05-26 08:30:49,497 - __main__ - INFO -    🚨 30d_Volume: moderate (Z: 2.99)
2025-05-26 08:30:49,497 - __main__ - INFO - 🔍 Phân tích SOLUSDT...
2025-05-26 08:30:49,564 - __main__ - INFO -    🚨 30d_OI: moderate (Z: 3.11)
2025-05-26 08:30:49,564 - __main__ - INFO - 🔍 Phân tích DOGEUSDT...
2025-05-26 08:30:49,637 - __main__ - INFO -    🚨 30d_Volume_USDT: moderate (Z: 2.59)
2025-05-26 08:30:49,637 - __main__ - INFO -    🚨 30d_Volume: moderate (Z: 2.58)
2025-05-26 08:30:49,639 - __main__ - INFO - 📱 Đã gửi cảnh báo qua Telegram
2025-05-26 08:30:49,640 - __main__ - INFO - ✅ Hoàn thành phát hiện bất thường: 9 anomalies
2025-05-26 08:30:49,640 - __main__ - INFO -    - BTCUSDT: 2 anomalies
2025-05-26 08:30:49,641 - __main__ - INFO -    - ETHUSDT: 2 anomalies
2025-05-26 08:30:49,641 - __main__ - INFO -    - BNBUSDT: 2 anomalies
2025-05-26 08:30:49,641 - __main__ - INFO -    - SOLUSDT: 1 anomalies
2025-05-26 08:30:49,642 - __main__ - INFO -    - DOGEUSDT: 2 anomalies
2025-05-26 08:45:47,796 - __main__ - INFO - ⚡ Bắt đầu chu kỳ realtime (30 phút/lần): Update → Reports → Push
2025-05-26 08:45:49,519 - __main__ - INFO - 📡 Thu thập dữ liệu realtime...
2025-05-26 08:46:04,737 - __main__ - INFO - 💾 Đã lưu dữ liệu realtime cho 5/5 symbols
2025-05-26 08:46:04,738 - __main__ - INFO - 📊 Tạo báo cáo tối ưu OI & Volume...
2025-05-26 08:46:04,905 - __main__ - INFO - ✅ Đã tạo báo cáo tổng hợp
2025-05-26 08:46:04,971 - __main__ - INFO - 📈 Đã tạo dữ liệu tracking 24h
2025-05-26 08:46:04,971 - __main__ - INFO - 📁 Xuất dữ liệu JSON tối ưu...
2025-05-26 08:46:05,379 - __main__ - INFO - ✅ Đã xuất dữ liệu JSON cho web
2025-05-26 08:46:05,379 - __main__ - INFO - 📤 Đẩy dữ liệu lên GitHub...
2025-05-26 08:46:05,380 - __main__ - INFO - 📤 Bắt đầu đẩy dữ liệu lên GitHub
2025-05-26 08:46:08,648 - __main__ - INFO - ✅ Đã đẩy dữ liệu lên GitHub thành công lúc 2025-05-26 08:46:05
2025-05-26 08:46:08,649 - __main__ - INFO - 🎉 Hoàn thành chu kỳ realtime: cập nhật → báo cáo → push GitHub
2025-05-26 08:46:09,656 - __main__ - INFO - 🔍 Bắt đầu phát hiện bất thường tối ưu (15 phút/lần)
2025-05-26 08:46:09,667 - __main__ - INFO - 🔍 Phân tích BTCUSDT...
2025-05-26 08:46:09,773 - __main__ - INFO -    🚨 30d_Volume_USDT: moderate (Z: 3.20)
2025-05-26 08:46:09,774 - __main__ - INFO -    🚨 30d_Volume: moderate (Z: 3.12)
2025-05-26 08:46:09,775 - __main__ - INFO - 🔍 Phân tích ETHUSDT...
2025-05-26 08:46:09,854 - __main__ - INFO -    🚨 30d_OI: moderate (Z: 2.67)
2025-05-26 08:46:09,854 - __main__ - INFO -    🚨 30d_Volume: moderate (Z: 2.53)
2025-05-26 08:46:09,855 - __main__ - INFO - 🔍 Phân tích BNBUSDT...
2025-05-26 08:46:09,932 - __main__ - INFO -    🚨 30d_Volume_USDT: moderate (Z: 3.03)
2025-05-26 08:46:09,933 - __main__ - INFO -    🚨 30d_Volume: moderate (Z: 2.99)
2025-05-26 08:46:09,933 - __main__ - INFO - 🔍 Phân tích SOLUSDT...
2025-05-26 08:46:10,004 - __main__ - INFO -    🚨 30d_OI: moderate (Z: 3.20)
2025-05-26 08:46:10,005 - __main__ - INFO - 🔍 Phân tích DOGEUSDT...
2025-05-26 08:46:10,088 - __main__ - INFO -    🚨 30d_OI: moderate (Z: 2.57)
2025-05-26 08:46:10,089 - __main__ - INFO -    🚨 30d_Volume_USDT: moderate (Z: 2.59)
2025-05-26 08:46:10,089 - __main__ - INFO -    🚨 30d_Volume: moderate (Z: 2.58)
2025-05-26 08:46:10,091 - __main__ - INFO - 📱 Đã gửi cảnh báo qua Telegram
2025-05-26 08:46:10,091 - __main__ - INFO - ✅ Hoàn thành phát hiện bất thường: 10 anomalies
2025-05-26 08:46:10,092 - __main__ - INFO -    - BTCUSDT: 2 anomalies
2025-05-26 08:46:10,093 - __main__ - INFO -    - ETHUSDT: 2 anomalies
2025-05-26 08:46:10,093 - __main__ - INFO -    - BNBUSDT: 2 anomalies
2025-05-26 08:46:10,094 - __main__ - INFO -    - SOLUSDT: 1 anomalies
2025-05-26 08:46:10,094 - __main__ - INFO -    - DOGEUSDT: 3 anomalies
2025-05-26 09:00:00,333 - __main__ - INFO - ⏰ Bắt đầu cập nhật dữ liệu hàng giờ - Tracking 24h
2025-05-26 09:00:02,281 - __main__ - INFO - 📡 Thu thập dữ liệu realtime cho tracking 24h...
2025-05-26 09:00:19,111 - __main__ - INFO - 💾 Đã lưu dữ liệu hàng giờ cho 5/5 symbols lúc 09:00
2025-05-26 09:00:19,122 - __main__ - INFO - 📊 Đã cập nhật tracking 24h cho 09:00
2025-05-26 09:01:10,389 - __main__ - INFO - 🔍 Bắt đầu phát hiện bất thường tối ưu (15 phút/lần)
2025-05-26 09:01:10,400 - __main__ - INFO - 🔍 Phân tích BTCUSDT...
2025-05-26 09:01:10,505 - __main__ - INFO -    🚨 30d_Volume_USDT: moderate (Z: 3.20)
2025-05-26 09:01:10,505 - __main__ - INFO -    🚨 30d_Volume: moderate (Z: 3.12)
2025-05-26 09:01:10,506 - __main__ - INFO - 🔍 Phân tích ETHUSDT...
2025-05-26 09:01:10,587 - __main__ - INFO -    🚨 30d_OI: moderate (Z: 2.86)
2025-05-26 09:01:10,588 - __main__ - INFO -    🚨 30d_Volume: moderate (Z: 2.53)
2025-05-26 09:01:10,588 - __main__ - INFO - 🔍 Phân tích BNBUSDT...
2025-05-26 09:01:10,677 - __main__ - INFO -    🚨 30d_Avg_OI_Value: moderate (Z: 2.58)
2025-05-26 09:01:10,678 - __main__ - INFO -    🚨 30d_Volume_USDT: moderate (Z: 3.03)
2025-05-26 09:01:10,678 - __main__ - INFO -    🚨 30d_Volume: moderate (Z: 2.99)
2025-05-26 09:01:10,679 - __main__ - INFO - 🔍 Phân tích SOLUSDT...
2025-05-26 09:01:10,756 - __main__ - INFO -    🚨 30d_OI: moderate (Z: 3.28)
2025-05-26 09:01:10,757 - __main__ - INFO - 🔍 Phân tích DOGEUSDT...
2025-05-26 09:01:10,839 - __main__ - INFO -    🚨 30d_OI: moderate (Z: 2.92)
2025-05-26 09:01:10,840 - __main__ - INFO -    🚨 30d_Volume_USDT: moderate (Z: 2.59)
2025-05-26 09:01:10,840 - __main__ - INFO -    🚨 30d_Volume: moderate (Z: 2.58)
2025-05-26 09:01:10,842 - __main__ - INFO - 📱 Đã gửi cảnh báo qua Telegram
2025-05-26 09:01:10,843 - __main__ - INFO - ✅ Hoàn thành phát hiện bất thường: 12 anomalies
2025-05-26 09:01:10,843 - __main__ - INFO -    - BTCUSDT: 2 anomalies
2025-05-26 09:01:10,844 - __main__ - INFO -    - ETHUSDT: 2 anomalies
2025-05-26 09:01:10,844 - __main__ - INFO -    - BNBUSDT: 4 anomalies
2025-05-26 09:01:10,845 - __main__ - INFO -    - SOLUSDT: 1 anomalies
2025-05-26 09:01:10,845 - __main__ - INFO -    - DOGEUSDT: 3 anomalies
2025-05-26 09:16:09,622 - __main__ - INFO - ⚡ Bắt đầu chu kỳ realtime (30 phút/lần): Update → Reports → Push
2025-05-26 09:16:11,408 - __main__ - INFO - 📡 Thu thập dữ liệu realtime...
2025-05-26 09:16:26,848 - __main__ - INFO - 💾 Đã lưu dữ liệu realtime cho 5/5 symbols
2025-05-26 09:16:26,849 - __main__ - INFO - 📊 Tạo báo cáo tối ưu OI & Volume...
2025-05-26 09:16:27,007 - __main__ - INFO - ✅ Đã tạo báo cáo tổng hợp
2025-05-26 09:16:27,069 - __main__ - INFO - 📈 Đã tạo dữ liệu tracking 24h
2025-05-26 09:16:27,069 - __main__ - INFO - 📁 Xuất dữ liệu JSON tối ưu...
2025-05-26 09:16:27,476 - __main__ - INFO - ✅ Đã xuất dữ liệu JSON cho web
2025-05-26 09:16:27,476 - __main__ - INFO - 📤 Đẩy dữ liệu lên GitHub...
2025-05-26 09:16:27,477 - __main__ - INFO - 📤 Bắt đầu đẩy dữ liệu lên GitHub
2025-05-26 09:16:30,774 - __main__ - INFO - ✅ Đã đẩy dữ liệu lên GitHub thành công lúc 2025-05-26 09:16:27
2025-05-26 09:16:30,774 - __main__ - INFO - 🎉 Hoàn thành chu kỳ realtime: cập nhật → báo cáo → push GitHub
2025-05-26 09:16:31,781 - __main__ - INFO - 🔍 Bắt đầu phát hiện bất thường tối ưu (15 phút/lần)
2025-05-26 09:16:31,791 - __main__ - INFO - 🔍 Phân tích BTCUSDT...
2025-05-26 09:16:31,882 - __main__ - INFO -    🚨 30d_Volume_USDT: moderate (Z: 3.20)
2025-05-26 09:16:31,883 - __main__ - INFO -    🚨 30d_Volume: moderate (Z: 3.12)
2025-05-26 09:16:31,883 - __main__ - INFO - 🔍 Phân tích ETHUSDT...
2025-05-26 09:16:31,957 - __main__ - INFO -    🚨 30d_OI: moderate (Z: 2.90)
2025-05-26 09:16:31,957 - __main__ - INFO -    🚨 30d_Volume: moderate (Z: 2.53)
2025-05-26 09:16:31,958 - __main__ - INFO - 🔍 Phân tích BNBUSDT...
2025-05-26 09:16:32,042 - __main__ - INFO -    🚨 30d_Avg_OI_Value: moderate (Z: 2.54)
2025-05-26 09:16:32,043 - __main__ - INFO -    🚨 30d_Volume_USDT: moderate (Z: 3.03)
2025-05-26 09:16:32,043 - __main__ - INFO -    🚨 30d_Volume: moderate (Z: 2.99)
2025-05-26 09:16:32,044 - __main__ - INFO - 🔍 Phân tích SOLUSDT...
2025-05-26 09:16:32,111 - __main__ - INFO -    🚨 30d_OI: moderate (Z: 2.94)
2025-05-26 09:16:32,111 - __main__ - INFO - 🔍 Phân tích DOGEUSDT...
2025-05-26 09:16:32,188 - __main__ - INFO -    🚨 30d_OI: moderate (Z: 2.90)
2025-05-26 09:16:32,189 - __main__ - INFO -    🚨 30d_Volume_USDT: moderate (Z: 2.59)
2025-05-26 09:16:32,190 - __main__ - INFO -    🚨 30d_Volume: moderate (Z: 2.58)
2025-05-26 09:16:32,191 - __main__ - INFO - 📱 Đã gửi cảnh báo qua Telegram
2025-05-26 09:16:32,192 - __main__ - INFO - ✅ Hoàn thành phát hiện bất thường: 12 anomalies
2025-05-26 09:16:32,192 - __main__ - INFO -    - BTCUSDT: 2 anomalies
2025-05-26 09:16:32,193 - __main__ - INFO -    - ETHUSDT: 2 anomalies
2025-05-26 09:16:32,194 - __main__ - INFO -    - BNBUSDT: 4 anomalies
2025-05-26 09:16:32,194 - __main__ - INFO -    - SOLUSDT: 1 anomalies
2025-05-26 09:16:32,194 - __main__ - INFO -    - DOGEUSDT: 3 anomalies
2025-05-26 09:31:33,043 - __main__ - INFO - 🔍 Bắt đầu phát hiện bất thường tối ưu (15 phút/lần)
2025-05-26 09:31:33,052 - __main__ - INFO - 🔍 Phân tích BTCUSDT...
2025-05-26 09:31:33,143 - __main__ - INFO -    🚨 30d_Volume_USDT: moderate (Z: 3.20)
2025-05-26 09:31:33,144 - __main__ - INFO -    🚨 30d_Volume: moderate (Z: 3.12)
2025-05-26 09:31:33,144 - __main__ - INFO - 🔍 Phân tích ETHUSDT...
2025-05-26 09:31:33,220 - __main__ - INFO -    🚨 30d_OI: moderate (Z: 2.90)
2025-05-26 09:31:33,220 - __main__ - INFO -    🚨 30d_Volume: moderate (Z: 2.53)
2025-05-26 09:31:33,221 - __main__ - INFO - 🔍 Phân tích BNBUSDT...
2025-05-26 09:31:33,304 - __main__ - INFO -    🚨 30d_Avg_OI_Value: moderate (Z: 2.54)
2025-05-26 09:31:33,305 - __main__ - INFO -    🚨 30d_Volume_USDT: moderate (Z: 3.03)
2025-05-26 09:31:33,305 - __main__ - INFO -    🚨 30d_Volume: moderate (Z: 2.99)
2025-05-26 09:31:33,306 - __main__ - INFO - 🔍 Phân tích SOLUSDT...
2025-05-26 09:31:33,372 - __main__ - INFO -    🚨 30d_OI: moderate (Z: 2.94)
2025-05-26 09:31:33,373 - __main__ - INFO - 🔍 Phân tích DOGEUSDT...
2025-05-26 09:31:33,452 - __main__ - INFO -    🚨 30d_OI: moderate (Z: 2.90)
2025-05-26 09:31:33,452 - __main__ - INFO -    🚨 30d_Volume_USDT: moderate (Z: 2.59)
2025-05-26 09:31:33,453 - __main__ - INFO -    🚨 30d_Volume: moderate (Z: 2.58)
2025-05-26 09:31:33,454 - __main__ - INFO - 📱 Đã gửi cảnh báo qua Telegram
2025-05-26 09:31:33,455 - __main__ - INFO - ✅ Hoàn thành phát hiện bất thường: 12 anomalies
2025-05-26 09:31:33,455 - __main__ - INFO -    - BTCUSDT: 2 anomalies
2025-05-26 09:31:33,456 - __main__ - INFO -    - ETHUSDT: 2 anomalies
2025-05-26 09:31:33,456 - __main__ - INFO -    - BNBUSDT: 4 anomalies
2025-05-26 09:31:33,457 - __main__ - INFO -    - SOLUSDT: 1 anomalies
2025-05-26 09:31:33,458 - __main__ - INFO -    - DOGEUSDT: 3 anomalies
2025-05-26 09:46:31,418 - __main__ - INFO - ⚡ Bắt đầu chu kỳ realtime (30 phút/lần): Update → Reports → Push
2025-05-26 09:46:33,178 - __main__ - INFO - 📡 Thu thập dữ liệu realtime...
2025-05-26 09:46:48,581 - __main__ - INFO - 💾 Đã lưu dữ liệu realtime cho 5/5 symbols
2025-05-26 09:46:48,582 - __main__ - INFO - 📊 Tạo báo cáo tối ưu OI & Volume...
2025-05-26 09:46:48,737 - __main__ - INFO - ✅ Đã tạo báo cáo tổng hợp
2025-05-26 09:46:48,799 - __main__ - INFO - 📈 Đã tạo dữ liệu tracking 24h
2025-05-26 09:46:48,800 - __main__ - INFO - 📁 Xuất dữ liệu JSON tối ưu...
2025-05-26 09:46:49,203 - __main__ - INFO - ✅ Đã xuất dữ liệu JSON cho web
2025-05-26 09:46:49,203 - __main__ - INFO - 📤 Đẩy dữ liệu lên GitHub...
2025-05-26 09:46:49,204 - __main__ - INFO - 📤 Bắt đầu đẩy dữ liệu lên GitHub
2025-05-26 09:46:52,445 - __main__ - INFO - ✅ Đã đẩy dữ liệu lên GitHub thành công lúc 2025-05-26 09:46:49
2025-05-26 09:46:52,446 - __main__ - INFO - 🎉 Hoàn thành chu kỳ realtime: cập nhật → báo cáo → push GitHub
2025-05-26 09:46:53,463 - __main__ - INFO - 🔍 Bắt đầu phát hiện bất thường tối ưu (15 phút/lần)
2025-05-26 09:46:53,474 - __main__ - INFO - 🔍 Phân tích BTCUSDT...
2025-05-26 09:46:53,585 - __main__ - INFO -    🚨 30d_Volume_USDT: moderate (Z: 3.20)
2025-05-26 09:46:53,585 - __main__ - INFO -    🚨 30d_Volume: moderate (Z: 3.12)
2025-05-26 09:46:53,586 - __main__ - INFO - 🔍 Phân tích ETHUSDT...
2025-05-26 09:46:53,659 - __main__ - INFO -    🚨 30d_Volume: moderate (Z: 2.53)
2025-05-26 09:46:53,659 - __main__ - INFO - 🔍 Phân tích BNBUSDT...
2025-05-26 09:46:53,733 - __main__ - INFO -    🚨 30d_Volume_USDT: moderate (Z: 3.03)
2025-05-26 09:46:53,733 - __main__ - INFO -    🚨 30d_Volume: moderate (Z: 2.99)
2025-05-26 09:46:53,734 - __main__ - INFO - 🔍 Phân tích SOLUSDT...
2025-05-26 09:46:53,803 - __main__ - INFO -    🚨 30d_OI: moderate (Z: 3.00)
2025-05-26 09:46:53,804 - __main__ - INFO - 🔍 Phân tích DOGEUSDT...
2025-05-26 09:46:53,879 - __main__ - INFO -    🚨 30d_Volume_USDT: moderate (Z: 2.59)
2025-05-26 09:46:53,879 - __main__ - INFO -    🚨 30d_Volume: moderate (Z: 2.58)
2025-05-26 09:46:53,880 - __main__ - INFO - 📱 Đã gửi cảnh báo qua Telegram
2025-05-26 09:46:53,881 - __main__ - INFO - ✅ Hoàn thành phát hiện bất thường: 8 anomalies
2025-05-26 09:46:53,881 - __main__ - INFO -    - BTCUSDT: 2 anomalies
2025-05-26 09:46:53,882 - __main__ - INFO -    - ETHUSDT: 1 anomalies
2025-05-26 09:46:53,882 - __main__ - INFO -    - BNBUSDT: 2 anomalies
2025-05-26 09:46:53,883 - __main__ - INFO -    - SOLUSDT: 1 anomalies
2025-05-26 09:46:53,883 - __main__ - INFO -    - DOGEUSDT: 2 anomalies
2025-05-26 10:00:00,839 - __main__ - INFO - ⏰ Bắt đầu cập nhật dữ liệu hàng giờ - Tracking 24h
2025-05-26 10:00:02,752 - __main__ - INFO - 📡 Thu thập dữ liệu realtime cho tracking 24h...
2025-05-26 10:00:18,502 - __main__ - INFO - 💾 Đã lưu dữ liệu hàng giờ cho 5/5 symbols lúc 10:00
2025-05-26 10:00:18,513 - __main__ - INFO - 📊 Đã cập nhật tracking 24h cho 10:00
2025-05-26 10:01:54,121 - __main__ - INFO - 🔍 Bắt đầu phát hiện bất thường tối ưu (15 phút/lần)
2025-05-26 10:01:54,132 - __main__ - INFO - 🔍 Phân tích BTCUSDT...
2025-05-26 10:01:54,244 - __main__ - INFO -    🚨 30d_Volume_USDT: moderate (Z: 3.20)
2025-05-26 10:01:54,244 - __main__ - INFO -    🚨 30d_Volume: moderate (Z: 3.12)
2025-05-26 10:01:54,245 - __main__ - INFO - 🔍 Phân tích ETHUSDT...
2025-05-26 10:01:54,322 - __main__ - INFO -    🚨 30d_OI: moderate (Z: 2.52)
2025-05-26 10:01:54,323 - __main__ - INFO -    🚨 30d_Volume: moderate (Z: 2.53)
2025-05-26 10:01:54,323 - __main__ - INFO - 🔍 Phân tích BNBUSDT...
2025-05-26 10:01:54,398 - __main__ - INFO -    🚨 30d_Volume_USDT: moderate (Z: 3.03)
2025-05-26 10:01:54,398 - __main__ - INFO -    🚨 30d_Volume: moderate (Z: 2.99)
2025-05-26 10:01:54,399 - __main__ - INFO - 🔍 Phân tích SOLUSDT...
2025-05-26 10:01:54,463 - __main__ - INFO -    ✅ SOLUSDT: Không phát hiện anomaly
2025-05-26 10:01:54,464 - __main__ - INFO - 🔍 Phân tích DOGEUSDT...
2025-05-26 10:01:54,540 - __main__ - INFO -    🚨 30d_Volume_USDT: moderate (Z: 2.59)
2025-05-26 10:01:54,540 - __main__ - INFO -    🚨 30d_Volume: moderate (Z: 2.58)
2025-05-26 10:01:54,542 - __main__ - INFO - 📱 Đã gửi cảnh báo qua Telegram
2025-05-26 10:01:54,542 - __main__ - INFO - ✅ Hoàn thành phát hiện bất thường: 8 anomalies
2025-05-26 10:01:54,543 - __main__ - INFO -    - BTCUSDT: 2 anomalies
2025-05-26 10:01:54,543 - __main__ - INFO -    - ETHUSDT: 2 anomalies
2025-05-26 10:01:54,544 - __main__ - INFO -    - BNBUSDT: 2 anomalies
2025-05-26 10:01:54,544 - __main__ - INFO -    - DOGEUSDT: 2 anomalies
2025-05-26 10:16:53,104 - __main__ - INFO - ⚡ Bắt đầu chu kỳ realtime (30 phút/lần): Update → Reports → Push
2025-05-26 10:16:54,895 - __main__ - INFO - 📡 Thu thập dữ liệu realtime...
2025-05-26 10:17:10,091 - __main__ - INFO - 💾 Đã lưu dữ liệu realtime cho 5/5 symbols
2025-05-26 10:17:10,092 - __main__ - INFO - 📊 Tạo báo cáo tối ưu OI & Volume...
2025-05-26 10:17:10,245 - __main__ - INFO - ✅ Đã tạo báo cáo tổng hợp
2025-05-26 10:17:10,303 - __main__ - INFO - 📈 Đã tạo dữ liệu tracking 24h
2025-05-26 10:17:10,304 - __main__ - INFO - 📁 Xuất dữ liệu JSON tối ưu...
2025-05-26 10:17:10,680 - __main__ - INFO - ✅ Đã xuất dữ liệu JSON cho web
2025-05-26 10:17:10,681 - __main__ - INFO - 📤 Đẩy dữ liệu lên GitHub...
2025-05-26 10:17:10,681 - __main__ - INFO - 📤 Bắt đầu đẩy dữ liệu lên GitHub
2025-05-26 10:17:13,962 - __main__ - INFO - ✅ Đã đẩy dữ liệu lên GitHub thành công lúc 2025-05-26 10:17:11
2025-05-26 10:17:13,963 - __main__ - INFO - 🎉 Hoàn thành chu kỳ realtime: cập nhật → báo cáo → push GitHub
2025-05-26 10:17:14,969 - __main__ - INFO - 🔍 Bắt đầu phát hiện bất thường tối ưu (15 phút/lần)
2025-05-26 10:17:14,980 - __main__ - INFO - 🔍 Phân tích BTCUSDT...
2025-05-26 10:17:15,078 - __main__ - INFO -    🚨 30d_Volume_USDT: moderate (Z: 3.20)
2025-05-26 10:17:15,078 - __main__ - INFO -    🚨 30d_Volume: moderate (Z: 3.12)
2025-05-26 10:17:15,079 - __main__ - INFO - 🔍 Phân tích ETHUSDT...
2025-05-26 10:17:15,159 - __main__ - INFO -    🚨 30d_OI: moderate (Z: 2.58)
2025-05-26 10:17:15,160 - __main__ - INFO -    🚨 30d_Volume: moderate (Z: 2.53)
2025-05-26 10:17:15,160 - __main__ - INFO - 🔍 Phân tích BNBUSDT...
2025-05-26 10:17:15,240 - __main__ - INFO -    🚨 30d_Volume_USDT: moderate (Z: 3.03)
2025-05-26 10:17:15,240 - __main__ - INFO -    🚨 30d_Volume: moderate (Z: 2.99)
2025-05-26 10:17:15,241 - __main__ - INFO - 🔍 Phân tích SOLUSDT...
2025-05-26 10:17:15,307 - __main__ - INFO -    ✅ SOLUSDT: Không phát hiện anomaly
2025-05-26 10:17:15,307 - __main__ - INFO - 🔍 Phân tích DOGEUSDT...
2025-05-26 10:17:15,384 - __main__ - INFO -    🚨 30d_Volume_USDT: moderate (Z: 2.59)
2025-05-26 10:17:15,385 - __main__ - INFO -    🚨 30d_Volume: moderate (Z: 2.58)
2025-05-26 10:17:15,387 - __main__ - INFO - 📱 Đã gửi cảnh báo qua Telegram
2025-05-26 10:17:15,387 - __main__ - INFO - ✅ Hoàn thành phát hiện bất thường: 8 anomalies
2025-05-26 10:17:15,388 - __main__ - INFO -    - BTCUSDT: 2 anomalies
2025-05-26 10:17:15,388 - __main__ - INFO -    - ETHUSDT: 2 anomalies
2025-05-26 10:17:15,389 - __main__ - INFO -    - BNBUSDT: 2 anomalies
2025-05-26 10:17:15,389 - __main__ - INFO -    - DOGEUSDT: 2 anomalies
2025-05-26 10:32:16,071 - __main__ - INFO - 🔍 Bắt đầu phát hiện bất thường tối ưu (15 phút/lần)
2025-05-26 10:32:16,082 - __main__ - INFO - 🔍 Phân tích BTCUSDT...
2025-05-26 10:32:16,197 - __main__ - INFO -    🚨 30d_Volume_USDT: moderate (Z: 3.20)
2025-05-26 10:32:16,198 - __main__ - INFO -    🚨 30d_Volume: moderate (Z: 3.12)
2025-05-26 10:32:16,198 - __main__ - INFO - 🔍 Phân tích ETHUSDT...
2025-05-26 10:32:16,279 - __main__ - INFO -    🚨 30d_OI: moderate (Z: 2.58)
2025-05-26 10:32:16,279 - __main__ - INFO -    🚨 30d_Volume: moderate (Z: 2.53)
2025-05-26 10:32:16,280 - __main__ - INFO - 🔍 Phân tích BNBUSDT...
2025-05-26 10:32:16,358 - __main__ - INFO -    🚨 30d_Volume_USDT: moderate (Z: 3.03)
2025-05-26 10:32:16,358 - __main__ - INFO -    🚨 30d_Volume: moderate (Z: 2.99)
2025-05-26 10:32:16,359 - __main__ - INFO - 🔍 Phân tích SOLUSDT...
2025-05-26 10:32:16,425 - __main__ - INFO -    ✅ SOLUSDT: Không phát hiện anomaly
2025-05-26 10:32:16,425 - __main__ - INFO - 🔍 Phân tích DOGEUSDT...
2025-05-26 10:32:16,499 - __main__ - INFO -    🚨 30d_Volume_USDT: moderate (Z: 2.59)
2025-05-26 10:32:16,500 - __main__ - INFO -    🚨 30d_Volume: moderate (Z: 2.58)
2025-05-26 10:32:16,501 - __main__ - INFO - 📱 Đã gửi cảnh báo qua Telegram
2025-05-26 10:32:16,502 - __main__ - INFO - ✅ Hoàn thành phát hiện bất thường: 8 anomalies
2025-05-26 10:32:16,502 - __main__ - INFO -    - BTCUSDT: 2 anomalies
2025-05-26 10:32:16,503 - __main__ - INFO -    - ETHUSDT: 2 anomalies
2025-05-26 10:32:16,503 - __main__ - INFO -    - BNBUSDT: 2 anomalies
2025-05-26 10:32:16,504 - __main__ - INFO -    - DOGEUSDT: 2 anomalies
2025-05-26 10:47:14,169 - __main__ - INFO - ⚡ Bắt đầu chu kỳ realtime (30 phút/lần): Update → Reports → Push
2025-05-26 10:47:15,878 - __main__ - INFO - 📡 Thu thập dữ liệu realtime...
2025-05-26 10:47:30,926 - __main__ - INFO - 💾 Đã lưu dữ liệu realtime cho 5/5 symbols
2025-05-26 10:47:30,927 - __main__ - INFO - 📊 Tạo báo cáo tối ưu OI & Volume...
2025-05-26 10:47:31,096 - __main__ - INFO - ✅ Đã tạo báo cáo tổng hợp
2025-05-26 10:47:31,159 - __main__ - INFO - 📈 Đã tạo dữ liệu tracking 24h
2025-05-26 10:47:31,159 - __main__ - INFO - 📁 Xuất dữ liệu JSON tối ưu...
2025-05-26 10:47:31,569 - __main__ - INFO - ✅ Đã xuất dữ liệu JSON cho web
2025-05-26 10:47:31,570 - __main__ - INFO - 📤 Đẩy dữ liệu lên GitHub...
2025-05-26 10:47:31,571 - __main__ - INFO - 📤 Bắt đầu đẩy dữ liệu lên GitHub
2025-05-26 10:47:35,044 - __main__ - INFO - ✅ Đã đẩy dữ liệu lên GitHub thành công lúc 2025-05-26 10:47:31
2025-05-26 10:47:35,045 - __main__ - INFO - 🎉 Hoàn thành chu kỳ realtime: cập nhật → báo cáo → push GitHub
2025-05-26 10:47:36,052 - __main__ - INFO - 🔍 Bắt đầu phát hiện bất thường tối ưu (15 phút/lần)
2025-05-26 10:47:36,063 - __main__ - INFO - 🔍 Phân tích BTCUSDT...
2025-05-26 10:47:36,162 - __main__ - INFO -    🚨 30d_Volume_USDT: moderate (Z: 3.20)
2025-05-26 10:47:36,163 - __main__ - INFO -    🚨 30d_Volume: moderate (Z: 3.12)
2025-05-26 10:47:36,163 - __main__ - INFO - 🔍 Phân tích ETHUSDT...
2025-05-26 10:47:36,232 - __main__ - INFO -    🚨 30d_Volume: moderate (Z: 2.53)
2025-05-26 10:47:36,233 - __main__ - INFO - 🔍 Phân tích BNBUSDT...
2025-05-26 10:47:36,305 - __main__ - INFO -    🚨 30d_Volume_USDT: moderate (Z: 3.03)
2025-05-26 10:47:36,306 - __main__ - INFO -    🚨 30d_Volume: moderate (Z: 2.99)
2025-05-26 10:47:36,306 - __main__ - INFO - 🔍 Phân tích SOLUSDT...
2025-05-26 10:47:36,368 - __main__ - INFO -    ✅ SOLUSDT: Không phát hiện anomaly
2025-05-26 10:47:36,368 - __main__ - INFO - 🔍 Phân tích DOGEUSDT...
2025-05-26 10:47:36,446 - __main__ - INFO -    🚨 30d_Volume_USDT: moderate (Z: 2.59)
2025-05-26 10:47:36,447 - __main__ - INFO -    🚨 30d_Volume: moderate (Z: 2.58)
2025-05-26 10:47:36,448 - __main__ - INFO - 📱 Đã gửi cảnh báo qua Telegram
2025-05-26 10:47:36,449 - __main__ - INFO - ✅ Hoàn thành phát hiện bất thường: 7 anomalies
2025-05-26 10:47:36,449 - __main__ - INFO -    - BTCUSDT: 2 anomalies
2025-05-26 10:47:36,450 - __main__ - INFO -    - ETHUSDT: 1 anomalies
2025-05-26 10:47:36,450 - __main__ - INFO -    - BNBUSDT: 2 anomalies
2025-05-26 10:47:36,450 - __main__ - INFO -    - DOGEUSDT: 2 anomalies
2025-05-26 11:00:00,132 - __main__ - INFO - ⏰ Bắt đầu cập nhật dữ liệu hàng giờ - Tracking 24h
2025-05-26 11:00:02,214 - __main__ - INFO - 📡 Thu thập dữ liệu realtime cho tracking 24h...
2025-05-26 11:00:19,506 - __main__ - INFO - 💾 Đã lưu dữ liệu hàng giờ cho 5/5 symbols lúc 11:00
2025-05-26 11:00:19,517 - __main__ - INFO - 📊 Đã cập nhật tracking 24h cho 11:00
2025-05-26 11:02:36,491 - __main__ - INFO - 🔍 Bắt đầu phát hiện bất thường tối ưu (15 phút/lần)
2025-05-26 11:02:36,501 - __main__ - INFO - 🔍 Phân tích BTCUSDT...
2025-05-26 11:02:36,614 - __main__ - INFO -    🚨 24h_Volume: moderate (Z: 2.55)
2025-05-26 11:02:36,614 - __main__ - INFO -    🚨 30d_Volume_USDT: moderate (Z: 3.20)
2025-05-26 11:02:36,615 - __main__ - INFO -    🚨 30d_Volume: moderate (Z: 3.12)
2025-05-26 11:02:36,615 - __main__ - INFO - 🔍 Phân tích ETHUSDT...
2025-05-26 11:02:36,705 - __main__ - INFO -    🚨 24h_OI: moderate (Z: 2.56)
2025-05-26 11:02:36,705 - __main__ - INFO -    🚨 30d_OI: moderate (Z: 2.72)
2025-05-26 11:02:36,706 - __main__ - INFO -    🚨 30d_Volume: moderate (Z: 2.53)
2025-05-26 11:02:36,707 - __main__ - INFO - 🔍 Phân tích BNBUSDT...
2025-05-26 11:02:36,804 - __main__ - INFO -    🚨 24h_Volume: moderate (Z: 2.55)
2025-05-26 11:02:36,805 - __main__ - INFO -    🚨 30d_Volume_USDT: moderate (Z: 3.03)
2025-05-26 11:02:36,805 - __main__ - INFO -    🚨 30d_Volume: moderate (Z: 2.99)
2025-05-26 11:02:36,806 - __main__ - INFO - 🔍 Phân tích SOLUSDT...
2025-05-26 11:02:36,892 - __main__ - INFO -    🚨 24h_OI: moderate (Z: 2.56)
2025-05-26 11:02:36,892 - __main__ - INFO -    🚨 24h_Volume: moderate (Z: 2.53)
2025-05-26 11:02:36,893 - __main__ - INFO -    🚨 24h_Volume: moderate (Z: 2.53)
2025-05-26 11:02:36,893 - __main__ - INFO - 🔍 Phân tích DOGEUSDT...
2025-05-26 11:02:36,996 - __main__ - INFO -    🚨 24h_Volume: moderate (Z: 2.53)
2025-05-26 11:02:36,996 - __main__ - INFO -    🚨 30d_Volume_USDT: moderate (Z: 2.59)
2025-05-26 11:02:36,997 - __main__ - INFO -    🚨 30d_Volume: moderate (Z: 2.58)
2025-05-26 11:02:36,998 - __main__ - INFO - 📱 Đã gửi cảnh báo qua Telegram
2025-05-26 11:02:36,999 - __main__ - INFO - ✅ Hoàn thành phát hiện bất thường: 26 anomalies
2025-05-26 11:02:36,999 - __main__ - INFO -    - BTCUSDT: 6 anomalies
2025-05-26 11:02:37,000 - __main__ - INFO -    - ETHUSDT: 4 anomalies
2025-05-26 11:02:37,000 - __main__ - INFO -    - BNBUSDT: 6 anomalies
2025-05-26 11:02:37,000 - __main__ - INFO -    - SOLUSDT: 4 anomalies
2025-05-26 11:02:37,001 - __main__ - INFO -    - DOGEUSDT: 6 anomalies
2025-05-26 11:17:35,699 - __main__ - INFO - ⚡ Bắt đầu chu kỳ realtime (30 phút/lần): Update → Reports → Push
2025-05-26 11:17:37,342 - __main__ - INFO - 📡 Thu thập dữ liệu realtime...
2025-05-26 11:17:52,421 - __main__ - INFO - 💾 Đã lưu dữ liệu realtime cho 5/5 symbols
2025-05-26 11:17:52,421 - __main__ - INFO - 📊 Tạo báo cáo tối ưu OI & Volume...
2025-05-26 11:17:52,568 - __main__ - INFO - ✅ Đã tạo báo cáo tổng hợp
2025-05-26 11:17:52,637 - __main__ - INFO - 📈 Đã tạo dữ liệu tracking 24h
2025-05-26 11:17:52,638 - __main__ - INFO - 📁 Xuất dữ liệu JSON tối ưu...
2025-05-26 11:17:53,019 - __main__ - INFO - ✅ Đã xuất dữ liệu JSON cho web
2025-05-26 11:17:53,020 - __main__ - INFO - 📤 Đẩy dữ liệu lên GitHub...
2025-05-26 11:17:53,021 - __main__ - INFO - 📤 Bắt đầu đẩy dữ liệu lên GitHub
2025-05-26 11:17:56,267 - __main__ - INFO - ✅ Đã đẩy dữ liệu lên GitHub thành công lúc 2025-05-26 11:17:53
2025-05-26 11:17:56,268 - __main__ - INFO - 🎉 Hoàn thành chu kỳ realtime: cập nhật → báo cáo → push GitHub
2025-05-26 11:17:57,270 - __main__ - INFO - 🔍 Bắt đầu phát hiện bất thường tối ưu (15 phút/lần)
2025-05-26 11:17:57,276 - __main__ - INFO - 🔍 Phân tích BTCUSDT...
2025-05-26 11:17:57,385 - __main__ - INFO -    🚨 24h_Volume: moderate (Z: 2.55)
2025-05-26 11:17:57,386 - __main__ - INFO -    🚨 30d_Volume_USDT: moderate (Z: 3.20)
2025-05-26 11:17:57,387 - __main__ - INFO -    🚨 30d_Volume: moderate (Z: 3.12)
2025-05-26 11:17:57,387 - __main__ - INFO - 🔍 Phân tích ETHUSDT...
2025-05-26 11:17:57,509 - __main__ - INFO -    🚨 24h_OI: moderate (Z: 2.56)
2025-05-26 11:17:57,509 - __main__ - INFO -    🚨 30d_OI: moderate (Z: 2.75)
2025-05-26 11:17:57,510 - __main__ - INFO -    🚨 30d_Volume: moderate (Z: 2.53)
2025-05-26 11:17:57,510 - __main__ - INFO - 🔍 Phân tích BNBUSDT...
2025-05-26 11:17:57,601 - __main__ - INFO -    🚨 24h_Volume: moderate (Z: 2.55)
2025-05-26 11:17:57,602 - __main__ - INFO -    🚨 30d_Volume_USDT: moderate (Z: 3.03)
2025-05-26 11:17:57,602 - __main__ - INFO -    🚨 30d_Volume: moderate (Z: 2.99)
2025-05-26 11:17:57,602 - __main__ - INFO - 🔍 Phân tích SOLUSDT...
2025-05-26 11:17:57,691 - __main__ - INFO -    🚨 24h_OI: moderate (Z: 2.56)
2025-05-26 11:17:57,692 - __main__ - INFO -    🚨 24h_Volume: moderate (Z: 2.53)
2025-05-26 11:17:57,692 - __main__ - INFO -    🚨 24h_Volume: moderate (Z: 2.53)
2025-05-26 11:17:57,693 - __main__ - INFO - 🔍 Phân tích DOGEUSDT...
2025-05-26 11:17:57,787 - __main__ - INFO -    🚨 30d_OI: moderate (Z: 2.77)
2025-05-26 11:17:57,788 - __main__ - INFO -    🚨 30d_Volume_USDT: moderate (Z: 2.59)
2025-05-26 11:17:57,788 - __main__ - INFO -    🚨 30d_Volume: moderate (Z: 2.58)
2025-05-26 11:17:57,789 - __main__ - INFO - 📱 Đã gửi cảnh báo qua Telegram
2025-05-26 11:17:57,790 - __main__ - INFO - ✅ Hoàn thành phát hiện bất thường: 27 anomalies
2025-05-26 11:17:57,790 - __main__ - INFO -    - BTCUSDT: 6 anomalies
2025-05-26 11:17:57,791 - __main__ - INFO -    - ETHUSDT: 4 anomalies
2025-05-26 11:17:57,791 - __main__ - INFO -    - BNBUSDT: 6 anomalies
2025-05-26 11:17:57,791 - __main__ - INFO -    - SOLUSDT: 4 anomalies
2025-05-26 11:17:57,792 - __main__ - INFO -    - DOGEUSDT: 7 anomalies
2025-05-26 11:32:57,916 - __main__ - INFO - 🔍 Bắt đầu phát hiện bất thường tối ưu (15 phút/lần)
2025-05-26 11:32:57,934 - __main__ - INFO - 🔍 Phân tích BTCUSDT...
2025-05-26 11:32:58,052 - __main__ - INFO -    🚨 24h_Volume: moderate (Z: 2.55)
2025-05-26 11:32:58,053 - __main__ - INFO -    🚨 30d_Volume_USDT: moderate (Z: 3.20)
2025-05-26 11:32:58,054 - __main__ - INFO -    🚨 30d_Volume: moderate (Z: 3.12)
2025-05-26 11:32:58,054 - __main__ - INFO - 🔍 Phân tích ETHUSDT...
2025-05-26 11:32:58,141 - __main__ - INFO -    🚨 24h_OI: moderate (Z: 2.56)
2025-05-26 11:32:58,142 - __main__ - INFO -    🚨 30d_OI: moderate (Z: 2.75)
2025-05-26 11:32:58,142 - __main__ - INFO -    🚨 30d_Volume: moderate (Z: 2.53)
2025-05-26 11:32:58,142 - __main__ - INFO - 🔍 Phân tích BNBUSDT...
2025-05-26 11:32:58,240 - __main__ - INFO -    🚨 24h_Volume: moderate (Z: 2.55)
2025-05-26 11:32:58,240 - __main__ - INFO -    🚨 30d_Volume_USDT: moderate (Z: 3.03)
2025-05-26 11:32:58,240 - __main__ - INFO -    🚨 30d_Volume: moderate (Z: 2.99)
2025-05-26 11:32:58,241 - __main__ - INFO - 🔍 Phân tích SOLUSDT...
2025-05-26 11:32:58,332 - __main__ - INFO -    🚨 24h_OI: moderate (Z: 2.56)
2025-05-26 11:32:58,332 - __main__ - INFO -    🚨 24h_Volume: moderate (Z: 2.53)
2025-05-26 11:32:58,333 - __main__ - INFO -    🚨 24h_Volume: moderate (Z: 2.53)
2025-05-26 11:32:58,333 - __main__ - INFO - 🔍 Phân tích DOGEUSDT...
2025-05-26 11:32:58,433 - __main__ - INFO -    🚨 30d_OI: moderate (Z: 2.77)
2025-05-26 11:32:58,434 - __main__ - INFO -    🚨 30d_Volume_USDT: moderate (Z: 2.59)
2025-05-26 11:32:58,435 - __main__ - INFO -    🚨 30d_Volume: moderate (Z: 2.58)
2025-05-26 11:32:58,436 - __main__ - INFO - 📱 Đã gửi cảnh báo qua Telegram
2025-05-26 11:32:58,437 - __main__ - INFO - ✅ Hoàn thành phát hiện bất thường: 27 anomalies
2025-05-26 11:32:58,437 - __main__ - INFO -    - BTCUSDT: 6 anomalies
2025-05-26 11:32:58,438 - __main__ - INFO -    - ETHUSDT: 4 anomalies
2025-05-26 11:32:58,438 - __main__ - INFO -    - BNBUSDT: 6 anomalies
2025-05-26 11:32:58,438 - __main__ - INFO -    - SOLUSDT: 4 anomalies
2025-05-26 11:32:58,439 - __main__ - INFO -    - DOGEUSDT: 7 anomalies
2025-05-26 11:47:56,504 - __main__ - INFO - ⚡ Bắt đầu chu kỳ realtime (30 phút/lần): Update → Reports → Push
2025-05-26 11:47:58,309 - __main__ - INFO - 📡 Thu thập dữ liệu realtime...
2025-05-26 11:48:13,542 - __main__ - INFO - 💾 Đã lưu dữ liệu realtime cho 5/5 symbols
2025-05-26 11:48:13,543 - __main__ - INFO - 📊 Tạo báo cáo tối ưu OI & Volume...
2025-05-26 11:48:13,677 - __main__ - INFO - ✅ Đã tạo báo cáo tổng hợp
2025-05-26 11:48:13,726 - __main__ - INFO - 📈 Đã tạo dữ liệu tracking 24h
2025-05-26 11:48:13,726 - __main__ - INFO - 📁 Xuất dữ liệu JSON tối ưu...
2025-05-26 11:48:14,083 - __main__ - INFO - ✅ Đã xuất dữ liệu JSON cho web
2025-05-26 11:48:14,083 - __main__ - INFO - 📤 Đẩy dữ liệu lên GitHub...
2025-05-26 11:48:14,084 - __main__ - INFO - 📤 Bắt đầu đẩy dữ liệu lên GitHub
2025-05-26 11:48:17,274 - __main__ - INFO - ✅ Đã đẩy dữ liệu lên GitHub thành công lúc 2025-05-26 11:48:14
2025-05-26 11:48:17,275 - __main__ - INFO - 🎉 Hoàn thành chu kỳ realtime: cập nhật → báo cáo → push GitHub
2025-05-26 11:48:18,291 - __main__ - INFO - 🔍 Bắt đầu phát hiện bất thường tối ưu (15 phút/lần)
2025-05-26 11:48:18,298 - __main__ - INFO - 🔍 Phân tích BTCUSDT...
2025-05-26 11:48:18,393 - __main__ - INFO -    🚨 24h_Volume: moderate (Z: 2.55)
2025-05-26 11:48:18,394 - __main__ - INFO -    🚨 30d_Volume_USDT: moderate (Z: 3.20)
2025-05-26 11:48:18,394 - __main__ - INFO -    🚨 30d_Volume: moderate (Z: 3.12)
2025-05-26 11:48:18,395 - __main__ - INFO - 🔍 Phân tích ETHUSDT...
2025-05-26 11:48:18,480 - __main__ - INFO -    🚨 24h_OI: moderate (Z: 2.56)
2025-05-26 11:48:18,481 - __main__ - INFO -    🚨 30d_OI: moderate (Z: 2.55)
2025-05-26 11:48:18,482 - __main__ - INFO -    🚨 30d_Volume: moderate (Z: 2.53)
2025-05-26 11:48:18,483 - __main__ - INFO - 🔍 Phân tích BNBUSDT...
2025-05-26 11:48:18,569 - __main__ - INFO -    🚨 24h_Volume: moderate (Z: 2.55)
2025-05-26 11:48:18,569 - __main__ - INFO -    🚨 30d_Volume_USDT: moderate (Z: 3.03)
2025-05-26 11:48:18,570 - __main__ - INFO -    🚨 30d_Volume: moderate (Z: 2.99)
2025-05-26 11:48:18,570 - __main__ - INFO - 🔍 Phân tích SOLUSDT...
2025-05-26 11:48:18,642 - __main__ - INFO -    🚨 24h_OI: moderate (Z: 2.56)
2025-05-26 11:48:18,643 - __main__ - INFO -    🚨 24h_Volume: moderate (Z: 2.53)
2025-05-26 11:48:18,643 - __main__ - INFO -    🚨 24h_Volume: moderate (Z: 2.53)
2025-05-26 11:48:18,643 - __main__ - INFO - 🔍 Phân tích DOGEUSDT...
2025-05-26 11:48:18,729 - __main__ - INFO -    🚨 24h_Volume: moderate (Z: 2.53)
2025-05-26 11:48:18,729 - __main__ - INFO -    🚨 30d_Volume_USDT: moderate (Z: 2.59)
2025-05-26 11:48:18,730 - __main__ - INFO -    🚨 30d_Volume: moderate (Z: 2.58)
2025-05-26 11:48:18,731 - __main__ - INFO - 📱 Đã gửi cảnh báo qua Telegram
2025-05-26 11:48:18,731 - __main__ - INFO - ✅ Hoàn thành phát hiện bất thường: 26 anomalies
2025-05-26 11:48:18,732 - __main__ - INFO -    - BTCUSDT: 6 anomalies
2025-05-26 11:48:18,732 - __main__ - INFO -    - ETHUSDT: 4 anomalies
2025-05-26 11:48:18,733 - __main__ - INFO -    - BNBUSDT: 6 anomalies
2025-05-26 11:48:18,733 - __main__ - INFO -    - SOLUSDT: 4 anomalies
2025-05-26 11:48:18,733 - __main__ - INFO -    - DOGEUSDT: 6 anomalies
2025-05-26 11:52:02,221 - __main__ - INFO - ⏹️ Dừng hệ thống theo yêu cầu người dùng
2025-05-26 11:52:02,222 - __main__ - INFO - 🏁 Kết thúc với mã: 0
