2025-05-30 20:35:13,295 - visualization.report_generator - INFO - 🔧 Khởi tạo OptimizedReportGenerator - Focus OI & Volume
2025-05-30 20:35:13,296 - visualization.report_generator - INFO - 📊 Tạo báo cáo tổng hợp hàng ngày
2025-05-30 20:35:13,428 - visualization.report_generator - INFO - 💾 Đã lưu báo cáo: daily_summary.json
2025-05-30 20:35:13,429 - visualization.report_generator - INFO - ✅ Hoàn thành báo cáo tổng hợp hàng ngày
2025-05-30 20:35:13,430 - visualization.report_generator - INFO - 🔄 Tạo dữ liệu tracking 24h cho web
2025-05-30 20:35:13,432 - visualization.report_generator - WARNING - ❌ Không có dữ liệu tracking 24h
2025-05-30 21:06:46,046 - visualization.report_generator - INFO - 🔧 Khởi tạo OptimizedReportGenerator - Focus OI & Volume
2025-05-30 21:06:46,047 - visualization.report_generator - INFO - 📊 Tạo báo cáo tổng hợp hàng ngày
2025-05-30 21:06:46,204 - visualization.report_generator - INFO - 💾 Đã lưu báo cáo: daily_summary.json
2025-05-30 21:06:46,204 - visualization.report_generator - INFO - ✅ Hoàn thành báo cáo tổng hợp hàng ngày
2025-05-30 21:06:46,205 - visualization.report_generator - INFO - 🔄 Tạo dữ liệu tracking 24h cho web
2025-05-30 21:06:46,208 - visualization.report_generator - ERROR - ❌ Lỗi khi tạo dữ liệu tracking 24h: 'OptimizedReportGenerator' object has no attribute 'SYMBOLS'
2025-05-30 21:37:02,539 - visualization.report_generator - INFO - 🔧 Khởi tạo OptimizedReportGenerator - Focus OI & Volume
2025-05-30 21:37:02,539 - visualization.report_generator - INFO - 📊 Tạo báo cáo tổng hợp hàng ngày
2025-05-30 21:37:02,716 - visualization.report_generator - INFO - 💾 Đã lưu báo cáo: daily_summary.json
2025-05-30 21:37:02,716 - visualization.report_generator - INFO - ✅ Hoàn thành báo cáo tổng hợp hàng ngày
2025-05-30 21:37:02,717 - visualization.report_generator - INFO - 🔄 Tạo dữ liệu tracking 24h cho web
2025-05-30 21:37:02,721 - visualization.report_generator - ERROR - ❌ Lỗi khi tạo dữ liệu tracking 24h: 'OptimizedReportGenerator' object has no attribute 'SYMBOLS'
2025-05-30 21:44:27,580 - visualization.report_generator - INFO - 🔧 Khởi tạo OptimizedReportGenerator - Focus OI & Volume
2025-05-30 21:44:27,581 - visualization.report_generator - INFO - 📊 Tạo báo cáo tổng hợp hàng ngày
2025-05-30 21:44:27,735 - visualization.report_generator - INFO - 💾 Đã lưu báo cáo: daily_summary.json
2025-05-30 21:44:27,736 - visualization.report_generator - INFO - ✅ Hoàn thành báo cáo tổng hợp hàng ngày
2025-05-30 21:44:27,737 - visualization.report_generator - INFO - 🔄 Tạo dữ liệu tracking 24h cho web
2025-05-30 21:44:27,740 - visualization.report_generator - ERROR - ❌ Lỗi khi tạo dữ liệu tracking 24h: 'OptimizedReportGenerator' object has no attribute 'SYMBOLS'
2025-05-30 22:15:40,927 - visualization.report_generator - INFO - 🔧 Khởi tạo OptimizedReportGenerator - Focus OI & Volume
2025-05-30 22:15:40,928 - visualization.report_generator - INFO - 📊 Tạo báo cáo tổng hợp hàng ngày
2025-05-30 22:15:41,078 - visualization.report_generator - INFO - 💾 Đã lưu báo cáo: daily_summary.json
2025-05-30 22:15:41,079 - visualization.report_generator - INFO - ✅ Hoàn thành báo cáo tổng hợp hàng ngày
2025-05-30 22:15:41,080 - visualization.report_generator - INFO - 🔄 Tạo dữ liệu tracking 24h cho web
2025-05-30 22:15:41,083 - visualization.report_generator - ERROR - ❌ Lỗi khi tạo dữ liệu tracking 24h: 'OptimizedReportGenerator' object has no attribute 'SYMBOLS'
2025-05-30 22:45:57,798 - visualization.report_generator - INFO - 🔧 Khởi tạo OptimizedReportGenerator - Focus OI & Volume
2025-05-30 22:45:57,798 - visualization.report_generator - INFO - 📊 Tạo báo cáo tổng hợp hàng ngày
2025-05-30 22:45:57,947 - visualization.report_generator - INFO - 💾 Đã lưu báo cáo: daily_summary.json
2025-05-30 22:45:57,948 - visualization.report_generator - INFO - ✅ Hoàn thành báo cáo tổng hợp hàng ngày
2025-05-30 22:45:57,949 - visualization.report_generator - INFO - 🔄 Tạo dữ liệu tracking 24h cho web
2025-05-30 22:45:57,955 - visualization.report_generator - ERROR - ❌ Lỗi khi tạo dữ liệu tracking 24h: 'OptimizedReportGenerator' object has no attribute 'SYMBOLS'
2025-05-30 23:16:11,209 - visualization.report_generator - INFO - 🔧 Khởi tạo OptimizedReportGenerator - Focus OI & Volume
2025-05-30 23:16:11,209 - visualization.report_generator - INFO - 📊 Tạo báo cáo tổng hợp hàng ngày
2025-05-30 23:16:11,363 - visualization.report_generator - INFO - 💾 Đã lưu báo cáo: daily_summary.json
2025-05-30 23:16:11,364 - visualization.report_generator - INFO - ✅ Hoàn thành báo cáo tổng hợp hàng ngày
2025-05-30 23:16:11,365 - visualization.report_generator - INFO - 🔄 Tạo dữ liệu tracking 24h cho web
2025-05-30 23:16:11,368 - visualization.report_generator - ERROR - ❌ Lỗi khi tạo dữ liệu tracking 24h: 'OptimizedReportGenerator' object has no attribute 'SYMBOLS'
2025-05-30 23:46:24,338 - visualization.report_generator - INFO - 🔧 Khởi tạo OptimizedReportGenerator - Focus OI & Volume
2025-05-30 23:46:24,339 - visualization.report_generator - INFO - 📊 Tạo báo cáo tổng hợp hàng ngày
2025-05-30 23:46:24,480 - visualization.report_generator - INFO - 💾 Đã lưu báo cáo: daily_summary.json
2025-05-30 23:46:24,480 - visualization.report_generator - INFO - ✅ Hoàn thành báo cáo tổng hợp hàng ngày
2025-05-30 23:46:24,482 - visualization.report_generator - INFO - 🔄 Tạo dữ liệu tracking 24h cho web
2025-05-30 23:46:24,484 - visualization.report_generator - ERROR - ❌ Lỗi khi tạo dữ liệu tracking 24h: 'OptimizedReportGenerator' object has no attribute 'SYMBOLS'
2025-05-31 00:16:37,744 - visualization.report_generator - INFO - 🔧 Khởi tạo OptimizedReportGenerator - Focus OI & Volume
2025-05-31 00:16:37,745 - visualization.report_generator - INFO - 📊 Tạo báo cáo tổng hợp hàng ngày
2025-05-31 00:16:37,876 - visualization.report_generator - INFO - 💾 Đã lưu báo cáo: daily_summary.json
2025-05-31 00:16:37,876 - visualization.report_generator - INFO - ✅ Hoàn thành báo cáo tổng hợp hàng ngày
2025-05-31 00:16:37,877 - visualization.report_generator - INFO - 🔄 Tạo dữ liệu tracking 24h cho web
2025-05-31 00:16:37,880 - visualization.report_generator - ERROR - ❌ Lỗi khi tạo dữ liệu tracking 24h: 'OptimizedReportGenerator' object has no attribute 'SYMBOLS'
2025-05-31 00:46:55,219 - visualization.report_generator - INFO - 🔧 Khởi tạo OptimizedReportGenerator - Focus OI & Volume
2025-05-31 00:46:55,220 - visualization.report_generator - INFO - 📊 Tạo báo cáo tổng hợp hàng ngày
2025-05-31 00:46:55,385 - visualization.report_generator - INFO - 💾 Đã lưu báo cáo: daily_summary.json
2025-05-31 00:46:55,385 - visualization.report_generator - INFO - ✅ Hoàn thành báo cáo tổng hợp hàng ngày
2025-05-31 00:46:55,386 - visualization.report_generator - INFO - 🔄 Tạo dữ liệu tracking 24h cho web
2025-05-31 00:46:55,390 - visualization.report_generator - ERROR - ❌ Lỗi khi tạo dữ liệu tracking 24h: 'OptimizedReportGenerator' object has no attribute 'SYMBOLS'
2025-05-31 01:17:07,654 - visualization.report_generator - INFO - 🔧 Khởi tạo OptimizedReportGenerator - Focus OI & Volume
2025-05-31 01:17:07,655 - visualization.report_generator - INFO - 📊 Tạo báo cáo tổng hợp hàng ngày
2025-05-31 01:17:07,807 - visualization.report_generator - INFO - 💾 Đã lưu báo cáo: daily_summary.json
2025-05-31 01:17:07,807 - visualization.report_generator - INFO - ✅ Hoàn thành báo cáo tổng hợp hàng ngày
2025-05-31 01:17:07,808 - visualization.report_generator - INFO - 🔄 Tạo dữ liệu tracking 24h cho web
2025-05-31 01:17:07,812 - visualization.report_generator - ERROR - ❌ Lỗi khi tạo dữ liệu tracking 24h: 'OptimizedReportGenerator' object has no attribute 'SYMBOLS'
2025-05-31 01:47:20,488 - visualization.report_generator - INFO - 🔧 Khởi tạo OptimizedReportGenerator - Focus OI & Volume
2025-05-31 01:47:20,489 - visualization.report_generator - INFO - 📊 Tạo báo cáo tổng hợp hàng ngày
2025-05-31 01:47:20,646 - visualization.report_generator - INFO - 💾 Đã lưu báo cáo: daily_summary.json
2025-05-31 01:47:20,647 - visualization.report_generator - INFO - ✅ Hoàn thành báo cáo tổng hợp hàng ngày
2025-05-31 01:47:20,648 - visualization.report_generator - INFO - 🔄 Tạo dữ liệu tracking 24h cho web
2025-05-31 01:47:20,651 - visualization.report_generator - ERROR - ❌ Lỗi khi tạo dữ liệu tracking 24h: 'OptimizedReportGenerator' object has no attribute 'SYMBOLS'
2025-05-31 02:17:33,183 - visualization.report_generator - INFO - 🔧 Khởi tạo OptimizedReportGenerator - Focus OI & Volume
2025-05-31 02:17:33,183 - visualization.report_generator - INFO - 📊 Tạo báo cáo tổng hợp hàng ngày
2025-05-31 02:17:33,334 - visualization.report_generator - INFO - 💾 Đã lưu báo cáo: daily_summary.json
2025-05-31 02:17:33,334 - visualization.report_generator - INFO - ✅ Hoàn thành báo cáo tổng hợp hàng ngày
2025-05-31 02:17:33,335 - visualization.report_generator - INFO - 🔄 Tạo dữ liệu tracking 24h cho web
2025-05-31 02:17:33,339 - visualization.report_generator - ERROR - ❌ Lỗi khi tạo dữ liệu tracking 24h: 'OptimizedReportGenerator' object has no attribute 'SYMBOLS'
2025-05-31 02:47:46,040 - visualization.report_generator - INFO - 🔧 Khởi tạo OptimizedReportGenerator - Focus OI & Volume
2025-05-31 02:47:46,041 - visualization.report_generator - INFO - 📊 Tạo báo cáo tổng hợp hàng ngày
2025-05-31 02:47:46,194 - visualization.report_generator - INFO - 💾 Đã lưu báo cáo: daily_summary.json
2025-05-31 02:47:46,194 - visualization.report_generator - INFO - ✅ Hoàn thành báo cáo tổng hợp hàng ngày
2025-05-31 02:47:46,195 - visualization.report_generator - INFO - 🔄 Tạo dữ liệu tracking 24h cho web
2025-05-31 02:47:46,199 - visualization.report_generator - ERROR - ❌ Lỗi khi tạo dữ liệu tracking 24h: 'OptimizedReportGenerator' object has no attribute 'SYMBOLS'
2025-05-31 03:17:58,891 - visualization.report_generator - INFO - 🔧 Khởi tạo OptimizedReportGenerator - Focus OI & Volume
2025-05-31 03:17:58,892 - visualization.report_generator - INFO - 📊 Tạo báo cáo tổng hợp hàng ngày
2025-05-31 03:17:59,048 - visualization.report_generator - INFO - 💾 Đã lưu báo cáo: daily_summary.json
2025-05-31 03:17:59,048 - visualization.report_generator - INFO - ✅ Hoàn thành báo cáo tổng hợp hàng ngày
2025-05-31 03:17:59,049 - visualization.report_generator - INFO - 🔄 Tạo dữ liệu tracking 24h cho web
2025-05-31 03:17:59,053 - visualization.report_generator - ERROR - ❌ Lỗi khi tạo dữ liệu tracking 24h: 'OptimizedReportGenerator' object has no attribute 'SYMBOLS'
2025-05-31 03:48:12,508 - visualization.report_generator - INFO - 🔧 Khởi tạo OptimizedReportGenerator - Focus OI & Volume
2025-05-31 03:48:12,509 - visualization.report_generator - INFO - 📊 Tạo báo cáo tổng hợp hàng ngày
2025-05-31 03:48:12,668 - visualization.report_generator - INFO - 💾 Đã lưu báo cáo: daily_summary.json
2025-05-31 03:48:12,669 - visualization.report_generator - INFO - ✅ Hoàn thành báo cáo tổng hợp hàng ngày
2025-05-31 03:48:12,670 - visualization.report_generator - INFO - 🔄 Tạo dữ liệu tracking 24h cho web
2025-05-31 03:48:12,674 - visualization.report_generator - ERROR - ❌ Lỗi khi tạo dữ liệu tracking 24h: 'OptimizedReportGenerator' object has no attribute 'SYMBOLS'
2025-05-31 04:18:25,406 - visualization.report_generator - INFO - 🔧 Khởi tạo OptimizedReportGenerator - Focus OI & Volume
2025-05-31 04:18:25,407 - visualization.report_generator - INFO - 📊 Tạo báo cáo tổng hợp hàng ngày
2025-05-31 04:18:25,565 - visualization.report_generator - INFO - 💾 Đã lưu báo cáo: daily_summary.json
2025-05-31 04:18:25,565 - visualization.report_generator - INFO - ✅ Hoàn thành báo cáo tổng hợp hàng ngày
2025-05-31 04:18:25,566 - visualization.report_generator - INFO - 🔄 Tạo dữ liệu tracking 24h cho web
2025-05-31 04:18:25,570 - visualization.report_generator - ERROR - ❌ Lỗi khi tạo dữ liệu tracking 24h: 'OptimizedReportGenerator' object has no attribute 'SYMBOLS'
2025-05-31 04:48:38,092 - visualization.report_generator - INFO - 🔧 Khởi tạo OptimizedReportGenerator - Focus OI & Volume
2025-05-31 04:48:38,092 - visualization.report_generator - INFO - 📊 Tạo báo cáo tổng hợp hàng ngày
2025-05-31 04:48:38,244 - visualization.report_generator - INFO - 💾 Đã lưu báo cáo: daily_summary.json
2025-05-31 04:48:38,245 - visualization.report_generator - INFO - ✅ Hoàn thành báo cáo tổng hợp hàng ngày
2025-05-31 04:48:38,246 - visualization.report_generator - INFO - 🔄 Tạo dữ liệu tracking 24h cho web
2025-05-31 04:48:38,249 - visualization.report_generator - ERROR - ❌ Lỗi khi tạo dữ liệu tracking 24h: 'OptimizedReportGenerator' object has no attribute 'SYMBOLS'
2025-05-31 05:18:51,164 - visualization.report_generator - INFO - 🔧 Khởi tạo OptimizedReportGenerator - Focus OI & Volume
2025-05-31 05:18:51,165 - visualization.report_generator - INFO - 📊 Tạo báo cáo tổng hợp hàng ngày
2025-05-31 05:18:51,312 - visualization.report_generator - INFO - 💾 Đã lưu báo cáo: daily_summary.json
2025-05-31 05:18:51,313 - visualization.report_generator - INFO - ✅ Hoàn thành báo cáo tổng hợp hàng ngày
2025-05-31 05:18:51,314 - visualization.report_generator - INFO - 🔄 Tạo dữ liệu tracking 24h cho web
2025-05-31 05:18:51,317 - visualization.report_generator - ERROR - ❌ Lỗi khi tạo dữ liệu tracking 24h: 'OptimizedReportGenerator' object has no attribute 'SYMBOLS'
2025-05-31 05:49:04,014 - visualization.report_generator - INFO - 🔧 Khởi tạo OptimizedReportGenerator - Focus OI & Volume
2025-05-31 05:49:04,014 - visualization.report_generator - INFO - 📊 Tạo báo cáo tổng hợp hàng ngày
2025-05-31 05:49:04,169 - visualization.report_generator - INFO - 💾 Đã lưu báo cáo: daily_summary.json
2025-05-31 05:49:04,170 - visualization.report_generator - INFO - ✅ Hoàn thành báo cáo tổng hợp hàng ngày
2025-05-31 05:49:04,171 - visualization.report_generator - INFO - 🔄 Tạo dữ liệu tracking 24h cho web
2025-05-31 05:49:04,174 - visualization.report_generator - ERROR - ❌ Lỗi khi tạo dữ liệu tracking 24h: 'OptimizedReportGenerator' object has no attribute 'SYMBOLS'
2025-05-31 06:19:20,077 - visualization.report_generator - INFO - 🔧 Khởi tạo OptimizedReportGenerator - Focus OI & Volume
2025-05-31 06:19:20,078 - visualization.report_generator - INFO - 📊 Tạo báo cáo tổng hợp hàng ngày
2025-05-31 06:19:20,234 - visualization.report_generator - INFO - 💾 Đã lưu báo cáo: daily_summary.json
2025-05-31 06:19:20,235 - visualization.report_generator - INFO - ✅ Hoàn thành báo cáo tổng hợp hàng ngày
2025-05-31 06:19:20,236 - visualization.report_generator - INFO - 🔄 Tạo dữ liệu tracking 24h cho web
2025-05-31 06:19:20,240 - visualization.report_generator - ERROR - ❌ Lỗi khi tạo dữ liệu tracking 24h: 'OptimizedReportGenerator' object has no attribute 'SYMBOLS'
2025-05-31 06:49:33,371 - visualization.report_generator - INFO - 🔧 Khởi tạo OptimizedReportGenerator - Focus OI & Volume
2025-05-31 06:49:33,372 - visualization.report_generator - INFO - 📊 Tạo báo cáo tổng hợp hàng ngày
2025-05-31 06:49:33,529 - visualization.report_generator - INFO - 💾 Đã lưu báo cáo: daily_summary.json
2025-05-31 06:49:33,529 - visualization.report_generator - INFO - ✅ Hoàn thành báo cáo tổng hợp hàng ngày
2025-05-31 06:49:33,530 - visualization.report_generator - INFO - 🔄 Tạo dữ liệu tracking 24h cho web
2025-05-31 06:49:33,534 - visualization.report_generator - ERROR - ❌ Lỗi khi tạo dữ liệu tracking 24h: 'OptimizedReportGenerator' object has no attribute 'SYMBOLS'
2025-05-31 07:19:46,286 - visualization.report_generator - INFO - 🔧 Khởi tạo OptimizedReportGenerator - Focus OI & Volume
2025-05-31 07:19:46,286 - visualization.report_generator - INFO - 📊 Tạo báo cáo tổng hợp hàng ngày
2025-05-31 07:19:46,443 - visualization.report_generator - INFO - 💾 Đã lưu báo cáo: daily_summary.json
2025-05-31 07:19:46,443 - visualization.report_generator - INFO - ✅ Hoàn thành báo cáo tổng hợp hàng ngày
2025-05-31 07:19:46,444 - visualization.report_generator - INFO - 🔄 Tạo dữ liệu tracking 24h cho web
2025-05-31 07:19:46,448 - visualization.report_generator - ERROR - ❌ Lỗi khi tạo dữ liệu tracking 24h: 'OptimizedReportGenerator' object has no attribute 'SYMBOLS'
2025-05-31 07:49:58,705 - visualization.report_generator - INFO - 🔧 Khởi tạo OptimizedReportGenerator - Focus OI & Volume
2025-05-31 07:49:58,706 - visualization.report_generator - INFO - 📊 Tạo báo cáo tổng hợp hàng ngày
2025-05-31 07:49:58,861 - visualization.report_generator - INFO - 💾 Đã lưu báo cáo: daily_summary.json
2025-05-31 07:49:58,862 - visualization.report_generator - INFO - ✅ Hoàn thành báo cáo tổng hợp hàng ngày
2025-05-31 07:49:58,863 - visualization.report_generator - INFO - 🔄 Tạo dữ liệu tracking 24h cho web
2025-05-31 07:49:58,866 - visualization.report_generator - ERROR - ❌ Lỗi khi tạo dữ liệu tracking 24h: 'OptimizedReportGenerator' object has no attribute 'SYMBOLS'
2025-05-31 08:20:11,355 - visualization.report_generator - INFO - 🔧 Khởi tạo OptimizedReportGenerator - Focus OI & Volume
2025-05-31 08:20:11,356 - visualization.report_generator - INFO - 📊 Tạo báo cáo tổng hợp hàng ngày
2025-05-31 08:20:11,512 - visualization.report_generator - INFO - 💾 Đã lưu báo cáo: daily_summary.json
2025-05-31 08:20:11,512 - visualization.report_generator - INFO - ✅ Hoàn thành báo cáo tổng hợp hàng ngày
2025-05-31 08:20:11,513 - visualization.report_generator - INFO - 🔄 Tạo dữ liệu tracking 24h cho web
2025-05-31 08:20:11,516 - visualization.report_generator - ERROR - ❌ Lỗi khi tạo dữ liệu tracking 24h: 'OptimizedReportGenerator' object has no attribute 'SYMBOLS'
2025-05-31 08:50:24,882 - visualization.report_generator - INFO - 🔧 Khởi tạo OptimizedReportGenerator - Focus OI & Volume
2025-05-31 08:50:24,882 - visualization.report_generator - INFO - 📊 Tạo báo cáo tổng hợp hàng ngày
2025-05-31 08:50:25,038 - visualization.report_generator - INFO - 💾 Đã lưu báo cáo: daily_summary.json
2025-05-31 08:50:25,039 - visualization.report_generator - INFO - ✅ Hoàn thành báo cáo tổng hợp hàng ngày
2025-05-31 08:50:25,040 - visualization.report_generator - INFO - 🔄 Tạo dữ liệu tracking 24h cho web
2025-05-31 08:50:25,043 - visualization.report_generator - ERROR - ❌ Lỗi khi tạo dữ liệu tracking 24h: 'OptimizedReportGenerator' object has no attribute 'SYMBOLS'
2025-05-31 09:20:38,699 - visualization.report_generator - INFO - 🔧 Khởi tạo OptimizedReportGenerator - Focus OI & Volume
2025-05-31 09:20:38,699 - visualization.report_generator - INFO - 📊 Tạo báo cáo tổng hợp hàng ngày
2025-05-31 09:20:38,854 - visualization.report_generator - INFO - 💾 Đã lưu báo cáo: daily_summary.json
2025-05-31 09:20:38,855 - visualization.report_generator - INFO - ✅ Hoàn thành báo cáo tổng hợp hàng ngày
2025-05-31 09:20:38,855 - visualization.report_generator - INFO - 🔄 Tạo dữ liệu tracking 24h cho web
2025-05-31 09:20:38,859 - visualization.report_generator - ERROR - ❌ Lỗi khi tạo dữ liệu tracking 24h: 'OptimizedReportGenerator' object has no attribute 'SYMBOLS'
2025-05-31 09:50:51,295 - visualization.report_generator - INFO - 🔧 Khởi tạo OptimizedReportGenerator - Focus OI & Volume
2025-05-31 09:50:51,296 - visualization.report_generator - INFO - 📊 Tạo báo cáo tổng hợp hàng ngày
2025-05-31 09:50:51,438 - visualization.report_generator - INFO - 💾 Đã lưu báo cáo: daily_summary.json
2025-05-31 09:50:51,439 - visualization.report_generator - INFO - ✅ Hoàn thành báo cáo tổng hợp hàng ngày
2025-05-31 09:50:51,440 - visualization.report_generator - INFO - 🔄 Tạo dữ liệu tracking 24h cho web
2025-05-31 09:50:51,443 - visualization.report_generator - ERROR - ❌ Lỗi khi tạo dữ liệu tracking 24h: 'OptimizedReportGenerator' object has no attribute 'SYMBOLS'
2025-05-31 10:21:05,282 - visualization.report_generator - INFO - 🔧 Khởi tạo OptimizedReportGenerator - Focus OI & Volume
2025-05-31 10:21:05,283 - visualization.report_generator - INFO - 📊 Tạo báo cáo tổng hợp hàng ngày
2025-05-31 10:21:05,437 - visualization.report_generator - INFO - 💾 Đã lưu báo cáo: daily_summary.json
2025-05-31 10:21:05,438 - visualization.report_generator - INFO - ✅ Hoàn thành báo cáo tổng hợp hàng ngày
2025-05-31 10:21:05,439 - visualization.report_generator - INFO - 🔄 Tạo dữ liệu tracking 24h cho web
2025-05-31 10:21:05,442 - visualization.report_generator - ERROR - ❌ Lỗi khi tạo dữ liệu tracking 24h: 'OptimizedReportGenerator' object has no attribute 'SYMBOLS'
2025-05-31 11:16:11,569 - visualization.report_generator - INFO - 🔧 Khởi tạo OptimizedReportGenerator - Focus OI & Volume
2025-05-31 11:16:11,570 - visualization.report_generator - INFO - 📊 Tạo báo cáo tổng hợp hàng ngày
2025-05-31 11:16:12,206 - visualization.report_generator - INFO - 💾 Đã lưu báo cáo: daily_summary.json
2025-05-31 11:16:12,206 - visualization.report_generator - INFO - ✅ Hoàn thành báo cáo tổng hợp hàng ngày
2025-05-31 11:16:12,207 - visualization.report_generator - INFO - 🔄 Tạo dữ liệu tracking 24h cho web
2025-05-31 11:16:12,210 - visualization.report_generator - ERROR - ❌ Lỗi khi tạo dữ liệu tracking 24h: 'OptimizedReportGenerator' object has no attribute 'SYMBOLS'
2025-05-31 11:47:08,336 - visualization.report_generator - INFO - 🔧 Khởi tạo OptimizedReportGenerator - Focus OI & Volume
2025-05-31 11:47:08,336 - visualization.report_generator - INFO - 📊 Tạo báo cáo tổng hợp hàng ngày
2025-05-31 11:47:08,914 - visualization.report_generator - INFO - 💾 Đã lưu báo cáo: daily_summary.json
2025-05-31 11:47:08,915 - visualization.report_generator - INFO - ✅ Hoàn thành báo cáo tổng hợp hàng ngày
2025-05-31 11:47:08,916 - visualization.report_generator - INFO - 🔄 Tạo dữ liệu tracking 24h cho web
2025-05-31 11:47:08,919 - visualization.report_generator - ERROR - ❌ Lỗi khi tạo dữ liệu tracking 24h: 'OptimizedReportGenerator' object has no attribute 'SYMBOLS'
2025-05-31 12:18:03,096 - visualization.report_generator - INFO - 🔧 Khởi tạo OptimizedReportGenerator - Focus OI & Volume
2025-05-31 12:18:03,096 - visualization.report_generator - INFO - 📊 Tạo báo cáo tổng hợp hàng ngày
2025-05-31 12:18:03,828 - visualization.report_generator - INFO - 💾 Đã lưu báo cáo: daily_summary.json
2025-05-31 12:18:03,828 - visualization.report_generator - INFO - ✅ Hoàn thành báo cáo tổng hợp hàng ngày
2025-05-31 12:18:03,829 - visualization.report_generator - INFO - 🔄 Tạo dữ liệu tracking 24h cho web
2025-05-31 12:18:03,833 - visualization.report_generator - ERROR - ❌ Lỗi khi tạo dữ liệu tracking 24h: 'OptimizedReportGenerator' object has no attribute 'SYMBOLS'
2025-05-31 13:06:47,840 - visualization.report_generator - INFO - 🔧 Khởi tạo OptimizedReportGenerator - Focus OI & Volume
2025-05-31 13:06:47,841 - visualization.report_generator - INFO - 📊 Tạo báo cáo tổng hợp hàng ngày
2025-05-31 13:06:49,040 - visualization.report_generator - INFO - 💾 Đã lưu báo cáo: daily_summary.json
2025-05-31 13:06:49,041 - visualization.report_generator - INFO - ✅ Hoàn thành báo cáo tổng hợp hàng ngày
2025-05-31 13:06:49,041 - visualization.report_generator - INFO - 🔄 Tạo dữ liệu tracking 24h cho web
2025-05-31 13:06:49,045 - visualization.report_generator - ERROR - ❌ Lỗi khi tạo dữ liệu tracking 24h: 'OptimizedReportGenerator' object has no attribute 'SYMBOLS'
2025-05-31 14:07:40,466 - visualization.report_generator - INFO - 🔧 Khởi tạo OptimizedReportGenerator - Focus OI & Volume
2025-05-31 14:07:40,466 - visualization.report_generator - INFO - 📊 Tạo báo cáo tổng hợp hàng ngày
2025-05-31 14:07:41,694 - visualization.report_generator - INFO - 💾 Đã lưu báo cáo: daily_summary.json
2025-05-31 14:07:41,695 - visualization.report_generator - INFO - ✅ Hoàn thành báo cáo tổng hợp hàng ngày
2025-05-31 14:07:41,696 - visualization.report_generator - INFO - 🔄 Tạo dữ liệu tracking 24h cho web
2025-05-31 14:07:41,700 - visualization.report_generator - ERROR - ❌ Lỗi khi tạo dữ liệu tracking 24h: 'OptimizedReportGenerator' object has no attribute 'SYMBOLS'
2025-05-31 14:39:29,211 - visualization.report_generator - INFO - 🔧 Khởi tạo OptimizedReportGenerator - Focus OI & Volume
2025-05-31 14:39:29,211 - visualization.report_generator - INFO - 📊 Tạo báo cáo tổng hợp hàng ngày
2025-05-31 14:39:30,375 - visualization.report_generator - INFO - 💾 Đã lưu báo cáo: daily_summary.json
2025-05-31 14:39:30,376 - visualization.report_generator - INFO - ✅ Hoàn thành báo cáo tổng hợp hàng ngày
2025-05-31 14:39:30,378 - visualization.report_generator - INFO - 🔄 Tạo dữ liệu tracking 24h cho web
2025-05-31 14:39:30,380 - visualization.report_generator - ERROR - ❌ Lỗi khi tạo dữ liệu tracking 24h: 'OptimizedReportGenerator' object has no attribute 'SYMBOLS'
2025-05-31 15:11:09,786 - visualization.report_generator - INFO - 🔧 Khởi tạo OptimizedReportGenerator - Focus OI & Volume
2025-05-31 15:11:09,786 - visualization.report_generator - INFO - 📊 Tạo báo cáo tổng hợp hàng ngày
2025-05-31 15:11:11,096 - visualization.report_generator - INFO - 💾 Đã lưu báo cáo: daily_summary.json
2025-05-31 15:11:11,097 - visualization.report_generator - INFO - ✅ Hoàn thành báo cáo tổng hợp hàng ngày
2025-05-31 15:11:11,098 - visualization.report_generator - INFO - 🔄 Tạo dữ liệu tracking 24h cho web
2025-05-31 15:11:11,102 - visualization.report_generator - ERROR - ❌ Lỗi khi tạo dữ liệu tracking 24h: 'OptimizedReportGenerator' object has no attribute 'SYMBOLS'
2025-05-31 15:42:50,130 - visualization.report_generator - INFO - 🔧 Khởi tạo OptimizedReportGenerator - Focus OI & Volume
2025-05-31 15:42:50,130 - visualization.report_generator - INFO - 📊 Tạo báo cáo tổng hợp hàng ngày
2025-05-31 15:42:51,429 - visualization.report_generator - INFO - 💾 Đã lưu báo cáo: daily_summary.json
2025-05-31 15:42:51,430 - visualization.report_generator - INFO - ✅ Hoàn thành báo cáo tổng hợp hàng ngày
2025-05-31 15:42:51,431 - visualization.report_generator - INFO - 🔄 Tạo dữ liệu tracking 24h cho web
2025-05-31 15:42:51,435 - visualization.report_generator - ERROR - ❌ Lỗi khi tạo dữ liệu tracking 24h: 'OptimizedReportGenerator' object has no attribute 'SYMBOLS'
2025-05-31 16:14:30,644 - visualization.report_generator - INFO - 🔧 Khởi tạo OptimizedReportGenerator - Focus OI & Volume
2025-05-31 16:14:30,645 - visualization.report_generator - INFO - 📊 Tạo báo cáo tổng hợp hàng ngày
2025-05-31 16:14:31,975 - visualization.report_generator - INFO - 💾 Đã lưu báo cáo: daily_summary.json
2025-05-31 16:14:31,975 - visualization.report_generator - INFO - ✅ Hoàn thành báo cáo tổng hợp hàng ngày
2025-05-31 16:14:31,977 - visualization.report_generator - INFO - 🔄 Tạo dữ liệu tracking 24h cho web
2025-05-31 16:14:31,986 - visualization.report_generator - ERROR - ❌ Lỗi khi tạo dữ liệu tracking 24h: 'OptimizedReportGenerator' object has no attribute 'SYMBOLS'
2025-05-31 16:46:10,703 - visualization.report_generator - INFO - 🔧 Khởi tạo OptimizedReportGenerator - Focus OI & Volume
2025-05-31 16:46:10,704 - visualization.report_generator - INFO - 📊 Tạo báo cáo tổng hợp hàng ngày
2025-05-31 16:46:12,016 - visualization.report_generator - INFO - 💾 Đã lưu báo cáo: daily_summary.json
2025-05-31 16:46:12,017 - visualization.report_generator - INFO - ✅ Hoàn thành báo cáo tổng hợp hàng ngày
2025-05-31 16:46:12,018 - visualization.report_generator - INFO - 🔄 Tạo dữ liệu tracking 24h cho web
2025-05-31 16:46:12,022 - visualization.report_generator - ERROR - ❌ Lỗi khi tạo dữ liệu tracking 24h: 'OptimizedReportGenerator' object has no attribute 'SYMBOLS'
2025-05-31 17:17:50,801 - visualization.report_generator - INFO - 🔧 Khởi tạo OptimizedReportGenerator - Focus OI & Volume
2025-05-31 17:17:50,802 - visualization.report_generator - INFO - 📊 Tạo báo cáo tổng hợp hàng ngày
2025-05-31 17:17:52,194 - visualization.report_generator - INFO - 💾 Đã lưu báo cáo: daily_summary.json
2025-05-31 17:17:52,195 - visualization.report_generator - INFO - ✅ Hoàn thành báo cáo tổng hợp hàng ngày
2025-05-31 17:17:52,196 - visualization.report_generator - INFO - 🔄 Tạo dữ liệu tracking 24h cho web
2025-05-31 17:17:52,201 - visualization.report_generator - ERROR - ❌ Lỗi khi tạo dữ liệu tracking 24h: 'OptimizedReportGenerator' object has no attribute 'SYMBOLS'
2025-05-31 17:49:30,778 - visualization.report_generator - INFO - 🔧 Khởi tạo OptimizedReportGenerator - Focus OI & Volume
2025-05-31 17:49:30,778 - visualization.report_generator - INFO - 📊 Tạo báo cáo tổng hợp hàng ngày
2025-05-31 17:49:32,163 - visualization.report_generator - INFO - 💾 Đã lưu báo cáo: daily_summary.json
2025-05-31 17:49:32,163 - visualization.report_generator - INFO - ✅ Hoàn thành báo cáo tổng hợp hàng ngày
2025-05-31 17:49:32,165 - visualization.report_generator - INFO - 🔄 Tạo dữ liệu tracking 24h cho web
2025-05-31 17:49:32,174 - visualization.report_generator - ERROR - ❌ Lỗi khi tạo dữ liệu tracking 24h: 'OptimizedReportGenerator' object has no attribute 'SYMBOLS'
2025-05-31 18:21:11,086 - visualization.report_generator - INFO - 🔧 Khởi tạo OptimizedReportGenerator - Focus OI & Volume
2025-05-31 18:21:11,087 - visualization.report_generator - INFO - 📊 Tạo báo cáo tổng hợp hàng ngày
2025-05-31 18:21:12,456 - visualization.report_generator - INFO - 💾 Đã lưu báo cáo: daily_summary.json
2025-05-31 18:21:12,457 - visualization.report_generator - INFO - ✅ Hoàn thành báo cáo tổng hợp hàng ngày
2025-05-31 18:21:12,457 - visualization.report_generator - INFO - 🔄 Tạo dữ liệu tracking 24h cho web
2025-05-31 18:21:12,462 - visualization.report_generator - ERROR - ❌ Lỗi khi tạo dữ liệu tracking 24h: 'OptimizedReportGenerator' object has no attribute 'SYMBOLS'
2025-05-31 18:52:52,063 - visualization.report_generator - INFO - 🔧 Khởi tạo OptimizedReportGenerator - Focus OI & Volume
2025-05-31 18:52:52,063 - visualization.report_generator - INFO - 📊 Tạo báo cáo tổng hợp hàng ngày
2025-05-31 18:52:53,466 - visualization.report_generator - INFO - 💾 Đã lưu báo cáo: daily_summary.json
2025-05-31 18:52:53,466 - visualization.report_generator - INFO - ✅ Hoàn thành báo cáo tổng hợp hàng ngày
2025-05-31 18:52:53,467 - visualization.report_generator - INFO - 🔄 Tạo dữ liệu tracking 24h cho web
2025-05-31 18:52:53,472 - visualization.report_generator - ERROR - ❌ Lỗi khi tạo dữ liệu tracking 24h: 'OptimizedReportGenerator' object has no attribute 'SYMBOLS'
2025-05-31 19:24:32,664 - visualization.report_generator - INFO - 🔧 Khởi tạo OptimizedReportGenerator - Focus OI & Volume
2025-05-31 19:24:32,664 - visualization.report_generator - INFO - 📊 Tạo báo cáo tổng hợp hàng ngày
2025-05-31 19:24:33,965 - visualization.report_generator - INFO - 💾 Đã lưu báo cáo: daily_summary.json
2025-05-31 19:24:33,965 - visualization.report_generator - INFO - ✅ Hoàn thành báo cáo tổng hợp hàng ngày
2025-05-31 19:24:33,966 - visualization.report_generator - INFO - 🔄 Tạo dữ liệu tracking 24h cho web
2025-05-31 19:24:33,971 - visualization.report_generator - ERROR - ❌ Lỗi khi tạo dữ liệu tracking 24h: 'OptimizedReportGenerator' object has no attribute 'SYMBOLS'
2025-05-31 19:56:13,088 - visualization.report_generator - INFO - 🔧 Khởi tạo OptimizedReportGenerator - Focus OI & Volume
2025-05-31 19:56:13,090 - visualization.report_generator - INFO - 📊 Tạo báo cáo tổng hợp hàng ngày
2025-05-31 19:56:14,424 - visualization.report_generator - INFO - 💾 Đã lưu báo cáo: daily_summary.json
2025-05-31 19:56:14,424 - visualization.report_generator - INFO - ✅ Hoàn thành báo cáo tổng hợp hàng ngày
2025-05-31 19:56:14,426 - visualization.report_generator - INFO - 🔄 Tạo dữ liệu tracking 24h cho web
2025-05-31 19:56:14,430 - visualization.report_generator - ERROR - ❌ Lỗi khi tạo dữ liệu tracking 24h: 'OptimizedReportGenerator' object has no attribute 'SYMBOLS'
2025-05-31 20:02:35,848 - visualization.report_generator - INFO - 🔧 Khởi tạo OptimizedReportGenerator - Focus OI & Volume
2025-05-31 20:02:35,849 - visualization.report_generator - INFO - 📊 Tạo báo cáo tổng hợp hàng ngày
2025-05-31 20:02:37,278 - visualization.report_generator - INFO - 💾 Đã lưu báo cáo: daily_summary.json
2025-05-31 20:02:37,279 - visualization.report_generator - INFO - ✅ Hoàn thành báo cáo tổng hợp hàng ngày
2025-05-31 20:27:51,808 - visualization.report_generator - INFO - 🔧 Khởi tạo OptimizedReportGenerator - Focus OI & Volume
2025-05-31 20:27:51,808 - visualization.report_generator - INFO - 📊 Tạo báo cáo tổng hợp hàng ngày
2025-05-31 20:27:53,155 - visualization.report_generator - INFO - 💾 Đã lưu báo cáo: daily_summary.json
2025-05-31 20:27:53,156 - visualization.report_generator - INFO - ✅ Hoàn thành báo cáo tổng hợp hàng ngày
2025-05-31 20:27:53,157 - visualization.report_generator - INFO - 🔄 Tạo dữ liệu tracking 24h cho web
2025-05-31 20:27:53,162 - visualization.report_generator - ERROR - ❌ Lỗi khi tạo dữ liệu tracking 24h: 'OptimizedReportGenerator' object has no attribute 'SYMBOLS'
2025-05-31 20:59:32,749 - visualization.report_generator - INFO - 🔧 Khởi tạo OptimizedReportGenerator - Focus OI & Volume
2025-05-31 20:59:32,750 - visualization.report_generator - INFO - 📊 Tạo báo cáo tổng hợp hàng ngày
2025-05-31 20:59:34,108 - visualization.report_generator - INFO - 💾 Đã lưu báo cáo: daily_summary.json
2025-05-31 20:59:34,109 - visualization.report_generator - INFO - ✅ Hoàn thành báo cáo tổng hợp hàng ngày
2025-05-31 20:59:34,111 - visualization.report_generator - INFO - 🔄 Tạo dữ liệu tracking 24h cho web
2025-05-31 20:59:34,118 - visualization.report_generator - ERROR - ❌ Lỗi khi tạo dữ liệu tracking 24h: 'OptimizedReportGenerator' object has no attribute 'SYMBOLS'
2025-05-31 21:31:17,585 - visualization.report_generator - INFO - 🔧 Khởi tạo OptimizedReportGenerator - Focus OI & Volume
2025-05-31 21:31:17,585 - visualization.report_generator - INFO - 📊 Tạo báo cáo tổng hợp hàng ngày
2025-05-31 21:31:18,911 - visualization.report_generator - INFO - 💾 Đã lưu báo cáo: daily_summary.json
2025-05-31 21:31:18,911 - visualization.report_generator - INFO - ✅ Hoàn thành báo cáo tổng hợp hàng ngày
2025-05-31 21:31:18,913 - visualization.report_generator - INFO - 🔄 Tạo dữ liệu tracking 24h cho web
2025-05-31 21:31:18,918 - visualization.report_generator - ERROR - ❌ Lỗi khi tạo dữ liệu tracking 24h: 'OptimizedReportGenerator' object has no attribute 'SYMBOLS'
2025-05-31 22:03:13,572 - visualization.report_generator - INFO - 🔧 Khởi tạo OptimizedReportGenerator - Focus OI & Volume
2025-05-31 22:03:13,572 - visualization.report_generator - INFO - 📊 Tạo báo cáo tổng hợp hàng ngày
2025-05-31 22:03:15,048 - visualization.report_generator - INFO - 💾 Đã lưu báo cáo: daily_summary.json
2025-05-31 22:03:15,048 - visualization.report_generator - INFO - ✅ Hoàn thành báo cáo tổng hợp hàng ngày
2025-05-31 22:03:15,049 - visualization.report_generator - INFO - 🔄 Tạo dữ liệu tracking 24h cho web
2025-05-31 22:03:15,055 - visualization.report_generator - ERROR - ❌ Lỗi khi tạo dữ liệu tracking 24h: 'OptimizedReportGenerator' object has no attribute 'SYMBOLS'
2025-05-31 22:34:54,546 - visualization.report_generator - INFO - 🔧 Khởi tạo OptimizedReportGenerator - Focus OI & Volume
2025-05-31 22:34:54,547 - visualization.report_generator - INFO - 📊 Tạo báo cáo tổng hợp hàng ngày
2025-05-31 22:34:55,913 - visualization.report_generator - INFO - 💾 Đã lưu báo cáo: daily_summary.json
2025-05-31 22:34:55,913 - visualization.report_generator - INFO - ✅ Hoàn thành báo cáo tổng hợp hàng ngày
2025-05-31 22:34:55,914 - visualization.report_generator - INFO - 🔄 Tạo dữ liệu tracking 24h cho web
2025-05-31 22:34:55,927 - visualization.report_generator - ERROR - ❌ Lỗi khi tạo dữ liệu tracking 24h: 'OptimizedReportGenerator' object has no attribute 'SYMBOLS'
2025-05-31 23:06:33,933 - visualization.report_generator - INFO - 🔧 Khởi tạo OptimizedReportGenerator - Focus OI & Volume
2025-05-31 23:06:33,933 - visualization.report_generator - INFO - 📊 Tạo báo cáo tổng hợp hàng ngày
2025-05-31 23:06:35,220 - visualization.report_generator - INFO - 💾 Đã lưu báo cáo: daily_summary.json
2025-05-31 23:06:35,221 - visualization.report_generator - INFO - ✅ Hoàn thành báo cáo tổng hợp hàng ngày
2025-05-31 23:06:35,222 - visualization.report_generator - INFO - 🔄 Tạo dữ liệu tracking 24h cho web
2025-05-31 23:06:35,228 - visualization.report_generator - ERROR - ❌ Lỗi khi tạo dữ liệu tracking 24h: 'OptimizedReportGenerator' object has no attribute 'SYMBOLS'
2025-05-31 23:38:14,666 - visualization.report_generator - INFO - 🔧 Khởi tạo OptimizedReportGenerator - Focus OI & Volume
2025-05-31 23:38:14,667 - visualization.report_generator - INFO - 📊 Tạo báo cáo tổng hợp hàng ngày
2025-05-31 23:38:15,981 - visualization.report_generator - INFO - 💾 Đã lưu báo cáo: daily_summary.json
2025-05-31 23:38:15,982 - visualization.report_generator - INFO - ✅ Hoàn thành báo cáo tổng hợp hàng ngày
2025-05-31 23:38:15,983 - visualization.report_generator - INFO - 🔄 Tạo dữ liệu tracking 24h cho web
2025-05-31 23:38:15,989 - visualization.report_generator - ERROR - ❌ Lỗi khi tạo dữ liệu tracking 24h: 'OptimizedReportGenerator' object has no attribute 'SYMBOLS'
2025-06-01 00:33:45,433 - visualization.report_generator - INFO - 🔧 Khởi tạo OptimizedReportGenerator - Focus OI & Volume
2025-06-01 00:33:45,433 - visualization.report_generator - INFO - 📊 Tạo báo cáo tổng hợp hàng ngày
2025-06-01 00:33:46,824 - visualization.report_generator - INFO - 💾 Đã lưu báo cáo: daily_summary.json
2025-06-01 00:33:46,824 - visualization.report_generator - INFO - ✅ Hoàn thành báo cáo tổng hợp hàng ngày
2025-06-01 00:33:46,825 - visualization.report_generator - INFO - 🔄 Tạo dữ liệu tracking 24h cho web
2025-06-01 00:33:46,831 - visualization.report_generator - ERROR - ❌ Lỗi khi tạo dữ liệu tracking 24h: 'OptimizedReportGenerator' object has no attribute 'SYMBOLS'
2025-06-01 01:06:00,480 - visualization.report_generator - INFO - 🔧 Khởi tạo OptimizedReportGenerator - Focus OI & Volume
2025-06-01 01:06:00,481 - visualization.report_generator - INFO - 📊 Tạo báo cáo tổng hợp hàng ngày
2025-06-01 01:06:01,751 - visualization.report_generator - INFO - 💾 Đã lưu báo cáo: daily_summary.json
2025-06-01 01:06:01,752 - visualization.report_generator - INFO - ✅ Hoàn thành báo cáo tổng hợp hàng ngày
2025-06-01 01:06:01,752 - visualization.report_generator - INFO - 🔄 Tạo dữ liệu tracking 24h cho web
2025-06-01 01:06:01,759 - visualization.report_generator - ERROR - ❌ Lỗi khi tạo dữ liệu tracking 24h: 'OptimizedReportGenerator' object has no attribute 'SYMBOLS'
2025-06-01 01:38:14,170 - visualization.report_generator - INFO - 🔧 Khởi tạo OptimizedReportGenerator - Focus OI & Volume
2025-06-01 01:38:14,170 - visualization.report_generator - INFO - 📊 Tạo báo cáo tổng hợp hàng ngày
2025-06-01 01:38:15,424 - visualization.report_generator - INFO - 💾 Đã lưu báo cáo: daily_summary.json
2025-06-01 01:38:15,425 - visualization.report_generator - INFO - ✅ Hoàn thành báo cáo tổng hợp hàng ngày
2025-06-01 01:38:15,426 - visualization.report_generator - INFO - 🔄 Tạo dữ liệu tracking 24h cho web
2025-06-01 01:38:15,432 - visualization.report_generator - ERROR - ❌ Lỗi khi tạo dữ liệu tracking 24h: 'OptimizedReportGenerator' object has no attribute 'SYMBOLS'
2025-06-01 02:10:28,305 - visualization.report_generator - INFO - 🔧 Khởi tạo OptimizedReportGenerator - Focus OI & Volume
2025-06-01 02:10:28,306 - visualization.report_generator - INFO - 📊 Tạo báo cáo tổng hợp hàng ngày
2025-06-01 02:10:29,618 - visualization.report_generator - INFO - 💾 Đã lưu báo cáo: daily_summary.json
2025-06-01 02:10:29,619 - visualization.report_generator - INFO - ✅ Hoàn thành báo cáo tổng hợp hàng ngày
2025-06-01 02:10:29,619 - visualization.report_generator - INFO - 🔄 Tạo dữ liệu tracking 24h cho web
2025-06-01 02:10:29,626 - visualization.report_generator - ERROR - ❌ Lỗi khi tạo dữ liệu tracking 24h: 'OptimizedReportGenerator' object has no attribute 'SYMBOLS'
2025-06-01 02:42:42,365 - visualization.report_generator - INFO - 🔧 Khởi tạo OptimizedReportGenerator - Focus OI & Volume
2025-06-01 02:42:42,366 - visualization.report_generator - INFO - 📊 Tạo báo cáo tổng hợp hàng ngày
2025-06-01 02:42:43,646 - visualization.report_generator - INFO - 💾 Đã lưu báo cáo: daily_summary.json
2025-06-01 02:42:43,647 - visualization.report_generator - INFO - ✅ Hoàn thành báo cáo tổng hợp hàng ngày
2025-06-01 02:42:43,648 - visualization.report_generator - INFO - 🔄 Tạo dữ liệu tracking 24h cho web
2025-06-01 02:42:43,654 - visualization.report_generator - ERROR - ❌ Lỗi khi tạo dữ liệu tracking 24h: 'OptimizedReportGenerator' object has no attribute 'SYMBOLS'
2025-06-01 03:14:55,997 - visualization.report_generator - INFO - 🔧 Khởi tạo OptimizedReportGenerator - Focus OI & Volume
2025-06-01 03:14:55,997 - visualization.report_generator - INFO - 📊 Tạo báo cáo tổng hợp hàng ngày
2025-06-01 03:14:57,243 - visualization.report_generator - INFO - 💾 Đã lưu báo cáo: daily_summary.json
2025-06-01 03:14:57,244 - visualization.report_generator - INFO - ✅ Hoàn thành báo cáo tổng hợp hàng ngày
2025-06-01 03:14:57,245 - visualization.report_generator - INFO - 🔄 Tạo dữ liệu tracking 24h cho web
2025-06-01 03:14:57,251 - visualization.report_generator - ERROR - ❌ Lỗi khi tạo dữ liệu tracking 24h: 'OptimizedReportGenerator' object has no attribute 'SYMBOLS'
2025-06-01 03:47:09,534 - visualization.report_generator - INFO - 🔧 Khởi tạo OptimizedReportGenerator - Focus OI & Volume
2025-06-01 03:47:09,534 - visualization.report_generator - INFO - 📊 Tạo báo cáo tổng hợp hàng ngày
2025-06-01 03:47:10,822 - visualization.report_generator - INFO - 💾 Đã lưu báo cáo: daily_summary.json
2025-06-01 03:47:10,822 - visualization.report_generator - INFO - ✅ Hoàn thành báo cáo tổng hợp hàng ngày
2025-06-01 03:47:10,823 - visualization.report_generator - INFO - 🔄 Tạo dữ liệu tracking 24h cho web
2025-06-01 03:47:10,829 - visualization.report_generator - ERROR - ❌ Lỗi khi tạo dữ liệu tracking 24h: 'OptimizedReportGenerator' object has no attribute 'SYMBOLS'
2025-06-01 04:18:48,587 - visualization.report_generator - INFO - 🔧 Khởi tạo OptimizedReportGenerator - Focus OI & Volume
2025-06-01 04:18:48,588 - visualization.report_generator - INFO - 📊 Tạo báo cáo tổng hợp hàng ngày
2025-06-01 04:18:49,832 - visualization.report_generator - INFO - 💾 Đã lưu báo cáo: daily_summary.json
2025-06-01 04:18:49,832 - visualization.report_generator - INFO - ✅ Hoàn thành báo cáo tổng hợp hàng ngày
2025-06-01 04:18:49,833 - visualization.report_generator - INFO - 🔄 Tạo dữ liệu tracking 24h cho web
2025-06-01 04:18:49,839 - visualization.report_generator - ERROR - ❌ Lỗi khi tạo dữ liệu tracking 24h: 'OptimizedReportGenerator' object has no attribute 'SYMBOLS'
2025-06-01 04:50:28,848 - visualization.report_generator - INFO - 🔧 Khởi tạo OptimizedReportGenerator - Focus OI & Volume
2025-06-01 04:50:28,848 - visualization.report_generator - INFO - 📊 Tạo báo cáo tổng hợp hàng ngày
2025-06-01 04:50:30,242 - visualization.report_generator - INFO - 💾 Đã lưu báo cáo: daily_summary.json
2025-06-01 04:50:30,243 - visualization.report_generator - INFO - ✅ Hoàn thành báo cáo tổng hợp hàng ngày
2025-06-01 04:50:30,244 - visualization.report_generator - INFO - 🔄 Tạo dữ liệu tracking 24h cho web
2025-06-01 04:50:30,252 - visualization.report_generator - ERROR - ❌ Lỗi khi tạo dữ liệu tracking 24h: 'OptimizedReportGenerator' object has no attribute 'SYMBOLS'
2025-06-01 05:22:09,269 - visualization.report_generator - INFO - 🔧 Khởi tạo OptimizedReportGenerator - Focus OI & Volume
2025-06-01 05:22:09,270 - visualization.report_generator - INFO - 📊 Tạo báo cáo tổng hợp hàng ngày
2025-06-01 05:22:10,591 - visualization.report_generator - INFO - 💾 Đã lưu báo cáo: daily_summary.json
2025-06-01 05:22:10,591 - visualization.report_generator - INFO - ✅ Hoàn thành báo cáo tổng hợp hàng ngày
2025-06-01 05:22:10,592 - visualization.report_generator - INFO - 🔄 Tạo dữ liệu tracking 24h cho web
2025-06-01 05:22:10,599 - visualization.report_generator - ERROR - ❌ Lỗi khi tạo dữ liệu tracking 24h: 'OptimizedReportGenerator' object has no attribute 'SYMBOLS'
2025-06-01 05:53:49,234 - visualization.report_generator - INFO - 🔧 Khởi tạo OptimizedReportGenerator - Focus OI & Volume
2025-06-01 05:53:49,234 - visualization.report_generator - INFO - 📊 Tạo báo cáo tổng hợp hàng ngày
2025-06-01 05:53:50,605 - visualization.report_generator - INFO - 💾 Đã lưu báo cáo: daily_summary.json
2025-06-01 05:53:50,605 - visualization.report_generator - INFO - ✅ Hoàn thành báo cáo tổng hợp hàng ngày
2025-06-01 05:53:50,607 - visualization.report_generator - INFO - 🔄 Tạo dữ liệu tracking 24h cho web
2025-06-01 05:53:50,613 - visualization.report_generator - ERROR - ❌ Lỗi khi tạo dữ liệu tracking 24h: 'OptimizedReportGenerator' object has no attribute 'SYMBOLS'
2025-06-01 06:25:28,930 - visualization.report_generator - INFO - 🔧 Khởi tạo OptimizedReportGenerator - Focus OI & Volume
2025-06-01 06:25:28,931 - visualization.report_generator - INFO - 📊 Tạo báo cáo tổng hợp hàng ngày
2025-06-01 06:25:30,300 - visualization.report_generator - INFO - 💾 Đã lưu báo cáo: daily_summary.json
2025-06-01 06:25:30,301 - visualization.report_generator - INFO - ✅ Hoàn thành báo cáo tổng hợp hàng ngày
2025-06-01 06:25:30,302 - visualization.report_generator - INFO - 🔄 Tạo dữ liệu tracking 24h cho web
2025-06-01 06:25:30,308 - visualization.report_generator - ERROR - ❌ Lỗi khi tạo dữ liệu tracking 24h: 'OptimizedReportGenerator' object has no attribute 'SYMBOLS'
2025-06-01 06:57:08,833 - visualization.report_generator - INFO - 🔧 Khởi tạo OptimizedReportGenerator - Focus OI & Volume
2025-06-01 06:57:08,834 - visualization.report_generator - INFO - 📊 Tạo báo cáo tổng hợp hàng ngày
2025-06-01 06:57:10,132 - visualization.report_generator - INFO - 💾 Đã lưu báo cáo: daily_summary.json
2025-06-01 06:57:10,133 - visualization.report_generator - INFO - ✅ Hoàn thành báo cáo tổng hợp hàng ngày
2025-06-01 06:57:10,134 - visualization.report_generator - INFO - 🔄 Tạo dữ liệu tracking 24h cho web
2025-06-01 06:57:10,140 - visualization.report_generator - ERROR - ❌ Lỗi khi tạo dữ liệu tracking 24h: 'OptimizedReportGenerator' object has no attribute 'SYMBOLS'
2025-06-01 07:28:49,521 - visualization.report_generator - INFO - 🔧 Khởi tạo OptimizedReportGenerator - Focus OI & Volume
2025-06-01 07:28:49,521 - visualization.report_generator - INFO - 📊 Tạo báo cáo tổng hợp hàng ngày
2025-06-01 07:28:50,825 - visualization.report_generator - INFO - 💾 Đã lưu báo cáo: daily_summary.json
2025-06-01 07:28:50,826 - visualization.report_generator - INFO - ✅ Hoàn thành báo cáo tổng hợp hàng ngày
2025-06-01 07:28:50,827 - visualization.report_generator - INFO - 🔄 Tạo dữ liệu tracking 24h cho web
2025-06-01 07:28:50,844 - visualization.report_generator - ERROR - ❌ Lỗi khi tạo dữ liệu tracking 24h: 'OptimizedReportGenerator' object has no attribute 'SYMBOLS'
2025-06-01 08:00:33,485 - visualization.report_generator - INFO - 🔧 Khởi tạo OptimizedReportGenerator - Focus OI & Volume
2025-06-01 08:00:33,485 - visualization.report_generator - INFO - 📊 Tạo báo cáo tổng hợp hàng ngày
2025-06-01 08:00:34,807 - visualization.report_generator - INFO - 💾 Đã lưu báo cáo: daily_summary.json
2025-06-01 08:00:34,807 - visualization.report_generator - INFO - ✅ Hoàn thành báo cáo tổng hợp hàng ngày
2025-06-01 08:00:34,808 - visualization.report_generator - INFO - 🔄 Tạo dữ liệu tracking 24h cho web
2025-06-01 08:00:34,815 - visualization.report_generator - ERROR - ❌ Lỗi khi tạo dữ liệu tracking 24h: 'OptimizedReportGenerator' object has no attribute 'SYMBOLS'
2025-06-01 08:32:17,431 - visualization.report_generator - INFO - 🔧 Khởi tạo OptimizedReportGenerator - Focus OI & Volume
2025-06-01 08:32:17,432 - visualization.report_generator - INFO - 📊 Tạo báo cáo tổng hợp hàng ngày
2025-06-01 08:32:18,751 - visualization.report_generator - INFO - 💾 Đã lưu báo cáo: daily_summary.json
2025-06-01 08:32:18,751 - visualization.report_generator - INFO - ✅ Hoàn thành báo cáo tổng hợp hàng ngày
2025-06-01 08:32:18,752 - visualization.report_generator - INFO - 🔄 Tạo dữ liệu tracking 24h cho web
2025-06-01 08:32:18,759 - visualization.report_generator - ERROR - ❌ Lỗi khi tạo dữ liệu tracking 24h: 'OptimizedReportGenerator' object has no attribute 'SYMBOLS'
2025-06-01 09:03:57,184 - visualization.report_generator - INFO - 🔧 Khởi tạo OptimizedReportGenerator - Focus OI & Volume
2025-06-01 09:03:57,184 - visualization.report_generator - INFO - 📊 Tạo báo cáo tổng hợp hàng ngày
2025-06-01 09:03:58,581 - visualization.report_generator - INFO - 💾 Đã lưu báo cáo: daily_summary.json
2025-06-01 09:03:58,581 - visualization.report_generator - INFO - ✅ Hoàn thành báo cáo tổng hợp hàng ngày
2025-06-01 09:03:58,582 - visualization.report_generator - INFO - 🔄 Tạo dữ liệu tracking 24h cho web
2025-06-01 09:03:58,589 - visualization.report_generator - ERROR - ❌ Lỗi khi tạo dữ liệu tracking 24h: 'OptimizedReportGenerator' object has no attribute 'SYMBOLS'
2025-06-01 09:35:37,178 - visualization.report_generator - INFO - 🔧 Khởi tạo OptimizedReportGenerator - Focus OI & Volume
2025-06-01 09:35:37,178 - visualization.report_generator - INFO - 📊 Tạo báo cáo tổng hợp hàng ngày
2025-06-01 09:35:38,543 - visualization.report_generator - INFO - 💾 Đã lưu báo cáo: daily_summary.json
2025-06-01 09:35:38,544 - visualization.report_generator - INFO - ✅ Hoàn thành báo cáo tổng hợp hàng ngày
2025-06-01 09:35:38,544 - visualization.report_generator - INFO - 🔄 Tạo dữ liệu tracking 24h cho web
2025-06-01 09:35:38,553 - visualization.report_generator - ERROR - ❌ Lỗi khi tạo dữ liệu tracking 24h: 'OptimizedReportGenerator' object has no attribute 'SYMBOLS'
2025-06-01 10:07:17,051 - visualization.report_generator - INFO - 🔧 Khởi tạo OptimizedReportGenerator - Focus OI & Volume
2025-06-01 10:07:17,051 - visualization.report_generator - INFO - 📊 Tạo báo cáo tổng hợp hàng ngày
2025-06-01 10:07:18,451 - visualization.report_generator - INFO - 💾 Đã lưu báo cáo: daily_summary.json
2025-06-01 10:07:18,452 - visualization.report_generator - INFO - ✅ Hoàn thành báo cáo tổng hợp hàng ngày
2025-06-01 10:07:18,453 - visualization.report_generator - INFO - 🔄 Tạo dữ liệu tracking 24h cho web
2025-06-01 10:07:18,460 - visualization.report_generator - ERROR - ❌ Lỗi khi tạo dữ liệu tracking 24h: 'OptimizedReportGenerator' object has no attribute 'SYMBOLS'
2025-06-01 10:38:57,643 - visualization.report_generator - INFO - 🔧 Khởi tạo OptimizedReportGenerator - Focus OI & Volume
2025-06-01 10:38:57,644 - visualization.report_generator - INFO - 📊 Tạo báo cáo tổng hợp hàng ngày
2025-06-01 10:38:59,079 - visualization.report_generator - INFO - 💾 Đã lưu báo cáo: daily_summary.json
2025-06-01 10:38:59,079 - visualization.report_generator - INFO - ✅ Hoàn thành báo cáo tổng hợp hàng ngày
2025-06-01 10:38:59,080 - visualization.report_generator - INFO - 🔄 Tạo dữ liệu tracking 24h cho web
2025-06-01 10:38:59,088 - visualization.report_generator - ERROR - ❌ Lỗi khi tạo dữ liệu tracking 24h: 'OptimizedReportGenerator' object has no attribute 'SYMBOLS'
2025-06-01 11:10:37,996 - visualization.report_generator - INFO - 🔧 Khởi tạo OptimizedReportGenerator - Focus OI & Volume
2025-06-01 11:10:37,997 - visualization.report_generator - INFO - 📊 Tạo báo cáo tổng hợp hàng ngày
2025-06-01 11:10:39,325 - visualization.report_generator - INFO - 💾 Đã lưu báo cáo: daily_summary.json
2025-06-01 11:10:39,326 - visualization.report_generator - INFO - ✅ Hoàn thành báo cáo tổng hợp hàng ngày
2025-06-01 11:10:39,327 - visualization.report_generator - INFO - 🔄 Tạo dữ liệu tracking 24h cho web
2025-06-01 11:10:39,335 - visualization.report_generator - ERROR - ❌ Lỗi khi tạo dữ liệu tracking 24h: 'OptimizedReportGenerator' object has no attribute 'SYMBOLS'
2025-06-01 12:05:43,990 - visualization.report_generator - INFO - 🔧 Khởi tạo OptimizedReportGenerator - Focus OI & Volume
2025-06-01 12:05:43,991 - visualization.report_generator - INFO - 📊 Tạo báo cáo tổng hợp hàng ngày
2025-06-01 12:05:45,445 - visualization.report_generator - INFO - 💾 Đã lưu báo cáo: daily_summary.json
2025-06-01 12:05:45,445 - visualization.report_generator - INFO - ✅ Hoàn thành báo cáo tổng hợp hàng ngày
2025-06-01 12:05:45,446 - visualization.report_generator - INFO - 🔄 Tạo dữ liệu tracking 24h cho web
2025-06-01 12:05:45,455 - visualization.report_generator - ERROR - ❌ Lỗi khi tạo dữ liệu tracking 24h: 'OptimizedReportGenerator' object has no attribute 'SYMBOLS'
2025-06-01 12:37:38,305 - visualization.report_generator - INFO - 🔧 Khởi tạo OptimizedReportGenerator - Focus OI & Volume
2025-06-01 12:37:38,305 - visualization.report_generator - INFO - 📊 Tạo báo cáo tổng hợp hàng ngày
2025-06-01 12:37:39,688 - visualization.report_generator - INFO - 💾 Đã lưu báo cáo: daily_summary.json
2025-06-01 12:37:39,688 - visualization.report_generator - INFO - ✅ Hoàn thành báo cáo tổng hợp hàng ngày
2025-06-01 12:37:39,689 - visualization.report_generator - INFO - 🔄 Tạo dữ liệu tracking 24h cho web
2025-06-01 12:37:39,697 - visualization.report_generator - ERROR - ❌ Lỗi khi tạo dữ liệu tracking 24h: 'OptimizedReportGenerator' object has no attribute 'SYMBOLS'
2025-06-01 13:09:20,754 - visualization.report_generator - INFO - 🔧 Khởi tạo OptimizedReportGenerator - Focus OI & Volume
2025-06-01 13:09:20,754 - visualization.report_generator - INFO - 📊 Tạo báo cáo tổng hợp hàng ngày
2025-06-01 13:09:22,092 - visualization.report_generator - INFO - 💾 Đã lưu báo cáo: daily_summary.json
2025-06-01 13:09:22,092 - visualization.report_generator - INFO - ✅ Hoàn thành báo cáo tổng hợp hàng ngày
2025-06-01 13:09:22,093 - visualization.report_generator - INFO - 🔄 Tạo dữ liệu tracking 24h cho web
2025-06-01 13:09:22,102 - visualization.report_generator - ERROR - ❌ Lỗi khi tạo dữ liệu tracking 24h: 'OptimizedReportGenerator' object has no attribute 'SYMBOLS'
2025-06-01 13:41:02,342 - visualization.report_generator - INFO - 🔧 Khởi tạo OptimizedReportGenerator - Focus OI & Volume
2025-06-01 13:41:02,343 - visualization.report_generator - INFO - 📊 Tạo báo cáo tổng hợp hàng ngày
2025-06-01 13:41:03,726 - visualization.report_generator - INFO - 💾 Đã lưu báo cáo: daily_summary.json
2025-06-01 13:41:03,727 - visualization.report_generator - INFO - ✅ Hoàn thành báo cáo tổng hợp hàng ngày
2025-06-01 13:41:03,728 - visualization.report_generator - INFO - 🔄 Tạo dữ liệu tracking 24h cho web
2025-06-01 13:41:03,736 - visualization.report_generator - ERROR - ❌ Lỗi khi tạo dữ liệu tracking 24h: 'OptimizedReportGenerator' object has no attribute 'SYMBOLS'
2025-06-01 14:12:44,379 - visualization.report_generator - INFO - 🔧 Khởi tạo OptimizedReportGenerator - Focus OI & Volume
2025-06-01 14:12:44,380 - visualization.report_generator - INFO - 📊 Tạo báo cáo tổng hợp hàng ngày
2025-06-01 14:12:45,750 - visualization.report_generator - INFO - 💾 Đã lưu báo cáo: daily_summary.json
2025-06-01 14:12:45,750 - visualization.report_generator - INFO - ✅ Hoàn thành báo cáo tổng hợp hàng ngày
2025-06-01 14:12:45,751 - visualization.report_generator - INFO - 🔄 Tạo dữ liệu tracking 24h cho web
2025-06-01 14:12:45,759 - visualization.report_generator - ERROR - ❌ Lỗi khi tạo dữ liệu tracking 24h: 'OptimizedReportGenerator' object has no attribute 'SYMBOLS'
2025-06-01 14:44:27,114 - visualization.report_generator - INFO - 🔧 Khởi tạo OptimizedReportGenerator - Focus OI & Volume
2025-06-01 14:44:27,114 - visualization.report_generator - INFO - 📊 Tạo báo cáo tổng hợp hàng ngày
2025-06-01 14:44:28,452 - visualization.report_generator - INFO - 💾 Đã lưu báo cáo: daily_summary.json
2025-06-01 14:44:28,452 - visualization.report_generator - INFO - ✅ Hoàn thành báo cáo tổng hợp hàng ngày
2025-06-01 14:44:28,453 - visualization.report_generator - INFO - 🔄 Tạo dữ liệu tracking 24h cho web
2025-06-01 14:44:28,462 - visualization.report_generator - ERROR - ❌ Lỗi khi tạo dữ liệu tracking 24h: 'OptimizedReportGenerator' object has no attribute 'SYMBOLS'
2025-06-01 15:16:31,129 - visualization.report_generator - INFO - 🔧 Khởi tạo OptimizedReportGenerator - Focus OI & Volume
2025-06-01 15:16:31,130 - visualization.report_generator - INFO - 📊 Tạo báo cáo tổng hợp hàng ngày
2025-06-01 15:16:32,551 - visualization.report_generator - INFO - 💾 Đã lưu báo cáo: daily_summary.json
2025-06-01 15:16:32,552 - visualization.report_generator - INFO - ✅ Hoàn thành báo cáo tổng hợp hàng ngày
2025-06-01 15:16:32,553 - visualization.report_generator - INFO - 🔄 Tạo dữ liệu tracking 24h cho web
2025-06-01 15:16:32,562 - visualization.report_generator - ERROR - ❌ Lỗi khi tạo dữ liệu tracking 24h: 'OptimizedReportGenerator' object has no attribute 'SYMBOLS'
2025-06-01 15:48:12,926 - visualization.report_generator - INFO - 🔧 Khởi tạo OptimizedReportGenerator - Focus OI & Volume
2025-06-01 15:48:12,926 - visualization.report_generator - INFO - 📊 Tạo báo cáo tổng hợp hàng ngày
2025-06-01 15:48:14,293 - visualization.report_generator - INFO - 💾 Đã lưu báo cáo: daily_summary.json
2025-06-01 15:48:14,293 - visualization.report_generator - INFO - ✅ Hoàn thành báo cáo tổng hợp hàng ngày
2025-06-01 15:48:14,294 - visualization.report_generator - INFO - 🔄 Tạo dữ liệu tracking 24h cho web
2025-06-01 15:48:14,303 - visualization.report_generator - ERROR - ❌ Lỗi khi tạo dữ liệu tracking 24h: 'OptimizedReportGenerator' object has no attribute 'SYMBOLS'
2025-06-01 16:19:53,699 - visualization.report_generator - INFO - 🔧 Khởi tạo OptimizedReportGenerator - Focus OI & Volume
2025-06-01 16:19:53,699 - visualization.report_generator - INFO - 📊 Tạo báo cáo tổng hợp hàng ngày
2025-06-01 16:19:55,056 - visualization.report_generator - INFO - 💾 Đã lưu báo cáo: daily_summary.json
2025-06-01 16:19:55,057 - visualization.report_generator - INFO - ✅ Hoàn thành báo cáo tổng hợp hàng ngày
2025-06-01 16:19:55,058 - visualization.report_generator - INFO - 🔄 Tạo dữ liệu tracking 24h cho web
2025-06-01 16:19:55,067 - visualization.report_generator - ERROR - ❌ Lỗi khi tạo dữ liệu tracking 24h: 'OptimizedReportGenerator' object has no attribute 'SYMBOLS'
2025-06-01 16:51:35,799 - visualization.report_generator - INFO - 🔧 Khởi tạo OptimizedReportGenerator - Focus OI & Volume
2025-06-01 16:51:35,800 - visualization.report_generator - INFO - 📊 Tạo báo cáo tổng hợp hàng ngày
2025-06-01 16:51:37,201 - visualization.report_generator - INFO - 💾 Đã lưu báo cáo: daily_summary.json
2025-06-01 16:51:37,202 - visualization.report_generator - INFO - ✅ Hoàn thành báo cáo tổng hợp hàng ngày
2025-06-01 16:51:37,203 - visualization.report_generator - INFO - 🔄 Tạo dữ liệu tracking 24h cho web
2025-06-01 16:51:37,214 - visualization.report_generator - ERROR - ❌ Lỗi khi tạo dữ liệu tracking 24h: 'OptimizedReportGenerator' object has no attribute 'SYMBOLS'
2025-06-01 17:23:17,594 - visualization.report_generator - INFO - 🔧 Khởi tạo OptimizedReportGenerator - Focus OI & Volume
2025-06-01 17:23:17,594 - visualization.report_generator - INFO - 📊 Tạo báo cáo tổng hợp hàng ngày
2025-06-01 17:23:19,022 - visualization.report_generator - INFO - 💾 Đã lưu báo cáo: daily_summary.json
2025-06-01 17:23:19,023 - visualization.report_generator - INFO - ✅ Hoàn thành báo cáo tổng hợp hàng ngày
2025-06-01 17:23:19,024 - visualization.report_generator - INFO - 🔄 Tạo dữ liệu tracking 24h cho web
2025-06-01 17:23:19,034 - visualization.report_generator - ERROR - ❌ Lỗi khi tạo dữ liệu tracking 24h: 'OptimizedReportGenerator' object has no attribute 'SYMBOLS'
2025-06-01 17:55:00,383 - visualization.report_generator - INFO - 🔧 Khởi tạo OptimizedReportGenerator - Focus OI & Volume
2025-06-01 17:55:00,383 - visualization.report_generator - INFO - 📊 Tạo báo cáo tổng hợp hàng ngày
2025-06-01 17:55:01,797 - visualization.report_generator - INFO - 💾 Đã lưu báo cáo: daily_summary.json
2025-06-01 17:55:01,797 - visualization.report_generator - INFO - ✅ Hoàn thành báo cáo tổng hợp hàng ngày
2025-06-01 17:55:01,798 - visualization.report_generator - INFO - 🔄 Tạo dữ liệu tracking 24h cho web
2025-06-01 17:55:01,808 - visualization.report_generator - ERROR - ❌ Lỗi khi tạo dữ liệu tracking 24h: 'OptimizedReportGenerator' object has no attribute 'SYMBOLS'
2025-06-01 18:26:42,975 - visualization.report_generator - INFO - 🔧 Khởi tạo OptimizedReportGenerator - Focus OI & Volume
2025-06-01 18:26:42,975 - visualization.report_generator - INFO - 📊 Tạo báo cáo tổng hợp hàng ngày
2025-06-01 18:26:44,367 - visualization.report_generator - INFO - 💾 Đã lưu báo cáo: daily_summary.json
2025-06-01 18:26:44,368 - visualization.report_generator - INFO - ✅ Hoàn thành báo cáo tổng hợp hàng ngày
2025-06-01 18:26:44,368 - visualization.report_generator - INFO - 🔄 Tạo dữ liệu tracking 24h cho web
2025-06-01 18:26:44,377 - visualization.report_generator - ERROR - ❌ Lỗi khi tạo dữ liệu tracking 24h: 'OptimizedReportGenerator' object has no attribute 'SYMBOLS'
2025-06-01 18:58:24,806 - visualization.report_generator - INFO - 🔧 Khởi tạo OptimizedReportGenerator - Focus OI & Volume
2025-06-01 18:58:24,806 - visualization.report_generator - INFO - 📊 Tạo báo cáo tổng hợp hàng ngày
2025-06-01 18:58:26,209 - visualization.report_generator - INFO - 💾 Đã lưu báo cáo: daily_summary.json
2025-06-01 18:58:26,209 - visualization.report_generator - INFO - ✅ Hoàn thành báo cáo tổng hợp hàng ngày
2025-06-01 18:58:26,210 - visualization.report_generator - INFO - 🔄 Tạo dữ liệu tracking 24h cho web
2025-06-01 18:58:26,219 - visualization.report_generator - ERROR - ❌ Lỗi khi tạo dữ liệu tracking 24h: 'OptimizedReportGenerator' object has no attribute 'SYMBOLS'
2025-06-01 19:30:19,800 - visualization.report_generator - INFO - 🔧 Khởi tạo OptimizedReportGenerator - Focus OI & Volume
2025-06-01 19:30:19,800 - visualization.report_generator - INFO - 📊 Tạo báo cáo tổng hợp hàng ngày
2025-06-01 19:30:21,159 - visualization.report_generator - INFO - 💾 Đã lưu báo cáo: daily_summary.json
2025-06-01 19:30:21,160 - visualization.report_generator - INFO - ✅ Hoàn thành báo cáo tổng hợp hàng ngày
2025-06-01 19:30:21,161 - visualization.report_generator - INFO - 🔄 Tạo dữ liệu tracking 24h cho web
2025-06-01 19:30:21,169 - visualization.report_generator - ERROR - ❌ Lỗi khi tạo dữ liệu tracking 24h: 'OptimizedReportGenerator' object has no attribute 'SYMBOLS'
2025-06-01 20:01:45,609 - visualization.report_generator - INFO - 🔧 Khởi tạo OptimizedReportGenerator - Focus OI & Volume
2025-06-01 20:01:45,610 - visualization.report_generator - INFO - 📊 Tạo báo cáo tổng hợp hàng ngày
2025-06-01 20:01:46,983 - visualization.report_generator - INFO - 💾 Đã lưu báo cáo: daily_summary.json
2025-06-01 20:01:46,984 - visualization.report_generator - INFO - ✅ Hoàn thành báo cáo tổng hợp hàng ngày
2025-06-01 20:04:52,200 - visualization.report_generator - INFO - 🔧 Khởi tạo OptimizedReportGenerator - Focus OI & Volume
2025-06-01 20:04:52,200 - visualization.report_generator - INFO - 📊 Tạo báo cáo tổng hợp hàng ngày
2025-06-01 20:04:53,618 - visualization.report_generator - INFO - 💾 Đã lưu báo cáo: daily_summary.json
2025-06-01 20:04:53,618 - visualization.report_generator - INFO - ✅ Hoàn thành báo cáo tổng hợp hàng ngày
2025-06-01 20:04:53,619 - visualization.report_generator - INFO - 🔄 Tạo dữ liệu tracking 24h cho web
2025-06-01 20:04:53,628 - visualization.report_generator - ERROR - ❌ Lỗi khi tạo dữ liệu tracking 24h: 'OptimizedReportGenerator' object has no attribute 'SYMBOLS'
2025-06-01 20:52:20,605 - visualization.report_generator - INFO - 🔧 Khởi tạo OptimizedReportGenerator - Focus OI & Volume
2025-06-01 20:52:20,606 - visualization.report_generator - INFO - 📊 Tạo báo cáo tổng hợp hàng ngày
2025-06-01 20:52:22,059 - visualization.report_generator - INFO - 💾 Đã lưu báo cáo: daily_summary.json
2025-06-01 20:52:22,059 - visualization.report_generator - INFO - ✅ Hoàn thành báo cáo tổng hợp hàng ngày
2025-06-01 20:52:22,061 - visualization.report_generator - INFO - 🔄 Tạo dữ liệu tracking 24h cho web
2025-06-01 20:52:22,070 - visualization.report_generator - ERROR - ❌ Lỗi khi tạo dữ liệu tracking 24h: 'OptimizedReportGenerator' object has no attribute 'SYMBOLS'
2025-06-01 21:24:15,888 - visualization.report_generator - INFO - 🔧 Khởi tạo OptimizedReportGenerator - Focus OI & Volume
2025-06-01 21:24:15,888 - visualization.report_generator - INFO - 📊 Tạo báo cáo tổng hợp hàng ngày
2025-06-01 21:24:17,266 - visualization.report_generator - INFO - 💾 Đã lưu báo cáo: daily_summary.json
2025-06-01 21:24:17,267 - visualization.report_generator - INFO - ✅ Hoàn thành báo cáo tổng hợp hàng ngày
2025-06-01 21:24:17,268 - visualization.report_generator - INFO - 🔄 Tạo dữ liệu tracking 24h cho web
2025-06-01 21:24:17,277 - visualization.report_generator - ERROR - ❌ Lỗi khi tạo dữ liệu tracking 24h: 'OptimizedReportGenerator' object has no attribute 'SYMBOLS'
2025-06-01 21:56:08,917 - visualization.report_generator - INFO - 🔧 Khởi tạo OptimizedReportGenerator - Focus OI & Volume
2025-06-01 21:56:08,917 - visualization.report_generator - INFO - 📊 Tạo báo cáo tổng hợp hàng ngày
2025-06-01 21:56:10,237 - visualization.report_generator - INFO - 💾 Đã lưu báo cáo: daily_summary.json
2025-06-01 21:56:10,238 - visualization.report_generator - INFO - ✅ Hoàn thành báo cáo tổng hợp hàng ngày
2025-06-01 21:56:10,239 - visualization.report_generator - INFO - 🔄 Tạo dữ liệu tracking 24h cho web
2025-06-01 21:56:10,247 - visualization.report_generator - ERROR - ❌ Lỗi khi tạo dữ liệu tracking 24h: 'OptimizedReportGenerator' object has no attribute 'SYMBOLS'
2025-06-01 22:27:50,351 - visualization.report_generator - INFO - 🔧 Khởi tạo OptimizedReportGenerator - Focus OI & Volume
2025-06-01 22:27:50,352 - visualization.report_generator - INFO - 📊 Tạo báo cáo tổng hợp hàng ngày
2025-06-01 22:27:51,786 - visualization.report_generator - INFO - 💾 Đã lưu báo cáo: daily_summary.json
2025-06-01 22:27:51,787 - visualization.report_generator - INFO - ✅ Hoàn thành báo cáo tổng hợp hàng ngày
2025-06-01 22:27:51,787 - visualization.report_generator - INFO - 🔄 Tạo dữ liệu tracking 24h cho web
2025-06-01 22:27:51,797 - visualization.report_generator - ERROR - ❌ Lỗi khi tạo dữ liệu tracking 24h: 'OptimizedReportGenerator' object has no attribute 'SYMBOLS'
2025-06-01 22:59:32,567 - visualization.report_generator - INFO - 🔧 Khởi tạo OptimizedReportGenerator - Focus OI & Volume
2025-06-01 22:59:32,567 - visualization.report_generator - INFO - 📊 Tạo báo cáo tổng hợp hàng ngày
2025-06-01 22:59:33,911 - visualization.report_generator - INFO - 💾 Đã lưu báo cáo: daily_summary.json
2025-06-01 22:59:33,912 - visualization.report_generator - INFO - ✅ Hoàn thành báo cáo tổng hợp hàng ngày
2025-06-01 22:59:33,912 - visualization.report_generator - INFO - 🔄 Tạo dữ liệu tracking 24h cho web
2025-06-01 22:59:33,921 - visualization.report_generator - ERROR - ❌ Lỗi khi tạo dữ liệu tracking 24h: 'OptimizedReportGenerator' object has no attribute 'SYMBOLS'
2025-06-01 23:31:13,811 - visualization.report_generator - INFO - 🔧 Khởi tạo OptimizedReportGenerator - Focus OI & Volume
2025-06-01 23:31:13,812 - visualization.report_generator - INFO - 📊 Tạo báo cáo tổng hợp hàng ngày
2025-06-01 23:31:15,179 - visualization.report_generator - INFO - 💾 Đã lưu báo cáo: daily_summary.json
2025-06-01 23:31:15,179 - visualization.report_generator - INFO - ✅ Hoàn thành báo cáo tổng hợp hàng ngày
2025-06-01 23:31:15,180 - visualization.report_generator - INFO - 🔄 Tạo dữ liệu tracking 24h cho web
2025-06-01 23:31:15,188 - visualization.report_generator - ERROR - ❌ Lỗi khi tạo dữ liệu tracking 24h: 'OptimizedReportGenerator' object has no attribute 'SYMBOLS'
2025-06-02 00:03:00,565 - visualization.report_generator - INFO - 🔧 Khởi tạo OptimizedReportGenerator - Focus OI & Volume
2025-06-02 00:03:00,565 - visualization.report_generator - INFO - 📊 Tạo báo cáo tổng hợp hàng ngày
2025-06-02 00:03:02,036 - visualization.report_generator - INFO - 💾 Đã lưu báo cáo: daily_summary.json
2025-06-02 00:03:02,036 - visualization.report_generator - INFO - ✅ Hoàn thành báo cáo tổng hợp hàng ngày
2025-06-02 00:03:02,037 - visualization.report_generator - INFO - 🔄 Tạo dữ liệu tracking 24h cho web
2025-06-02 00:03:02,047 - visualization.report_generator - ERROR - ❌ Lỗi khi tạo dữ liệu tracking 24h: 'OptimizedReportGenerator' object has no attribute 'SYMBOLS'
2025-06-02 00:35:07,091 - visualization.report_generator - INFO - 🔧 Khởi tạo OptimizedReportGenerator - Focus OI & Volume
2025-06-02 00:35:07,091 - visualization.report_generator - INFO - 📊 Tạo báo cáo tổng hợp hàng ngày
2025-06-02 00:35:08,491 - visualization.report_generator - INFO - 💾 Đã lưu báo cáo: daily_summary.json
2025-06-02 00:35:08,492 - visualization.report_generator - INFO - ✅ Hoàn thành báo cáo tổng hợp hàng ngày
2025-06-02 00:35:08,493 - visualization.report_generator - INFO - 🔄 Tạo dữ liệu tracking 24h cho web
2025-06-02 00:35:08,502 - visualization.report_generator - ERROR - ❌ Lỗi khi tạo dữ liệu tracking 24h: 'OptimizedReportGenerator' object has no attribute 'SYMBOLS'
2025-06-02 01:06:51,362 - visualization.report_generator - INFO - 🔧 Khởi tạo OptimizedReportGenerator - Focus OI & Volume
2025-06-02 01:06:51,362 - visualization.report_generator - INFO - 📊 Tạo báo cáo tổng hợp hàng ngày
2025-06-02 01:06:52,782 - visualization.report_generator - INFO - 💾 Đã lưu báo cáo: daily_summary.json
2025-06-02 01:06:52,783 - visualization.report_generator - INFO - ✅ Hoàn thành báo cáo tổng hợp hàng ngày
2025-06-02 01:06:52,783 - visualization.report_generator - INFO - 🔄 Tạo dữ liệu tracking 24h cho web
2025-06-02 01:06:52,792 - visualization.report_generator - ERROR - ❌ Lỗi khi tạo dữ liệu tracking 24h: 'OptimizedReportGenerator' object has no attribute 'SYMBOLS'
2025-06-02 01:38:32,790 - visualization.report_generator - INFO - 🔧 Khởi tạo OptimizedReportGenerator - Focus OI & Volume
2025-06-02 01:38:32,791 - visualization.report_generator - INFO - 📊 Tạo báo cáo tổng hợp hàng ngày
2025-06-02 01:38:34,128 - visualization.report_generator - INFO - 💾 Đã lưu báo cáo: daily_summary.json
2025-06-02 01:38:34,129 - visualization.report_generator - INFO - ✅ Hoàn thành báo cáo tổng hợp hàng ngày
2025-06-02 01:38:34,130 - visualization.report_generator - INFO - 🔄 Tạo dữ liệu tracking 24h cho web
2025-06-02 01:38:34,138 - visualization.report_generator - ERROR - ❌ Lỗi khi tạo dữ liệu tracking 24h: 'OptimizedReportGenerator' object has no attribute 'SYMBOLS'
2025-06-02 02:10:14,300 - visualization.report_generator - INFO - 🔧 Khởi tạo OptimizedReportGenerator - Focus OI & Volume
2025-06-02 02:10:14,301 - visualization.report_generator - INFO - 📊 Tạo báo cáo tổng hợp hàng ngày
2025-06-02 02:10:15,619 - visualization.report_generator - INFO - 💾 Đã lưu báo cáo: daily_summary.json
2025-06-02 02:10:15,619 - visualization.report_generator - INFO - ✅ Hoàn thành báo cáo tổng hợp hàng ngày
2025-06-02 02:10:15,620 - visualization.report_generator - INFO - 🔄 Tạo dữ liệu tracking 24h cho web
2025-06-02 02:10:15,629 - visualization.report_generator - ERROR - ❌ Lỗi khi tạo dữ liệu tracking 24h: 'OptimizedReportGenerator' object has no attribute 'SYMBOLS'
2025-06-02 02:41:55,409 - visualization.report_generator - INFO - 🔧 Khởi tạo OptimizedReportGenerator - Focus OI & Volume
2025-06-02 02:41:55,410 - visualization.report_generator - INFO - 📊 Tạo báo cáo tổng hợp hàng ngày
2025-06-02 02:41:56,748 - visualization.report_generator - INFO - 💾 Đã lưu báo cáo: daily_summary.json
2025-06-02 02:41:56,748 - visualization.report_generator - INFO - ✅ Hoàn thành báo cáo tổng hợp hàng ngày
2025-06-02 02:41:56,749 - visualization.report_generator - INFO - 🔄 Tạo dữ liệu tracking 24h cho web
2025-06-02 02:41:56,758 - visualization.report_generator - ERROR - ❌ Lỗi khi tạo dữ liệu tracking 24h: 'OptimizedReportGenerator' object has no attribute 'SYMBOLS'
2025-06-02 03:13:36,300 - visualization.report_generator - INFO - 🔧 Khởi tạo OptimizedReportGenerator - Focus OI & Volume
2025-06-02 03:13:36,300 - visualization.report_generator - INFO - 📊 Tạo báo cáo tổng hợp hàng ngày
2025-06-02 03:13:37,790 - visualization.report_generator - INFO - 💾 Đã lưu báo cáo: daily_summary.json
2025-06-02 03:13:37,790 - visualization.report_generator - INFO - ✅ Hoàn thành báo cáo tổng hợp hàng ngày
2025-06-02 03:13:37,791 - visualization.report_generator - INFO - 🔄 Tạo dữ liệu tracking 24h cho web
2025-06-02 03:13:37,799 - visualization.report_generator - ERROR - ❌ Lỗi khi tạo dữ liệu tracking 24h: 'OptimizedReportGenerator' object has no attribute 'SYMBOLS'
2025-06-02 03:45:18,714 - visualization.report_generator - INFO - 🔧 Khởi tạo OptimizedReportGenerator - Focus OI & Volume
2025-06-02 03:45:18,715 - visualization.report_generator - INFO - 📊 Tạo báo cáo tổng hợp hàng ngày
2025-06-02 03:45:20,060 - visualization.report_generator - INFO - 💾 Đã lưu báo cáo: daily_summary.json
2025-06-02 03:45:20,061 - visualization.report_generator - INFO - ✅ Hoàn thành báo cáo tổng hợp hàng ngày
2025-06-02 03:45:20,062 - visualization.report_generator - INFO - 🔄 Tạo dữ liệu tracking 24h cho web
2025-06-02 03:45:20,071 - visualization.report_generator - ERROR - ❌ Lỗi khi tạo dữ liệu tracking 24h: 'OptimizedReportGenerator' object has no attribute 'SYMBOLS'
2025-06-02 04:17:00,639 - visualization.report_generator - INFO - 🔧 Khởi tạo OptimizedReportGenerator - Focus OI & Volume
2025-06-02 04:17:00,639 - visualization.report_generator - INFO - 📊 Tạo báo cáo tổng hợp hàng ngày
2025-06-02 04:17:01,950 - visualization.report_generator - INFO - 💾 Đã lưu báo cáo: daily_summary.json
2025-06-02 04:17:01,951 - visualization.report_generator - INFO - ✅ Hoàn thành báo cáo tổng hợp hàng ngày
2025-06-02 04:17:01,952 - visualization.report_generator - INFO - 🔄 Tạo dữ liệu tracking 24h cho web
2025-06-02 04:17:01,961 - visualization.report_generator - ERROR - ❌ Lỗi khi tạo dữ liệu tracking 24h: 'OptimizedReportGenerator' object has no attribute 'SYMBOLS'
2025-06-02 04:48:40,251 - visualization.report_generator - INFO - 🔧 Khởi tạo OptimizedReportGenerator - Focus OI & Volume
2025-06-02 04:48:40,251 - visualization.report_generator - INFO - 📊 Tạo báo cáo tổng hợp hàng ngày
2025-06-02 04:48:41,582 - visualization.report_generator - INFO - 💾 Đã lưu báo cáo: daily_summary.json
2025-06-02 04:48:41,582 - visualization.report_generator - INFO - ✅ Hoàn thành báo cáo tổng hợp hàng ngày
2025-06-02 04:48:41,583 - visualization.report_generator - INFO - 🔄 Tạo dữ liệu tracking 24h cho web
2025-06-02 04:48:41,591 - visualization.report_generator - ERROR - ❌ Lỗi khi tạo dữ liệu tracking 24h: 'OptimizedReportGenerator' object has no attribute 'SYMBOLS'
2025-06-02 05:20:21,210 - visualization.report_generator - INFO - 🔧 Khởi tạo OptimizedReportGenerator - Focus OI & Volume
2025-06-02 05:20:21,210 - visualization.report_generator - INFO - 📊 Tạo báo cáo tổng hợp hàng ngày
2025-06-02 05:20:22,551 - visualization.report_generator - INFO - 💾 Đã lưu báo cáo: daily_summary.json
2025-06-02 05:20:22,552 - visualization.report_generator - INFO - ✅ Hoàn thành báo cáo tổng hợp hàng ngày
2025-06-02 05:20:22,553 - visualization.report_generator - INFO - 🔄 Tạo dữ liệu tracking 24h cho web
2025-06-02 05:20:22,563 - visualization.report_generator - ERROR - ❌ Lỗi khi tạo dữ liệu tracking 24h: 'OptimizedReportGenerator' object has no attribute 'SYMBOLS'
2025-06-02 05:52:02,010 - visualization.report_generator - INFO - 🔧 Khởi tạo OptimizedReportGenerator - Focus OI & Volume
2025-06-02 05:52:02,011 - visualization.report_generator - INFO - 📊 Tạo báo cáo tổng hợp hàng ngày
2025-06-02 05:52:03,420 - visualization.report_generator - INFO - 💾 Đã lưu báo cáo: daily_summary.json
2025-06-02 05:52:03,420 - visualization.report_generator - INFO - ✅ Hoàn thành báo cáo tổng hợp hàng ngày
2025-06-02 05:52:03,421 - visualization.report_generator - INFO - 🔄 Tạo dữ liệu tracking 24h cho web
2025-06-02 05:52:03,430 - visualization.report_generator - ERROR - ❌ Lỗi khi tạo dữ liệu tracking 24h: 'OptimizedReportGenerator' object has no attribute 'SYMBOLS'
2025-06-02 06:23:43,136 - visualization.report_generator - INFO - 🔧 Khởi tạo OptimizedReportGenerator - Focus OI & Volume
2025-06-02 06:23:43,136 - visualization.report_generator - INFO - 📊 Tạo báo cáo tổng hợp hàng ngày
2025-06-02 06:23:44,472 - visualization.report_generator - INFO - 💾 Đã lưu báo cáo: daily_summary.json
2025-06-02 06:23:44,473 - visualization.report_generator - INFO - ✅ Hoàn thành báo cáo tổng hợp hàng ngày
2025-06-02 06:23:44,474 - visualization.report_generator - INFO - 🔄 Tạo dữ liệu tracking 24h cho web
2025-06-02 06:23:44,483 - visualization.report_generator - ERROR - ❌ Lỗi khi tạo dữ liệu tracking 24h: 'OptimizedReportGenerator' object has no attribute 'SYMBOLS'
2025-06-02 06:55:24,680 - visualization.report_generator - INFO - 🔧 Khởi tạo OptimizedReportGenerator - Focus OI & Volume
2025-06-02 06:55:24,680 - visualization.report_generator - INFO - 📊 Tạo báo cáo tổng hợp hàng ngày
2025-06-02 06:55:26,022 - visualization.report_generator - INFO - 💾 Đã lưu báo cáo: daily_summary.json
2025-06-02 06:55:26,023 - visualization.report_generator - INFO - ✅ Hoàn thành báo cáo tổng hợp hàng ngày
2025-06-02 06:55:26,023 - visualization.report_generator - INFO - 🔄 Tạo dữ liệu tracking 24h cho web
2025-06-02 06:55:26,032 - visualization.report_generator - ERROR - ❌ Lỗi khi tạo dữ liệu tracking 24h: 'OptimizedReportGenerator' object has no attribute 'SYMBOLS'
2025-06-02 07:27:05,729 - visualization.report_generator - INFO - 🔧 Khởi tạo OptimizedReportGenerator - Focus OI & Volume
2025-06-02 07:27:05,729 - visualization.report_generator - INFO - 📊 Tạo báo cáo tổng hợp hàng ngày
2025-06-02 07:27:07,168 - visualization.report_generator - INFO - 💾 Đã lưu báo cáo: daily_summary.json
2025-06-02 07:27:07,169 - visualization.report_generator - INFO - ✅ Hoàn thành báo cáo tổng hợp hàng ngày
2025-06-02 07:27:07,170 - visualization.report_generator - INFO - 🔄 Tạo dữ liệu tracking 24h cho web
2025-06-02 07:27:07,181 - visualization.report_generator - ERROR - ❌ Lỗi khi tạo dữ liệu tracking 24h: 'OptimizedReportGenerator' object has no attribute 'SYMBOLS'
2025-06-02 07:58:48,250 - visualization.report_generator - INFO - 🔧 Khởi tạo OptimizedReportGenerator - Focus OI & Volume
2025-06-02 07:58:48,251 - visualization.report_generator - INFO - 📊 Tạo báo cáo tổng hợp hàng ngày
2025-06-02 07:58:49,580 - visualization.report_generator - INFO - 💾 Đã lưu báo cáo: daily_summary.json
2025-06-02 07:58:49,581 - visualization.report_generator - INFO - ✅ Hoàn thành báo cáo tổng hợp hàng ngày
2025-06-02 07:58:49,582 - visualization.report_generator - INFO - 🔄 Tạo dữ liệu tracking 24h cho web
2025-06-02 07:58:49,590 - visualization.report_generator - ERROR - ❌ Lỗi khi tạo dữ liệu tracking 24h: 'OptimizedReportGenerator' object has no attribute 'SYMBOLS'
2025-06-02 08:30:30,595 - visualization.report_generator - INFO - 🔧 Khởi tạo OptimizedReportGenerator - Focus OI & Volume
2025-06-02 08:30:30,595 - visualization.report_generator - INFO - 📊 Tạo báo cáo tổng hợp hàng ngày
2025-06-02 08:30:31,917 - visualization.report_generator - INFO - 💾 Đã lưu báo cáo: daily_summary.json
2025-06-02 08:30:31,918 - visualization.report_generator - INFO - ✅ Hoàn thành báo cáo tổng hợp hàng ngày
2025-06-02 08:30:31,919 - visualization.report_generator - INFO - 🔄 Tạo dữ liệu tracking 24h cho web
2025-06-02 08:30:31,927 - visualization.report_generator - ERROR - ❌ Lỗi khi tạo dữ liệu tracking 24h: 'OptimizedReportGenerator' object has no attribute 'SYMBOLS'
2025-06-02 09:03:01,354 - visualization.report_generator - INFO - 🔧 Khởi tạo OptimizedReportGenerator - Focus OI & Volume
2025-06-02 09:03:01,355 - visualization.report_generator - INFO - 📊 Tạo báo cáo tổng hợp hàng ngày
2025-06-02 09:03:02,721 - visualization.report_generator - INFO - 💾 Đã lưu báo cáo: daily_summary.json
2025-06-02 09:03:02,722 - visualization.report_generator - INFO - ✅ Hoàn thành báo cáo tổng hợp hàng ngày
2025-06-02 09:03:02,723 - visualization.report_generator - INFO - 🔄 Tạo dữ liệu tracking 24h cho web
2025-06-02 09:03:02,731 - visualization.report_generator - ERROR - ❌ Lỗi khi tạo dữ liệu tracking 24h: 'OptimizedReportGenerator' object has no attribute 'SYMBOLS'
2025-06-02 09:34:43,475 - visualization.report_generator - INFO - 🔧 Khởi tạo OptimizedReportGenerator - Focus OI & Volume
2025-06-02 09:34:43,476 - visualization.report_generator - INFO - 📊 Tạo báo cáo tổng hợp hàng ngày
2025-06-02 09:34:44,798 - visualization.report_generator - INFO - 💾 Đã lưu báo cáo: daily_summary.json
2025-06-02 09:34:44,799 - visualization.report_generator - INFO - ✅ Hoàn thành báo cáo tổng hợp hàng ngày
2025-06-02 09:34:44,800 - visualization.report_generator - INFO - 🔄 Tạo dữ liệu tracking 24h cho web
2025-06-02 09:34:44,821 - visualization.report_generator - ERROR - ❌ Lỗi khi tạo dữ liệu tracking 24h: 'OptimizedReportGenerator' object has no attribute 'SYMBOLS'
2025-06-02 10:06:40,811 - visualization.report_generator - INFO - 🔧 Khởi tạo OptimizedReportGenerator - Focus OI & Volume
2025-06-02 10:06:40,812 - visualization.report_generator - INFO - 📊 Tạo báo cáo tổng hợp hàng ngày
2025-06-02 10:06:42,128 - visualization.report_generator - INFO - 💾 Đã lưu báo cáo: daily_summary.json
2025-06-02 10:06:42,129 - visualization.report_generator - INFO - ✅ Hoàn thành báo cáo tổng hợp hàng ngày
2025-06-02 10:06:42,130 - visualization.report_generator - INFO - 🔄 Tạo dữ liệu tracking 24h cho web
2025-06-02 10:06:42,138 - visualization.report_generator - ERROR - ❌ Lỗi khi tạo dữ liệu tracking 24h: 'OptimizedReportGenerator' object has no attribute 'SYMBOLS'
2025-06-02 10:38:32,316 - visualization.report_generator - INFO - 🔧 Khởi tạo OptimizedReportGenerator - Focus OI & Volume
2025-06-02 10:38:32,316 - visualization.report_generator - INFO - 📊 Tạo báo cáo tổng hợp hàng ngày
2025-06-02 10:38:33,669 - visualization.report_generator - INFO - 💾 Đã lưu báo cáo: daily_summary.json
2025-06-02 10:38:33,669 - visualization.report_generator - INFO - ✅ Hoàn thành báo cáo tổng hợp hàng ngày
2025-06-02 10:38:33,670 - visualization.report_generator - INFO - 🔄 Tạo dữ liệu tracking 24h cho web
2025-06-02 10:38:33,679 - visualization.report_generator - ERROR - ❌ Lỗi khi tạo dữ liệu tracking 24h: 'OptimizedReportGenerator' object has no attribute 'SYMBOLS'
2025-06-02 11:10:14,971 - visualization.report_generator - INFO - 🔧 Khởi tạo OptimizedReportGenerator - Focus OI & Volume
2025-06-02 11:10:14,972 - visualization.report_generator - INFO - 📊 Tạo báo cáo tổng hợp hàng ngày
2025-06-02 11:10:16,369 - visualization.report_generator - INFO - 💾 Đã lưu báo cáo: daily_summary.json
2025-06-02 11:10:16,369 - visualization.report_generator - INFO - ✅ Hoàn thành báo cáo tổng hợp hàng ngày
2025-06-02 11:10:16,371 - visualization.report_generator - INFO - 🔄 Tạo dữ liệu tracking 24h cho web
2025-06-02 11:10:16,380 - visualization.report_generator - ERROR - ❌ Lỗi khi tạo dữ liệu tracking 24h: 'OptimizedReportGenerator' object has no attribute 'SYMBOLS'
2025-06-02 11:41:55,512 - visualization.report_generator - INFO - 🔧 Khởi tạo OptimizedReportGenerator - Focus OI & Volume
2025-06-02 11:41:55,512 - visualization.report_generator - INFO - 📊 Tạo báo cáo tổng hợp hàng ngày
2025-06-02 11:41:56,853 - visualization.report_generator - INFO - 💾 Đã lưu báo cáo: daily_summary.json
2025-06-02 11:41:56,853 - visualization.report_generator - INFO - ✅ Hoàn thành báo cáo tổng hợp hàng ngày
2025-06-02 11:41:56,854 - visualization.report_generator - INFO - 🔄 Tạo dữ liệu tracking 24h cho web
2025-06-02 11:41:56,863 - visualization.report_generator - ERROR - ❌ Lỗi khi tạo dữ liệu tracking 24h: 'OptimizedReportGenerator' object has no attribute 'SYMBOLS'
2025-06-02 12:13:37,669 - visualization.report_generator - INFO - 🔧 Khởi tạo OptimizedReportGenerator - Focus OI & Volume
2025-06-02 12:13:37,669 - visualization.report_generator - INFO - 📊 Tạo báo cáo tổng hợp hàng ngày
2025-06-02 12:13:38,979 - visualization.report_generator - INFO - 💾 Đã lưu báo cáo: daily_summary.json
2025-06-02 12:13:38,980 - visualization.report_generator - INFO - ✅ Hoàn thành báo cáo tổng hợp hàng ngày
2025-06-02 12:13:38,981 - visualization.report_generator - INFO - 🔄 Tạo dữ liệu tracking 24h cho web
2025-06-02 12:13:38,989 - visualization.report_generator - ERROR - ❌ Lỗi khi tạo dữ liệu tracking 24h: 'OptimizedReportGenerator' object has no attribute 'SYMBOLS'
2025-06-02 12:45:20,392 - visualization.report_generator - INFO - 🔧 Khởi tạo OptimizedReportGenerator - Focus OI & Volume
2025-06-02 12:45:20,392 - visualization.report_generator - INFO - 📊 Tạo báo cáo tổng hợp hàng ngày
2025-06-02 12:45:21,793 - visualization.report_generator - INFO - 💾 Đã lưu báo cáo: daily_summary.json
2025-06-02 12:45:21,794 - visualization.report_generator - INFO - ✅ Hoàn thành báo cáo tổng hợp hàng ngày
2025-06-02 12:45:21,795 - visualization.report_generator - INFO - 🔄 Tạo dữ liệu tracking 24h cho web
2025-06-02 12:45:21,805 - visualization.report_generator - ERROR - ❌ Lỗi khi tạo dữ liệu tracking 24h: 'OptimizedReportGenerator' object has no attribute 'SYMBOLS'
2025-06-02 13:17:02,640 - visualization.report_generator - INFO - 🔧 Khởi tạo OptimizedReportGenerator - Focus OI & Volume
2025-06-02 13:17:02,640 - visualization.report_generator - INFO - 📊 Tạo báo cáo tổng hợp hàng ngày
2025-06-02 13:17:03,985 - visualization.report_generator - INFO - 💾 Đã lưu báo cáo: daily_summary.json
2025-06-02 13:17:03,986 - visualization.report_generator - INFO - ✅ Hoàn thành báo cáo tổng hợp hàng ngày
2025-06-02 13:17:03,987 - visualization.report_generator - INFO - 🔄 Tạo dữ liệu tracking 24h cho web
2025-06-02 13:17:03,996 - visualization.report_generator - ERROR - ❌ Lỗi khi tạo dữ liệu tracking 24h: 'OptimizedReportGenerator' object has no attribute 'SYMBOLS'
2025-06-02 13:48:54,353 - visualization.report_generator - INFO - 🔧 Khởi tạo OptimizedReportGenerator - Focus OI & Volume
2025-06-02 13:48:54,353 - visualization.report_generator - INFO - 📊 Tạo báo cáo tổng hợp hàng ngày
2025-06-02 13:48:55,723 - visualization.report_generator - INFO - 💾 Đã lưu báo cáo: daily_summary.json
2025-06-02 13:48:55,724 - visualization.report_generator - INFO - ✅ Hoàn thành báo cáo tổng hợp hàng ngày
2025-06-02 13:48:55,725 - visualization.report_generator - INFO - 🔄 Tạo dữ liệu tracking 24h cho web
2025-06-02 13:48:55,734 - visualization.report_generator - ERROR - ❌ Lỗi khi tạo dữ liệu tracking 24h: 'OptimizedReportGenerator' object has no attribute 'SYMBOLS'
2025-06-02 14:20:46,238 - visualization.report_generator - INFO - 🔧 Khởi tạo OptimizedReportGenerator - Focus OI & Volume
2025-06-02 14:20:46,238 - visualization.report_generator - INFO - 📊 Tạo báo cáo tổng hợp hàng ngày
2025-06-02 14:20:47,555 - visualization.report_generator - INFO - 💾 Đã lưu báo cáo: daily_summary.json
2025-06-02 14:20:47,555 - visualization.report_generator - INFO - ✅ Hoàn thành báo cáo tổng hợp hàng ngày
2025-06-02 14:20:47,556 - visualization.report_generator - INFO - 🔄 Tạo dữ liệu tracking 24h cho web
2025-06-02 14:20:47,565 - visualization.report_generator - ERROR - ❌ Lỗi khi tạo dữ liệu tracking 24h: 'OptimizedReportGenerator' object has no attribute 'SYMBOLS'
2025-06-02 14:52:28,190 - visualization.report_generator - INFO - 🔧 Khởi tạo OptimizedReportGenerator - Focus OI & Volume
2025-06-02 14:52:28,190 - visualization.report_generator - INFO - 📊 Tạo báo cáo tổng hợp hàng ngày
2025-06-02 14:52:29,538 - visualization.report_generator - INFO - 💾 Đã lưu báo cáo: daily_summary.json
2025-06-02 14:52:29,539 - visualization.report_generator - INFO - ✅ Hoàn thành báo cáo tổng hợp hàng ngày
2025-06-02 14:52:29,540 - visualization.report_generator - INFO - 🔄 Tạo dữ liệu tracking 24h cho web
2025-06-02 14:52:29,549 - visualization.report_generator - ERROR - ❌ Lỗi khi tạo dữ liệu tracking 24h: 'OptimizedReportGenerator' object has no attribute 'SYMBOLS'
2025-06-02 15:24:36,436 - visualization.report_generator - INFO - 🔧 Khởi tạo OptimizedReportGenerator - Focus OI & Volume
2025-06-02 15:24:36,436 - visualization.report_generator - INFO - 📊 Tạo báo cáo tổng hợp hàng ngày
2025-06-02 15:24:37,833 - visualization.report_generator - INFO - 💾 Đã lưu báo cáo: daily_summary.json
2025-06-02 15:24:37,834 - visualization.report_generator - INFO - ✅ Hoàn thành báo cáo tổng hợp hàng ngày
2025-06-02 15:24:37,834 - visualization.report_generator - INFO - 🔄 Tạo dữ liệu tracking 24h cho web
2025-06-02 15:24:37,843 - visualization.report_generator - ERROR - ❌ Lỗi khi tạo dữ liệu tracking 24h: 'OptimizedReportGenerator' object has no attribute 'SYMBOLS'
2025-06-02 15:56:28,471 - visualization.report_generator - INFO - 🔧 Khởi tạo OptimizedReportGenerator - Focus OI & Volume
2025-06-02 15:56:28,471 - visualization.report_generator - INFO - 📊 Tạo báo cáo tổng hợp hàng ngày
2025-06-02 15:56:29,857 - visualization.report_generator - INFO - 💾 Đã lưu báo cáo: daily_summary.json
2025-06-02 15:56:29,858 - visualization.report_generator - INFO - ✅ Hoàn thành báo cáo tổng hợp hàng ngày
2025-06-02 15:56:29,859 - visualization.report_generator - INFO - 🔄 Tạo dữ liệu tracking 24h cho web
2025-06-02 15:56:29,868 - visualization.report_generator - ERROR - ❌ Lỗi khi tạo dữ liệu tracking 24h: 'OptimizedReportGenerator' object has no attribute 'SYMBOLS'
2025-06-02 16:28:23,656 - visualization.report_generator - INFO - 🔧 Khởi tạo OptimizedReportGenerator - Focus OI & Volume
2025-06-02 16:28:23,657 - visualization.report_generator - INFO - 📊 Tạo báo cáo tổng hợp hàng ngày
2025-06-02 16:28:25,008 - visualization.report_generator - INFO - 💾 Đã lưu báo cáo: daily_summary.json
2025-06-02 16:28:25,008 - visualization.report_generator - INFO - ✅ Hoàn thành báo cáo tổng hợp hàng ngày
2025-06-02 16:28:25,009 - visualization.report_generator - INFO - 🔄 Tạo dữ liệu tracking 24h cho web
2025-06-02 16:28:25,018 - visualization.report_generator - ERROR - ❌ Lỗi khi tạo dữ liệu tracking 24h: 'OptimizedReportGenerator' object has no attribute 'SYMBOLS'
2025-06-02 17:33:31,442 - visualization.report_generator - INFO - 🔧 Khởi tạo OptimizedReportGenerator - Focus OI & Volume
2025-06-02 17:33:31,443 - visualization.report_generator - INFO - 📊 Tạo báo cáo tổng hợp hàng ngày
2025-06-02 17:33:32,910 - visualization.report_generator - INFO - 💾 Đã lưu báo cáo: daily_summary.json
2025-06-02 17:33:32,911 - visualization.report_generator - INFO - ✅ Hoàn thành báo cáo tổng hợp hàng ngày
2025-06-02 17:33:32,912 - visualization.report_generator - INFO - 🔄 Tạo dữ liệu tracking 24h cho web
2025-06-02 17:33:32,921 - visualization.report_generator - ERROR - ❌ Lỗi khi tạo dữ liệu tracking 24h: 'OptimizedReportGenerator' object has no attribute 'SYMBOLS'
2025-06-02 18:05:29,086 - visualization.report_generator - INFO - 🔧 Khởi tạo OptimizedReportGenerator - Focus OI & Volume
2025-06-02 18:05:29,086 - visualization.report_generator - INFO - 📊 Tạo báo cáo tổng hợp hàng ngày
2025-06-02 18:05:30,579 - visualization.report_generator - INFO - 💾 Đã lưu báo cáo: daily_summary.json
2025-06-02 18:05:30,580 - visualization.report_generator - INFO - ✅ Hoàn thành báo cáo tổng hợp hàng ngày
2025-06-02 18:05:30,581 - visualization.report_generator - INFO - 🔄 Tạo dữ liệu tracking 24h cho web
2025-06-02 18:05:30,590 - visualization.report_generator - ERROR - ❌ Lỗi khi tạo dữ liệu tracking 24h: 'OptimizedReportGenerator' object has no attribute 'SYMBOLS'
2025-06-02 18:37:21,006 - visualization.report_generator - INFO - 🔧 Khởi tạo OptimizedReportGenerator - Focus OI & Volume
2025-06-02 18:37:21,006 - visualization.report_generator - INFO - 📊 Tạo báo cáo tổng hợp hàng ngày
2025-06-02 18:37:22,563 - visualization.report_generator - INFO - 💾 Đã lưu báo cáo: daily_summary.json
2025-06-02 18:37:22,564 - visualization.report_generator - INFO - ✅ Hoàn thành báo cáo tổng hợp hàng ngày
2025-06-02 18:37:22,566 - visualization.report_generator - INFO - 🔄 Tạo dữ liệu tracking 24h cho web
2025-06-02 18:37:22,576 - visualization.report_generator - ERROR - ❌ Lỗi khi tạo dữ liệu tracking 24h: 'OptimizedReportGenerator' object has no attribute 'SYMBOLS'
2025-06-02 19:09:03,731 - visualization.report_generator - INFO - 🔧 Khởi tạo OptimizedReportGenerator - Focus OI & Volume
2025-06-02 19:09:03,731 - visualization.report_generator - INFO - 📊 Tạo báo cáo tổng hợp hàng ngày
2025-06-02 19:09:05,164 - visualization.report_generator - INFO - 💾 Đã lưu báo cáo: daily_summary.json
2025-06-02 19:09:05,165 - visualization.report_generator - INFO - ✅ Hoàn thành báo cáo tổng hợp hàng ngày
2025-06-02 19:09:05,166 - visualization.report_generator - INFO - 🔄 Tạo dữ liệu tracking 24h cho web
2025-06-02 19:09:05,175 - visualization.report_generator - ERROR - ❌ Lỗi khi tạo dữ liệu tracking 24h: 'OptimizedReportGenerator' object has no attribute 'SYMBOLS'
2025-06-02 19:40:57,319 - visualization.report_generator - INFO - 🔧 Khởi tạo OptimizedReportGenerator - Focus OI & Volume
2025-06-02 19:40:57,320 - visualization.report_generator - INFO - 📊 Tạo báo cáo tổng hợp hàng ngày
2025-06-02 19:40:58,753 - visualization.report_generator - INFO - 💾 Đã lưu báo cáo: daily_summary.json
2025-06-02 19:40:58,754 - visualization.report_generator - INFO - ✅ Hoàn thành báo cáo tổng hợp hàng ngày
2025-06-02 19:40:58,755 - visualization.report_generator - INFO - 🔄 Tạo dữ liệu tracking 24h cho web
2025-06-02 19:40:58,764 - visualization.report_generator - ERROR - ❌ Lỗi khi tạo dữ liệu tracking 24h: 'OptimizedReportGenerator' object has no attribute 'SYMBOLS'
2025-06-02 20:01:45,143 - visualization.report_generator - INFO - 🔧 Khởi tạo OptimizedReportGenerator - Focus OI & Volume
2025-06-02 20:01:45,144 - visualization.report_generator - INFO - 📊 Tạo báo cáo tổng hợp hàng ngày
2025-06-02 20:01:46,632 - visualization.report_generator - INFO - 💾 Đã lưu báo cáo: daily_summary.json
2025-06-02 20:01:46,633 - visualization.report_generator - INFO - ✅ Hoàn thành báo cáo tổng hợp hàng ngày
2025-06-02 20:55:29,770 - visualization.report_generator - INFO - 🔧 Khởi tạo OptimizedReportGenerator - Focus OI & Volume
2025-06-02 20:55:29,771 - visualization.report_generator - INFO - 📊 Tạo báo cáo tổng hợp hàng ngày
2025-06-02 20:55:31,221 - visualization.report_generator - INFO - 💾 Đã lưu báo cáo: daily_summary.json
2025-06-02 20:55:31,221 - visualization.report_generator - INFO - ✅ Hoàn thành báo cáo tổng hợp hàng ngày
2025-06-02 20:55:31,222 - visualization.report_generator - INFO - 🔄 Tạo dữ liệu tracking 24h cho web
2025-06-02 20:55:31,231 - visualization.report_generator - ERROR - ❌ Lỗi khi tạo dữ liệu tracking 24h: 'OptimizedReportGenerator' object has no attribute 'SYMBOLS'
2025-06-02 21:27:22,146 - visualization.report_generator - INFO - 🔧 Khởi tạo OptimizedReportGenerator - Focus OI & Volume
2025-06-02 21:27:22,147 - visualization.report_generator - INFO - 📊 Tạo báo cáo tổng hợp hàng ngày
2025-06-02 21:27:23,574 - visualization.report_generator - INFO - 💾 Đã lưu báo cáo: daily_summary.json
2025-06-02 21:27:23,575 - visualization.report_generator - INFO - ✅ Hoàn thành báo cáo tổng hợp hàng ngày
2025-06-02 21:27:23,576 - visualization.report_generator - INFO - 🔄 Tạo dữ liệu tracking 24h cho web
2025-06-02 21:27:23,585 - visualization.report_generator - ERROR - ❌ Lỗi khi tạo dữ liệu tracking 24h: 'OptimizedReportGenerator' object has no attribute 'SYMBOLS'
2025-06-02 21:59:14,691 - visualization.report_generator - INFO - 🔧 Khởi tạo OptimizedReportGenerator - Focus OI & Volume
2025-06-02 21:59:14,692 - visualization.report_generator - INFO - 📊 Tạo báo cáo tổng hợp hàng ngày
2025-06-02 21:59:16,069 - visualization.report_generator - INFO - 💾 Đã lưu báo cáo: daily_summary.json
2025-06-02 21:59:16,069 - visualization.report_generator - INFO - ✅ Hoàn thành báo cáo tổng hợp hàng ngày
2025-06-02 21:59:16,071 - visualization.report_generator - INFO - 🔄 Tạo dữ liệu tracking 24h cho web
2025-06-02 21:59:16,080 - visualization.report_generator - ERROR - ❌ Lỗi khi tạo dữ liệu tracking 24h: 'OptimizedReportGenerator' object has no attribute 'SYMBOLS'
2025-06-02 22:31:06,290 - visualization.report_generator - INFO - 🔧 Khởi tạo OptimizedReportGenerator - Focus OI & Volume
2025-06-02 22:31:06,291 - visualization.report_generator - INFO - 📊 Tạo báo cáo tổng hợp hàng ngày
2025-06-02 22:31:07,764 - visualization.report_generator - INFO - 💾 Đã lưu báo cáo: daily_summary.json
2025-06-02 22:31:07,765 - visualization.report_generator - INFO - ✅ Hoàn thành báo cáo tổng hợp hàng ngày
2025-06-02 22:31:07,766 - visualization.report_generator - INFO - 🔄 Tạo dữ liệu tracking 24h cho web
2025-06-02 22:31:07,774 - visualization.report_generator - ERROR - ❌ Lỗi khi tạo dữ liệu tracking 24h: 'OptimizedReportGenerator' object has no attribute 'SYMBOLS'
2025-06-02 23:03:39,894 - visualization.report_generator - INFO - 🔧 Khởi tạo OptimizedReportGenerator - Focus OI & Volume
2025-06-02 23:03:39,894 - visualization.report_generator - INFO - 📊 Tạo báo cáo tổng hợp hàng ngày
2025-06-02 23:03:41,227 - visualization.report_generator - INFO - 💾 Đã lưu báo cáo: daily_summary.json
2025-06-02 23:03:41,228 - visualization.report_generator - INFO - ✅ Hoàn thành báo cáo tổng hợp hàng ngày
2025-06-02 23:03:41,229 - visualization.report_generator - INFO - 🔄 Tạo dữ liệu tracking 24h cho web
2025-06-02 23:03:41,237 - visualization.report_generator - ERROR - ❌ Lỗi khi tạo dữ liệu tracking 24h: 'OptimizedReportGenerator' object has no attribute 'SYMBOLS'
2025-06-02 23:35:22,463 - visualization.report_generator - INFO - 🔧 Khởi tạo OptimizedReportGenerator - Focus OI & Volume
2025-06-02 23:35:22,464 - visualization.report_generator - INFO - 📊 Tạo báo cáo tổng hợp hàng ngày
2025-06-02 23:35:23,906 - visualization.report_generator - INFO - 💾 Đã lưu báo cáo: daily_summary.json
2025-06-02 23:35:23,907 - visualization.report_generator - INFO - ✅ Hoàn thành báo cáo tổng hợp hàng ngày
2025-06-02 23:35:23,907 - visualization.report_generator - INFO - 🔄 Tạo dữ liệu tracking 24h cho web
2025-06-02 23:35:23,916 - visualization.report_generator - ERROR - ❌ Lỗi khi tạo dữ liệu tracking 24h: 'OptimizedReportGenerator' object has no attribute 'SYMBOLS'
2025-06-03 00:33:53,194 - visualization.report_generator - INFO - 🔧 Khởi tạo OptimizedReportGenerator - Focus OI & Volume
2025-06-03 00:33:53,194 - visualization.report_generator - INFO - 📊 Tạo báo cáo tổng hợp hàng ngày
2025-06-03 00:33:54,524 - visualization.report_generator - INFO - 💾 Đã lưu báo cáo: daily_summary.json
2025-06-03 00:33:54,524 - visualization.report_generator - INFO - ✅ Hoàn thành báo cáo tổng hợp hàng ngày
2025-06-03 00:33:54,525 - visualization.report_generator - INFO - 🔄 Tạo dữ liệu tracking 24h cho web
2025-06-03 00:33:54,534 - visualization.report_generator - ERROR - ❌ Lỗi khi tạo dữ liệu tracking 24h: 'OptimizedReportGenerator' object has no attribute 'SYMBOLS'
2025-06-03 01:05:48,960 - visualization.report_generator - INFO - 🔧 Khởi tạo OptimizedReportGenerator - Focus OI & Volume
2025-06-03 01:05:48,960 - visualization.report_generator - INFO - 📊 Tạo báo cáo tổng hợp hàng ngày
2025-06-03 01:05:50,355 - visualization.report_generator - INFO - 💾 Đã lưu báo cáo: daily_summary.json
2025-06-03 01:05:50,355 - visualization.report_generator - INFO - ✅ Hoàn thành báo cáo tổng hợp hàng ngày
2025-06-03 01:05:50,356 - visualization.report_generator - INFO - 🔄 Tạo dữ liệu tracking 24h cho web
2025-06-03 01:05:50,366 - visualization.report_generator - ERROR - ❌ Lỗi khi tạo dữ liệu tracking 24h: 'OptimizedReportGenerator' object has no attribute 'SYMBOLS'
2025-06-03 01:37:41,230 - visualization.report_generator - INFO - 🔧 Khởi tạo OptimizedReportGenerator - Focus OI & Volume
2025-06-03 01:37:41,230 - visualization.report_generator - INFO - 📊 Tạo báo cáo tổng hợp hàng ngày
2025-06-03 01:37:42,596 - visualization.report_generator - INFO - 💾 Đã lưu báo cáo: daily_summary.json
2025-06-03 01:37:42,596 - visualization.report_generator - INFO - ✅ Hoàn thành báo cáo tổng hợp hàng ngày
2025-06-03 01:37:42,597 - visualization.report_generator - INFO - 🔄 Tạo dữ liệu tracking 24h cho web
2025-06-03 01:37:42,606 - visualization.report_generator - ERROR - ❌ Lỗi khi tạo dữ liệu tracking 24h: 'OptimizedReportGenerator' object has no attribute 'SYMBOLS'
2025-06-03 02:10:17,145 - visualization.report_generator - INFO - 🔧 Khởi tạo OptimizedReportGenerator - Focus OI & Volume
2025-06-03 02:10:17,146 - visualization.report_generator - INFO - 📊 Tạo báo cáo tổng hợp hàng ngày
2025-06-03 02:10:18,489 - visualization.report_generator - INFO - 💾 Đã lưu báo cáo: daily_summary.json
2025-06-03 02:10:18,489 - visualization.report_generator - INFO - ✅ Hoàn thành báo cáo tổng hợp hàng ngày
2025-06-03 02:10:18,490 - visualization.report_generator - INFO - 🔄 Tạo dữ liệu tracking 24h cho web
2025-06-03 02:10:18,499 - visualization.report_generator - ERROR - ❌ Lỗi khi tạo dữ liệu tracking 24h: 'OptimizedReportGenerator' object has no attribute 'SYMBOLS'
2025-06-03 02:42:09,813 - visualization.report_generator - INFO - 🔧 Khởi tạo OptimizedReportGenerator - Focus OI & Volume
2025-06-03 02:42:09,814 - visualization.report_generator - INFO - 📊 Tạo báo cáo tổng hợp hàng ngày
2025-06-03 02:42:11,210 - visualization.report_generator - INFO - 💾 Đã lưu báo cáo: daily_summary.json
2025-06-03 02:42:11,211 - visualization.report_generator - INFO - ✅ Hoàn thành báo cáo tổng hợp hàng ngày
2025-06-03 02:42:11,212 - visualization.report_generator - INFO - 🔄 Tạo dữ liệu tracking 24h cho web
2025-06-03 02:42:11,221 - visualization.report_generator - ERROR - ❌ Lỗi khi tạo dữ liệu tracking 24h: 'OptimizedReportGenerator' object has no attribute 'SYMBOLS'
2025-06-03 03:14:00,900 - visualization.report_generator - INFO - 🔧 Khởi tạo OptimizedReportGenerator - Focus OI & Volume
2025-06-03 03:14:00,901 - visualization.report_generator - INFO - 📊 Tạo báo cáo tổng hợp hàng ngày
2025-06-03 03:14:02,371 - visualization.report_generator - INFO - 💾 Đã lưu báo cáo: daily_summary.json
2025-06-03 03:14:02,372 - visualization.report_generator - INFO - ✅ Hoàn thành báo cáo tổng hợp hàng ngày
2025-06-03 03:14:02,373 - visualization.report_generator - INFO - 🔄 Tạo dữ liệu tracking 24h cho web
2025-06-03 03:14:02,383 - visualization.report_generator - ERROR - ❌ Lỗi khi tạo dữ liệu tracking 24h: 'OptimizedReportGenerator' object has no attribute 'SYMBOLS'
2025-06-03 03:45:51,074 - visualization.report_generator - INFO - 🔧 Khởi tạo OptimizedReportGenerator - Focus OI & Volume
2025-06-03 03:45:51,074 - visualization.report_generator - INFO - 📊 Tạo báo cáo tổng hợp hàng ngày
2025-06-03 03:45:52,520 - visualization.report_generator - INFO - 💾 Đã lưu báo cáo: daily_summary.json
2025-06-03 03:45:52,520 - visualization.report_generator - INFO - ✅ Hoàn thành báo cáo tổng hợp hàng ngày
2025-06-03 03:45:52,521 - visualization.report_generator - INFO - 🔄 Tạo dữ liệu tracking 24h cho web
2025-06-03 03:45:52,531 - visualization.report_generator - ERROR - ❌ Lỗi khi tạo dữ liệu tracking 24h: 'OptimizedReportGenerator' object has no attribute 'SYMBOLS'
2025-06-03 04:17:42,889 - visualization.report_generator - INFO - 🔧 Khởi tạo OptimizedReportGenerator - Focus OI & Volume
2025-06-03 04:17:42,890 - visualization.report_generator - INFO - 📊 Tạo báo cáo tổng hợp hàng ngày
2025-06-03 04:17:44,252 - visualization.report_generator - INFO - 💾 Đã lưu báo cáo: daily_summary.json
2025-06-03 04:17:44,253 - visualization.report_generator - INFO - ✅ Hoàn thành báo cáo tổng hợp hàng ngày
2025-06-03 04:17:44,254 - visualization.report_generator - INFO - 🔄 Tạo dữ liệu tracking 24h cho web
2025-06-03 04:17:44,262 - visualization.report_generator - ERROR - ❌ Lỗi khi tạo dữ liệu tracking 24h: 'OptimizedReportGenerator' object has no attribute 'SYMBOLS'
2025-06-03 04:49:35,451 - visualization.report_generator - INFO - 🔧 Khởi tạo OptimizedReportGenerator - Focus OI & Volume
2025-06-03 04:49:35,452 - visualization.report_generator - INFO - 📊 Tạo báo cáo tổng hợp hàng ngày
2025-06-03 04:49:36,957 - visualization.report_generator - INFO - 💾 Đã lưu báo cáo: daily_summary.json
2025-06-03 04:49:36,958 - visualization.report_generator - INFO - ✅ Hoàn thành báo cáo tổng hợp hàng ngày
2025-06-03 04:49:36,959 - visualization.report_generator - INFO - 🔄 Tạo dữ liệu tracking 24h cho web
2025-06-03 04:49:36,968 - visualization.report_generator - ERROR - ❌ Lỗi khi tạo dữ liệu tracking 24h: 'OptimizedReportGenerator' object has no attribute 'SYMBOLS'
2025-06-03 05:21:17,369 - visualization.report_generator - INFO - 🔧 Khởi tạo OptimizedReportGenerator - Focus OI & Volume
2025-06-03 05:21:17,370 - visualization.report_generator - INFO - 📊 Tạo báo cáo tổng hợp hàng ngày
2025-06-03 05:21:18,714 - visualization.report_generator - INFO - 💾 Đã lưu báo cáo: daily_summary.json
2025-06-03 05:21:18,715 - visualization.report_generator - INFO - ✅ Hoàn thành báo cáo tổng hợp hàng ngày
2025-06-03 05:21:18,715 - visualization.report_generator - INFO - 🔄 Tạo dữ liệu tracking 24h cho web
2025-06-03 05:21:18,724 - visualization.report_generator - ERROR - ❌ Lỗi khi tạo dữ liệu tracking 24h: 'OptimizedReportGenerator' object has no attribute 'SYMBOLS'
2025-06-03 05:53:03,437 - visualization.report_generator - INFO - 🔧 Khởi tạo OptimizedReportGenerator - Focus OI & Volume
2025-06-03 05:53:03,437 - visualization.report_generator - INFO - 📊 Tạo báo cáo tổng hợp hàng ngày
2025-06-03 05:53:04,800 - visualization.report_generator - INFO - 💾 Đã lưu báo cáo: daily_summary.json
2025-06-03 05:53:04,800 - visualization.report_generator - INFO - ✅ Hoàn thành báo cáo tổng hợp hàng ngày
2025-06-03 05:53:04,801 - visualization.report_generator - INFO - 🔄 Tạo dữ liệu tracking 24h cho web
2025-06-03 05:53:04,810 - visualization.report_generator - ERROR - ❌ Lỗi khi tạo dữ liệu tracking 24h: 'OptimizedReportGenerator' object has no attribute 'SYMBOLS'
2025-06-03 06:24:56,421 - visualization.report_generator - INFO - 🔧 Khởi tạo OptimizedReportGenerator - Focus OI & Volume
2025-06-03 06:24:56,422 - visualization.report_generator - INFO - 📊 Tạo báo cáo tổng hợp hàng ngày
2025-06-03 06:24:57,783 - visualization.report_generator - INFO - 💾 Đã lưu báo cáo: daily_summary.json
2025-06-03 06:24:57,784 - visualization.report_generator - INFO - ✅ Hoàn thành báo cáo tổng hợp hàng ngày
2025-06-03 06:24:57,785 - visualization.report_generator - INFO - 🔄 Tạo dữ liệu tracking 24h cho web
2025-06-03 06:24:57,807 - visualization.report_generator - ERROR - ❌ Lỗi khi tạo dữ liệu tracking 24h: 'OptimizedReportGenerator' object has no attribute 'SYMBOLS'
2025-06-03 06:56:38,520 - visualization.report_generator - INFO - 🔧 Khởi tạo OptimizedReportGenerator - Focus OI & Volume
2025-06-03 06:56:38,521 - visualization.report_generator - INFO - 📊 Tạo báo cáo tổng hợp hàng ngày
2025-06-03 06:56:39,925 - visualization.report_generator - INFO - 💾 Đã lưu báo cáo: daily_summary.json
2025-06-03 06:56:39,925 - visualization.report_generator - INFO - ✅ Hoàn thành báo cáo tổng hợp hàng ngày
2025-06-03 06:56:39,926 - visualization.report_generator - INFO - 🔄 Tạo dữ liệu tracking 24h cho web
2025-06-03 06:56:39,935 - visualization.report_generator - ERROR - ❌ Lỗi khi tạo dữ liệu tracking 24h: 'OptimizedReportGenerator' object has no attribute 'SYMBOLS'
2025-06-03 07:28:20,745 - visualization.report_generator - INFO - 🔧 Khởi tạo OptimizedReportGenerator - Focus OI & Volume
2025-06-03 07:28:20,746 - visualization.report_generator - INFO - 📊 Tạo báo cáo tổng hợp hàng ngày
2025-06-03 07:28:22,156 - visualization.report_generator - INFO - 💾 Đã lưu báo cáo: daily_summary.json
2025-06-03 07:28:22,157 - visualization.report_generator - INFO - ✅ Hoàn thành báo cáo tổng hợp hàng ngày
2025-06-03 07:28:22,158 - visualization.report_generator - INFO - 🔄 Tạo dữ liệu tracking 24h cho web
2025-06-03 07:28:22,169 - visualization.report_generator - ERROR - ❌ Lỗi khi tạo dữ liệu tracking 24h: 'OptimizedReportGenerator' object has no attribute 'SYMBOLS'
2025-06-03 08:00:02,822 - visualization.report_generator - INFO - 🔧 Khởi tạo OptimizedReportGenerator - Focus OI & Volume
2025-06-03 08:00:02,823 - visualization.report_generator - INFO - 📊 Tạo báo cáo tổng hợp hàng ngày
2025-06-03 08:00:04,195 - visualization.report_generator - INFO - 💾 Đã lưu báo cáo: daily_summary.json
2025-06-03 08:00:04,195 - visualization.report_generator - INFO - ✅ Hoàn thành báo cáo tổng hợp hàng ngày
2025-06-03 08:00:04,196 - visualization.report_generator - INFO - 🔄 Tạo dữ liệu tracking 24h cho web
2025-06-03 08:00:04,205 - visualization.report_generator - ERROR - ❌ Lỗi khi tạo dữ liệu tracking 24h: 'OptimizedReportGenerator' object has no attribute 'SYMBOLS'
2025-06-03 08:31:44,620 - visualization.report_generator - INFO - 🔧 Khởi tạo OptimizedReportGenerator - Focus OI & Volume
2025-06-03 08:31:44,621 - visualization.report_generator - INFO - 📊 Tạo báo cáo tổng hợp hàng ngày
2025-06-03 08:31:45,959 - visualization.report_generator - INFO - 💾 Đã lưu báo cáo: daily_summary.json
2025-06-03 08:31:45,959 - visualization.report_generator - INFO - ✅ Hoàn thành báo cáo tổng hợp hàng ngày
2025-06-03 08:31:45,960 - visualization.report_generator - INFO - 🔄 Tạo dữ liệu tracking 24h cho web
2025-06-03 08:31:45,969 - visualization.report_generator - ERROR - ❌ Lỗi khi tạo dữ liệu tracking 24h: 'OptimizedReportGenerator' object has no attribute 'SYMBOLS'
2025-06-03 09:03:34,456 - visualization.report_generator - INFO - 🔧 Khởi tạo OptimizedReportGenerator - Focus OI & Volume
2025-06-03 09:03:34,456 - visualization.report_generator - INFO - 📊 Tạo báo cáo tổng hợp hàng ngày
2025-06-03 09:03:35,835 - visualization.report_generator - INFO - 💾 Đã lưu báo cáo: daily_summary.json
2025-06-03 09:03:35,836 - visualization.report_generator - INFO - ✅ Hoàn thành báo cáo tổng hợp hàng ngày
2025-06-03 09:03:35,837 - visualization.report_generator - INFO - 🔄 Tạo dữ liệu tracking 24h cho web
2025-06-03 09:03:35,845 - visualization.report_generator - ERROR - ❌ Lỗi khi tạo dữ liệu tracking 24h: 'OptimizedReportGenerator' object has no attribute 'SYMBOLS'
2025-06-03 09:35:17,041 - visualization.report_generator - INFO - 🔧 Khởi tạo OptimizedReportGenerator - Focus OI & Volume
2025-06-03 09:35:17,041 - visualization.report_generator - INFO - 📊 Tạo báo cáo tổng hợp hàng ngày
2025-06-03 09:35:18,432 - visualization.report_generator - INFO - 💾 Đã lưu báo cáo: daily_summary.json
2025-06-03 09:35:18,432 - visualization.report_generator - INFO - ✅ Hoàn thành báo cáo tổng hợp hàng ngày
2025-06-03 09:35:18,433 - visualization.report_generator - INFO - 🔄 Tạo dữ liệu tracking 24h cho web
2025-06-03 09:35:18,442 - visualization.report_generator - ERROR - ❌ Lỗi khi tạo dữ liệu tracking 24h: 'OptimizedReportGenerator' object has no attribute 'SYMBOLS'
2025-06-03 10:07:09,608 - visualization.report_generator - INFO - 🔧 Khởi tạo OptimizedReportGenerator - Focus OI & Volume
2025-06-03 10:07:09,608 - visualization.report_generator - INFO - 📊 Tạo báo cáo tổng hợp hàng ngày
2025-06-03 10:07:10,964 - visualization.report_generator - INFO - 💾 Đã lưu báo cáo: daily_summary.json
2025-06-03 10:07:10,964 - visualization.report_generator - INFO - ✅ Hoàn thành báo cáo tổng hợp hàng ngày
2025-06-03 10:07:10,965 - visualization.report_generator - INFO - 🔄 Tạo dữ liệu tracking 24h cho web
2025-06-03 10:07:10,974 - visualization.report_generator - ERROR - ❌ Lỗi khi tạo dữ liệu tracking 24h: 'OptimizedReportGenerator' object has no attribute 'SYMBOLS'
2025-06-03 10:39:01,554 - visualization.report_generator - INFO - 🔧 Khởi tạo OptimizedReportGenerator - Focus OI & Volume
2025-06-03 10:39:01,554 - visualization.report_generator - INFO - 📊 Tạo báo cáo tổng hợp hàng ngày
2025-06-03 10:39:02,969 - visualization.report_generator - INFO - 💾 Đã lưu báo cáo: daily_summary.json
2025-06-03 10:39:02,969 - visualization.report_generator - INFO - ✅ Hoàn thành báo cáo tổng hợp hàng ngày
2025-06-03 10:39:02,970 - visualization.report_generator - INFO - 🔄 Tạo dữ liệu tracking 24h cho web
2025-06-03 10:39:02,979 - visualization.report_generator - ERROR - ❌ Lỗi khi tạo dữ liệu tracking 24h: 'OptimizedReportGenerator' object has no attribute 'SYMBOLS'
2025-06-03 11:10:59,908 - visualization.report_generator - INFO - 🔧 Khởi tạo OptimizedReportGenerator - Focus OI & Volume
2025-06-03 11:10:59,908 - visualization.report_generator - INFO - 📊 Tạo báo cáo tổng hợp hàng ngày
2025-06-03 11:11:01,332 - visualization.report_generator - INFO - 💾 Đã lưu báo cáo: daily_summary.json
2025-06-03 11:11:01,333 - visualization.report_generator - INFO - ✅ Hoàn thành báo cáo tổng hợp hàng ngày
2025-06-03 11:11:01,334 - visualization.report_generator - INFO - 🔄 Tạo dữ liệu tracking 24h cho web
2025-06-03 11:11:01,342 - visualization.report_generator - ERROR - ❌ Lỗi khi tạo dữ liệu tracking 24h: 'OptimizedReportGenerator' object has no attribute 'SYMBOLS'
2025-06-03 11:42:54,551 - visualization.report_generator - INFO - 🔧 Khởi tạo OptimizedReportGenerator - Focus OI & Volume
2025-06-03 11:42:54,552 - visualization.report_generator - INFO - 📊 Tạo báo cáo tổng hợp hàng ngày
2025-06-03 11:42:55,976 - visualization.report_generator - INFO - 💾 Đã lưu báo cáo: daily_summary.json
2025-06-03 11:42:55,976 - visualization.report_generator - INFO - ✅ Hoàn thành báo cáo tổng hợp hàng ngày
2025-06-03 11:42:55,978 - visualization.report_generator - INFO - 🔄 Tạo dữ liệu tracking 24h cho web
2025-06-03 11:42:55,987 - visualization.report_generator - ERROR - ❌ Lỗi khi tạo dữ liệu tracking 24h: 'OptimizedReportGenerator' object has no attribute 'SYMBOLS'
2025-06-03 12:14:48,037 - visualization.report_generator - INFO - 🔧 Khởi tạo OptimizedReportGenerator - Focus OI & Volume
2025-06-03 12:14:48,038 - visualization.report_generator - INFO - 📊 Tạo báo cáo tổng hợp hàng ngày
2025-06-03 12:14:49,492 - visualization.report_generator - INFO - 💾 Đã lưu báo cáo: daily_summary.json
2025-06-03 12:14:49,493 - visualization.report_generator - INFO - ✅ Hoàn thành báo cáo tổng hợp hàng ngày
2025-06-03 12:14:49,494 - visualization.report_generator - INFO - 🔄 Tạo dữ liệu tracking 24h cho web
2025-06-03 12:14:49,503 - visualization.report_generator - ERROR - ❌ Lỗi khi tạo dữ liệu tracking 24h: 'OptimizedReportGenerator' object has no attribute 'SYMBOLS'
2025-06-03 12:46:55,988 - visualization.report_generator - INFO - 🔧 Khởi tạo OptimizedReportGenerator - Focus OI & Volume
2025-06-03 12:46:55,988 - visualization.report_generator - INFO - 📊 Tạo báo cáo tổng hợp hàng ngày
2025-06-03 12:46:57,372 - visualization.report_generator - INFO - 💾 Đã lưu báo cáo: daily_summary.json
2025-06-03 12:46:57,372 - visualization.report_generator - INFO - ✅ Hoàn thành báo cáo tổng hợp hàng ngày
2025-06-03 12:46:57,373 - visualization.report_generator - INFO - 🔄 Tạo dữ liệu tracking 24h cho web
2025-06-03 12:46:57,396 - visualization.report_generator - ERROR - ❌ Lỗi khi tạo dữ liệu tracking 24h: 'OptimizedReportGenerator' object has no attribute 'SYMBOLS'
2025-06-03 13:18:55,620 - visualization.report_generator - INFO - 🔧 Khởi tạo OptimizedReportGenerator - Focus OI & Volume
2025-06-03 13:18:55,621 - visualization.report_generator - INFO - 📊 Tạo báo cáo tổng hợp hàng ngày
2025-06-03 13:18:57,031 - visualization.report_generator - INFO - 💾 Đã lưu báo cáo: daily_summary.json
2025-06-03 13:18:57,031 - visualization.report_generator - INFO - ✅ Hoàn thành báo cáo tổng hợp hàng ngày
2025-06-03 13:18:57,032 - visualization.report_generator - INFO - 🔄 Tạo dữ liệu tracking 24h cho web
2025-06-03 13:18:57,041 - visualization.report_generator - ERROR - ❌ Lỗi khi tạo dữ liệu tracking 24h: 'OptimizedReportGenerator' object has no attribute 'SYMBOLS'
2025-06-03 13:50:48,362 - visualization.report_generator - INFO - 🔧 Khởi tạo OptimizedReportGenerator - Focus OI & Volume
2025-06-03 13:50:48,363 - visualization.report_generator - INFO - 📊 Tạo báo cáo tổng hợp hàng ngày
2025-06-03 13:50:49,931 - visualization.report_generator - INFO - 💾 Đã lưu báo cáo: daily_summary.json
2025-06-03 13:50:49,931 - visualization.report_generator - INFO - ✅ Hoàn thành báo cáo tổng hợp hàng ngày
2025-06-03 13:50:49,932 - visualization.report_generator - INFO - 🔄 Tạo dữ liệu tracking 24h cho web
2025-06-03 13:50:49,941 - visualization.report_generator - ERROR - ❌ Lỗi khi tạo dữ liệu tracking 24h: 'OptimizedReportGenerator' object has no attribute 'SYMBOLS'
2025-06-03 14:22:55,043 - visualization.report_generator - INFO - 🔧 Khởi tạo OptimizedReportGenerator - Focus OI & Volume
2025-06-03 14:22:55,044 - visualization.report_generator - INFO - 📊 Tạo báo cáo tổng hợp hàng ngày
2025-06-03 14:22:56,536 - visualization.report_generator - INFO - 💾 Đã lưu báo cáo: daily_summary.json
2025-06-03 14:22:56,537 - visualization.report_generator - INFO - ✅ Hoàn thành báo cáo tổng hợp hàng ngày
2025-06-03 14:22:56,538 - visualization.report_generator - INFO - 🔄 Tạo dữ liệu tracking 24h cho web
2025-06-03 14:22:56,560 - visualization.report_generator - ERROR - ❌ Lỗi khi tạo dữ liệu tracking 24h: 'OptimizedReportGenerator' object has no attribute 'SYMBOLS'
2025-06-03 14:54:51,147 - visualization.report_generator - INFO - 🔧 Khởi tạo OptimizedReportGenerator - Focus OI & Volume
2025-06-03 14:54:51,148 - visualization.report_generator - INFO - 📊 Tạo báo cáo tổng hợp hàng ngày
2025-06-03 14:54:52,657 - visualization.report_generator - INFO - 💾 Đã lưu báo cáo: daily_summary.json
2025-06-03 14:54:52,658 - visualization.report_generator - INFO - ✅ Hoàn thành báo cáo tổng hợp hàng ngày
2025-06-03 14:54:52,660 - visualization.report_generator - INFO - 🔄 Tạo dữ liệu tracking 24h cho web
2025-06-03 14:54:52,670 - visualization.report_generator - ERROR - ❌ Lỗi khi tạo dữ liệu tracking 24h: 'OptimizedReportGenerator' object has no attribute 'SYMBOLS'
2025-06-03 15:26:44,844 - visualization.report_generator - INFO - 🔧 Khởi tạo OptimizedReportGenerator - Focus OI & Volume
2025-06-03 15:26:44,844 - visualization.report_generator - INFO - 📊 Tạo báo cáo tổng hợp hàng ngày
2025-06-03 15:26:46,238 - visualization.report_generator - INFO - 💾 Đã lưu báo cáo: daily_summary.json
2025-06-03 15:26:46,239 - visualization.report_generator - INFO - ✅ Hoàn thành báo cáo tổng hợp hàng ngày
2025-06-03 15:26:46,240 - visualization.report_generator - INFO - 🔄 Tạo dữ liệu tracking 24h cho web
2025-06-03 15:26:46,248 - visualization.report_generator - ERROR - ❌ Lỗi khi tạo dữ liệu tracking 24h: 'OptimizedReportGenerator' object has no attribute 'SYMBOLS'
2025-06-03 15:58:40,472 - visualization.report_generator - INFO - 🔧 Khởi tạo OptimizedReportGenerator - Focus OI & Volume
2025-06-03 15:58:40,473 - visualization.report_generator - INFO - 📊 Tạo báo cáo tổng hợp hàng ngày
2025-06-03 15:58:41,872 - visualization.report_generator - INFO - 💾 Đã lưu báo cáo: daily_summary.json
2025-06-03 15:58:41,872 - visualization.report_generator - INFO - ✅ Hoàn thành báo cáo tổng hợp hàng ngày
2025-06-03 15:58:41,873 - visualization.report_generator - INFO - 🔄 Tạo dữ liệu tracking 24h cho web
2025-06-03 15:58:41,882 - visualization.report_generator - ERROR - ❌ Lỗi khi tạo dữ liệu tracking 24h: 'OptimizedReportGenerator' object has no attribute 'SYMBOLS'
2025-06-03 16:30:33,761 - visualization.report_generator - INFO - 🔧 Khởi tạo OptimizedReportGenerator - Focus OI & Volume
2025-06-03 16:30:33,762 - visualization.report_generator - INFO - 📊 Tạo báo cáo tổng hợp hàng ngày
2025-06-03 16:30:35,159 - visualization.report_generator - INFO - 💾 Đã lưu báo cáo: daily_summary.json
2025-06-03 16:30:35,159 - visualization.report_generator - INFO - ✅ Hoàn thành báo cáo tổng hợp hàng ngày
2025-06-03 16:30:35,161 - visualization.report_generator - INFO - 🔄 Tạo dữ liệu tracking 24h cho web
2025-06-03 16:30:35,170 - visualization.report_generator - ERROR - ❌ Lỗi khi tạo dữ liệu tracking 24h: 'OptimizedReportGenerator' object has no attribute 'SYMBOLS'
2025-06-03 17:03:25,155 - visualization.report_generator - INFO - 🔧 Khởi tạo OptimizedReportGenerator - Focus OI & Volume
2025-06-03 17:03:25,155 - visualization.report_generator - INFO - 📊 Tạo báo cáo tổng hợp hàng ngày
2025-06-03 17:03:26,603 - visualization.report_generator - INFO - 💾 Đã lưu báo cáo: daily_summary.json
2025-06-03 17:03:26,604 - visualization.report_generator - INFO - ✅ Hoàn thành báo cáo tổng hợp hàng ngày
2025-06-03 17:03:26,606 - visualization.report_generator - INFO - 🔄 Tạo dữ liệu tracking 24h cho web
2025-06-03 17:03:26,615 - visualization.report_generator - ERROR - ❌ Lỗi khi tạo dữ liệu tracking 24h: 'OptimizedReportGenerator' object has no attribute 'SYMBOLS'
2025-06-03 17:35:19,699 - visualization.report_generator - INFO - 🔧 Khởi tạo OptimizedReportGenerator - Focus OI & Volume
2025-06-03 17:35:19,699 - visualization.report_generator - INFO - 📊 Tạo báo cáo tổng hợp hàng ngày
2025-06-03 17:35:21,117 - visualization.report_generator - INFO - 💾 Đã lưu báo cáo: daily_summary.json
2025-06-03 17:35:21,117 - visualization.report_generator - INFO - ✅ Hoàn thành báo cáo tổng hợp hàng ngày
2025-06-03 17:35:21,119 - visualization.report_generator - INFO - 🔄 Tạo dữ liệu tracking 24h cho web
2025-06-03 17:35:21,128 - visualization.report_generator - ERROR - ❌ Lỗi khi tạo dữ liệu tracking 24h: 'OptimizedReportGenerator' object has no attribute 'SYMBOLS'
2025-06-03 18:07:35,878 - visualization.report_generator - INFO - 🔧 Khởi tạo OptimizedReportGenerator - Focus OI & Volume
2025-06-03 18:07:35,879 - visualization.report_generator - INFO - 📊 Tạo báo cáo tổng hợp hàng ngày
2025-06-03 18:07:37,427 - visualization.report_generator - INFO - 💾 Đã lưu báo cáo: daily_summary.json
2025-06-03 18:07:37,428 - visualization.report_generator - INFO - ✅ Hoàn thành báo cáo tổng hợp hàng ngày
2025-06-03 18:07:37,430 - visualization.report_generator - INFO - 🔄 Tạo dữ liệu tracking 24h cho web
2025-06-03 18:07:37,441 - visualization.report_generator - ERROR - ❌ Lỗi khi tạo dữ liệu tracking 24h: 'OptimizedReportGenerator' object has no attribute 'SYMBOLS'
2025-06-03 18:39:34,396 - visualization.report_generator - INFO - 🔧 Khởi tạo OptimizedReportGenerator - Focus OI & Volume
2025-06-03 18:39:34,397 - visualization.report_generator - INFO - 📊 Tạo báo cáo tổng hợp hàng ngày
2025-06-03 18:39:35,812 - visualization.report_generator - INFO - 💾 Đã lưu báo cáo: daily_summary.json
2025-06-03 18:39:35,813 - visualization.report_generator - INFO - ✅ Hoàn thành báo cáo tổng hợp hàng ngày
2025-06-03 18:39:35,814 - visualization.report_generator - INFO - 🔄 Tạo dữ liệu tracking 24h cho web
2025-06-03 18:39:35,824 - visualization.report_generator - ERROR - ❌ Lỗi khi tạo dữ liệu tracking 24h: 'OptimizedReportGenerator' object has no attribute 'SYMBOLS'
2025-06-03 19:11:29,498 - visualization.report_generator - INFO - 🔧 Khởi tạo OptimizedReportGenerator - Focus OI & Volume
2025-06-03 19:11:29,498 - visualization.report_generator - INFO - 📊 Tạo báo cáo tổng hợp hàng ngày
2025-06-03 19:11:30,965 - visualization.report_generator - INFO - 💾 Đã lưu báo cáo: daily_summary.json
2025-06-03 19:11:30,966 - visualization.report_generator - INFO - ✅ Hoàn thành báo cáo tổng hợp hàng ngày
2025-06-03 19:11:30,967 - visualization.report_generator - INFO - 🔄 Tạo dữ liệu tracking 24h cho web
2025-06-03 19:11:30,976 - visualization.report_generator - ERROR - ❌ Lỗi khi tạo dữ liệu tracking 24h: 'OptimizedReportGenerator' object has no attribute 'SYMBOLS'
2025-06-03 19:43:23,286 - visualization.report_generator - INFO - 🔧 Khởi tạo OptimizedReportGenerator - Focus OI & Volume
2025-06-03 19:43:23,286 - visualization.report_generator - INFO - 📊 Tạo báo cáo tổng hợp hàng ngày
2025-06-03 19:43:24,842 - visualization.report_generator - INFO - 💾 Đã lưu báo cáo: daily_summary.json
2025-06-03 19:43:24,843 - visualization.report_generator - INFO - ✅ Hoàn thành báo cáo tổng hợp hàng ngày
2025-06-03 19:43:24,844 - visualization.report_generator - INFO - 🔄 Tạo dữ liệu tracking 24h cho web
2025-06-03 19:43:24,854 - visualization.report_generator - ERROR - ❌ Lỗi khi tạo dữ liệu tracking 24h: 'OptimizedReportGenerator' object has no attribute 'SYMBOLS'
2025-06-03 20:01:53,132 - visualization.report_generator - INFO - 🔧 Khởi tạo OptimizedReportGenerator - Focus OI & Volume
2025-06-03 20:01:53,133 - visualization.report_generator - INFO - 📊 Tạo báo cáo tổng hợp hàng ngày
2025-06-03 20:01:54,714 - visualization.report_generator - INFO - 💾 Đã lưu báo cáo: daily_summary.json
2025-06-03 20:01:54,714 - visualization.report_generator - INFO - ✅ Hoàn thành báo cáo tổng hợp hàng ngày
2025-06-03 20:46:58,236 - visualization.report_generator - INFO - 🔧 Khởi tạo OptimizedReportGenerator - Focus OI & Volume
2025-06-03 20:46:58,237 - visualization.report_generator - INFO - 📊 Tạo báo cáo tổng hợp hàng ngày
2025-06-03 20:46:59,697 - visualization.report_generator - INFO - 💾 Đã lưu báo cáo: daily_summary.json
2025-06-03 20:46:59,697 - visualization.report_generator - INFO - ✅ Hoàn thành báo cáo tổng hợp hàng ngày
2025-06-03 20:46:59,698 - visualization.report_generator - INFO - 🔄 Tạo dữ liệu tracking 24h cho web
2025-06-03 20:46:59,708 - visualization.report_generator - ERROR - ❌ Lỗi khi tạo dữ liệu tracking 24h: 'OptimizedReportGenerator' object has no attribute 'SYMBOLS'
2025-06-03 21:18:50,622 - visualization.report_generator - INFO - 🔧 Khởi tạo OptimizedReportGenerator - Focus OI & Volume
2025-06-03 21:18:50,623 - visualization.report_generator - INFO - 📊 Tạo báo cáo tổng hợp hàng ngày
2025-06-03 21:18:52,183 - visualization.report_generator - INFO - 💾 Đã lưu báo cáo: daily_summary.json
2025-06-03 21:18:52,184 - visualization.report_generator - INFO - ✅ Hoàn thành báo cáo tổng hợp hàng ngày
2025-06-03 21:18:52,185 - visualization.report_generator - INFO - 🔄 Tạo dữ liệu tracking 24h cho web
2025-06-03 21:18:52,196 - visualization.report_generator - ERROR - ❌ Lỗi khi tạo dữ liệu tracking 24h: 'OptimizedReportGenerator' object has no attribute 'SYMBOLS'
2025-06-03 21:50:33,871 - visualization.report_generator - INFO - 🔧 Khởi tạo OptimizedReportGenerator - Focus OI & Volume
2025-06-03 21:50:33,871 - visualization.report_generator - INFO - 📊 Tạo báo cáo tổng hợp hàng ngày
2025-06-03 21:50:35,325 - visualization.report_generator - INFO - 💾 Đã lưu báo cáo: daily_summary.json
2025-06-03 21:50:35,326 - visualization.report_generator - INFO - ✅ Hoàn thành báo cáo tổng hợp hàng ngày
2025-06-03 21:50:35,327 - visualization.report_generator - INFO - 🔄 Tạo dữ liệu tracking 24h cho web
2025-06-03 21:50:35,344 - visualization.report_generator - ERROR - ❌ Lỗi khi tạo dữ liệu tracking 24h: 'OptimizedReportGenerator' object has no attribute 'SYMBOLS'
2025-06-03 22:22:17,343 - visualization.report_generator - INFO - 🔧 Khởi tạo OptimizedReportGenerator - Focus OI & Volume
2025-06-03 22:22:17,343 - visualization.report_generator - INFO - 📊 Tạo báo cáo tổng hợp hàng ngày
2025-06-03 22:22:18,774 - visualization.report_generator - INFO - 💾 Đã lưu báo cáo: daily_summary.json
2025-06-03 22:22:18,775 - visualization.report_generator - INFO - ✅ Hoàn thành báo cáo tổng hợp hàng ngày
2025-06-03 22:22:18,776 - visualization.report_generator - INFO - 🔄 Tạo dữ liệu tracking 24h cho web
2025-06-03 22:22:18,785 - visualization.report_generator - ERROR - ❌ Lỗi khi tạo dữ liệu tracking 24h: 'OptimizedReportGenerator' object has no attribute 'SYMBOLS'
2025-06-03 22:54:18,659 - visualization.report_generator - INFO - 🔧 Khởi tạo OptimizedReportGenerator - Focus OI & Volume
2025-06-03 22:54:18,659 - visualization.report_generator - INFO - 📊 Tạo báo cáo tổng hợp hàng ngày
2025-06-03 22:54:20,073 - visualization.report_generator - INFO - 💾 Đã lưu báo cáo: daily_summary.json
2025-06-03 22:54:20,073 - visualization.report_generator - INFO - ✅ Hoàn thành báo cáo tổng hợp hàng ngày
2025-06-03 22:54:20,073 - visualization.report_generator - INFO - 🔄 Tạo dữ liệu tracking 24h cho web
2025-06-03 22:54:20,083 - visualization.report_generator - ERROR - ❌ Lỗi khi tạo dữ liệu tracking 24h: 'OptimizedReportGenerator' object has no attribute 'SYMBOLS'
2025-06-03 23:26:12,212 - visualization.report_generator - INFO - 🔧 Khởi tạo OptimizedReportGenerator - Focus OI & Volume
2025-06-03 23:26:12,213 - visualization.report_generator - INFO - 📊 Tạo báo cáo tổng hợp hàng ngày
2025-06-03 23:26:13,768 - visualization.report_generator - INFO - 💾 Đã lưu báo cáo: daily_summary.json
2025-06-03 23:26:13,769 - visualization.report_generator - INFO - ✅ Hoàn thành báo cáo tổng hợp hàng ngày
2025-06-03 23:26:13,769 - visualization.report_generator - INFO - 🔄 Tạo dữ liệu tracking 24h cho web
2025-06-03 23:26:13,780 - visualization.report_generator - ERROR - ❌ Lỗi khi tạo dữ liệu tracking 24h: 'OptimizedReportGenerator' object has no attribute 'SYMBOLS'
2025-06-03 23:58:10,688 - visualization.report_generator - INFO - 🔧 Khởi tạo OptimizedReportGenerator - Focus OI & Volume
2025-06-03 23:58:10,689 - visualization.report_generator - INFO - 📊 Tạo báo cáo tổng hợp hàng ngày
2025-06-03 23:58:12,058 - visualization.report_generator - INFO - 💾 Đã lưu báo cáo: daily_summary.json
2025-06-03 23:58:12,058 - visualization.report_generator - INFO - ✅ Hoàn thành báo cáo tổng hợp hàng ngày
2025-06-03 23:58:12,059 - visualization.report_generator - INFO - 🔄 Tạo dữ liệu tracking 24h cho web
2025-06-03 23:58:12,069 - visualization.report_generator - ERROR - ❌ Lỗi khi tạo dữ liệu tracking 24h: 'OptimizedReportGenerator' object has no attribute 'SYMBOLS'
2025-06-04 00:34:22,237 - visualization.report_generator - INFO - 🔧 Khởi tạo OptimizedReportGenerator - Focus OI & Volume
2025-06-04 00:34:22,238 - visualization.report_generator - INFO - 📊 Tạo báo cáo tổng hợp hàng ngày
2025-06-04 00:34:23,704 - visualization.report_generator - INFO - 💾 Đã lưu báo cáo: daily_summary.json
2025-06-04 00:34:23,705 - visualization.report_generator - INFO - ✅ Hoàn thành báo cáo tổng hợp hàng ngày
2025-06-04 00:34:23,705 - visualization.report_generator - INFO - 🔄 Tạo dữ liệu tracking 24h cho web
2025-06-04 00:34:23,715 - visualization.report_generator - ERROR - ❌ Lỗi khi tạo dữ liệu tracking 24h: 'OptimizedReportGenerator' object has no attribute 'SYMBOLS'
2025-06-04 01:06:19,753 - visualization.report_generator - INFO - 🔧 Khởi tạo OptimizedReportGenerator - Focus OI & Volume
2025-06-04 01:06:19,754 - visualization.report_generator - INFO - 📊 Tạo báo cáo tổng hợp hàng ngày
2025-06-04 01:06:21,183 - visualization.report_generator - INFO - 💾 Đã lưu báo cáo: daily_summary.json
2025-06-04 01:06:21,184 - visualization.report_generator - INFO - ✅ Hoàn thành báo cáo tổng hợp hàng ngày
2025-06-04 01:06:21,185 - visualization.report_generator - INFO - 🔄 Tạo dữ liệu tracking 24h cho web
2025-06-04 01:06:21,195 - visualization.report_generator - ERROR - ❌ Lỗi khi tạo dữ liệu tracking 24h: 'OptimizedReportGenerator' object has no attribute 'SYMBOLS'
2025-06-04 01:38:12,574 - visualization.report_generator - INFO - 🔧 Khởi tạo OptimizedReportGenerator - Focus OI & Volume
2025-06-04 01:38:12,575 - visualization.report_generator - INFO - 📊 Tạo báo cáo tổng hợp hàng ngày
2025-06-04 01:38:14,264 - visualization.report_generator - INFO - 💾 Đã lưu báo cáo: daily_summary.json
2025-06-04 01:38:14,265 - visualization.report_generator - INFO - ✅ Hoàn thành báo cáo tổng hợp hàng ngày
2025-06-04 01:38:14,266 - visualization.report_generator - INFO - 🔄 Tạo dữ liệu tracking 24h cho web
2025-06-04 01:38:14,277 - visualization.report_generator - ERROR - ❌ Lỗi khi tạo dữ liệu tracking 24h: 'OptimizedReportGenerator' object has no attribute 'SYMBOLS'
2025-06-04 02:10:08,144 - visualization.report_generator - INFO - 🔧 Khởi tạo OptimizedReportGenerator - Focus OI & Volume
2025-06-04 02:10:08,145 - visualization.report_generator - INFO - 📊 Tạo báo cáo tổng hợp hàng ngày
2025-06-04 02:10:09,530 - visualization.report_generator - INFO - 💾 Đã lưu báo cáo: daily_summary.json
2025-06-04 02:10:09,530 - visualization.report_generator - INFO - ✅ Hoàn thành báo cáo tổng hợp hàng ngày
2025-06-04 02:10:09,531 - visualization.report_generator - INFO - 🔄 Tạo dữ liệu tracking 24h cho web
2025-06-04 02:10:09,540 - visualization.report_generator - ERROR - ❌ Lỗi khi tạo dữ liệu tracking 24h: 'OptimizedReportGenerator' object has no attribute 'SYMBOLS'
2025-06-04 02:42:02,129 - visualization.report_generator - INFO - 🔧 Khởi tạo OptimizedReportGenerator - Focus OI & Volume
2025-06-04 02:42:02,130 - visualization.report_generator - INFO - 📊 Tạo báo cáo tổng hợp hàng ngày
2025-06-04 02:42:03,613 - visualization.report_generator - INFO - 💾 Đã lưu báo cáo: daily_summary.json
2025-06-04 02:42:03,614 - visualization.report_generator - INFO - ✅ Hoàn thành báo cáo tổng hợp hàng ngày
2025-06-04 02:42:03,615 - visualization.report_generator - INFO - 🔄 Tạo dữ liệu tracking 24h cho web
2025-06-04 02:42:03,625 - visualization.report_generator - ERROR - ❌ Lỗi khi tạo dữ liệu tracking 24h: 'OptimizedReportGenerator' object has no attribute 'SYMBOLS'
2025-06-04 03:14:11,706 - visualization.report_generator - INFO - 🔧 Khởi tạo OptimizedReportGenerator - Focus OI & Volume
2025-06-04 03:14:11,706 - visualization.report_generator - INFO - 📊 Tạo báo cáo tổng hợp hàng ngày
2025-06-04 03:14:13,120 - visualization.report_generator - INFO - 💾 Đã lưu báo cáo: daily_summary.json
2025-06-04 03:14:13,120 - visualization.report_generator - INFO - ✅ Hoàn thành báo cáo tổng hợp hàng ngày
2025-06-04 03:14:13,121 - visualization.report_generator - INFO - 🔄 Tạo dữ liệu tracking 24h cho web
2025-06-04 03:14:13,131 - visualization.report_generator - ERROR - ❌ Lỗi khi tạo dữ liệu tracking 24h: 'OptimizedReportGenerator' object has no attribute 'SYMBOLS'
2025-06-04 03:46:04,007 - visualization.report_generator - INFO - 🔧 Khởi tạo OptimizedReportGenerator - Focus OI & Volume
2025-06-04 03:46:04,007 - visualization.report_generator - INFO - 📊 Tạo báo cáo tổng hợp hàng ngày
2025-06-04 03:46:05,383 - visualization.report_generator - INFO - 💾 Đã lưu báo cáo: daily_summary.json
2025-06-04 03:46:05,384 - visualization.report_generator - INFO - ✅ Hoàn thành báo cáo tổng hợp hàng ngày
2025-06-04 03:46:05,384 - visualization.report_generator - INFO - 🔄 Tạo dữ liệu tracking 24h cho web
2025-06-04 03:46:05,394 - visualization.report_generator - ERROR - ❌ Lỗi khi tạo dữ liệu tracking 24h: 'OptimizedReportGenerator' object has no attribute 'SYMBOLS'
2025-06-04 04:17:55,925 - visualization.report_generator - INFO - 🔧 Khởi tạo OptimizedReportGenerator - Focus OI & Volume
2025-06-04 04:17:55,926 - visualization.report_generator - INFO - 📊 Tạo báo cáo tổng hợp hàng ngày
2025-06-04 04:17:57,334 - visualization.report_generator - INFO - 💾 Đã lưu báo cáo: daily_summary.json
2025-06-04 04:17:57,335 - visualization.report_generator - INFO - ✅ Hoàn thành báo cáo tổng hợp hàng ngày
2025-06-04 04:17:57,336 - visualization.report_generator - INFO - 🔄 Tạo dữ liệu tracking 24h cho web
2025-06-04 04:17:57,345 - visualization.report_generator - ERROR - ❌ Lỗi khi tạo dữ liệu tracking 24h: 'OptimizedReportGenerator' object has no attribute 'SYMBOLS'
2025-06-04 04:50:07,808 - visualization.report_generator - INFO - 🔧 Khởi tạo OptimizedReportGenerator - Focus OI & Volume
2025-06-04 04:50:07,809 - visualization.report_generator - INFO - 📊 Tạo báo cáo tổng hợp hàng ngày
2025-06-04 04:50:09,189 - visualization.report_generator - INFO - 💾 Đã lưu báo cáo: daily_summary.json
2025-06-04 04:50:09,190 - visualization.report_generator - INFO - ✅ Hoàn thành báo cáo tổng hợp hàng ngày
2025-06-04 04:50:09,190 - visualization.report_generator - INFO - 🔄 Tạo dữ liệu tracking 24h cho web
2025-06-04 04:50:09,202 - visualization.report_generator - ERROR - ❌ Lỗi khi tạo dữ liệu tracking 24h: 'OptimizedReportGenerator' object has no attribute 'SYMBOLS'
2025-06-04 05:21:57,991 - visualization.report_generator - INFO - 🔧 Khởi tạo OptimizedReportGenerator - Focus OI & Volume
2025-06-04 05:21:57,992 - visualization.report_generator - INFO - 📊 Tạo báo cáo tổng hợp hàng ngày
2025-06-04 05:21:59,449 - visualization.report_generator - INFO - 💾 Đã lưu báo cáo: daily_summary.json
2025-06-04 05:21:59,449 - visualization.report_generator - INFO - ✅ Hoàn thành báo cáo tổng hợp hàng ngày
2025-06-04 05:21:59,450 - visualization.report_generator - INFO - 🔄 Tạo dữ liệu tracking 24h cho web
2025-06-04 05:21:59,460 - visualization.report_generator - ERROR - ❌ Lỗi khi tạo dữ liệu tracking 24h: 'OptimizedReportGenerator' object has no attribute 'SYMBOLS'
2025-06-04 05:53:50,605 - visualization.report_generator - INFO - 🔧 Khởi tạo OptimizedReportGenerator - Focus OI & Volume
2025-06-04 05:53:50,606 - visualization.report_generator - INFO - 📊 Tạo báo cáo tổng hợp hàng ngày
2025-06-04 05:53:52,033 - visualization.report_generator - INFO - 💾 Đã lưu báo cáo: daily_summary.json
2025-06-04 05:53:52,034 - visualization.report_generator - INFO - ✅ Hoàn thành báo cáo tổng hợp hàng ngày
2025-06-04 05:53:52,035 - visualization.report_generator - INFO - 🔄 Tạo dữ liệu tracking 24h cho web
2025-06-04 05:53:52,046 - visualization.report_generator - ERROR - ❌ Lỗi khi tạo dữ liệu tracking 24h: 'OptimizedReportGenerator' object has no attribute 'SYMBOLS'
2025-06-04 06:25:42,323 - visualization.report_generator - INFO - 🔧 Khởi tạo OptimizedReportGenerator - Focus OI & Volume
2025-06-04 06:25:42,324 - visualization.report_generator - INFO - 📊 Tạo báo cáo tổng hợp hàng ngày
2025-06-04 06:25:43,762 - visualization.report_generator - INFO - 💾 Đã lưu báo cáo: daily_summary.json
2025-06-04 06:25:43,762 - visualization.report_generator - INFO - ✅ Hoàn thành báo cáo tổng hợp hàng ngày
2025-06-04 06:25:43,763 - visualization.report_generator - INFO - 🔄 Tạo dữ liệu tracking 24h cho web
2025-06-04 06:25:43,773 - visualization.report_generator - ERROR - ❌ Lỗi khi tạo dữ liệu tracking 24h: 'OptimizedReportGenerator' object has no attribute 'SYMBOLS'
2025-06-04 06:57:32,910 - visualization.report_generator - INFO - 🔧 Khởi tạo OptimizedReportGenerator - Focus OI & Volume
2025-06-04 06:57:32,911 - visualization.report_generator - INFO - 📊 Tạo báo cáo tổng hợp hàng ngày
2025-06-04 06:57:34,308 - visualization.report_generator - INFO - 💾 Đã lưu báo cáo: daily_summary.json
2025-06-04 06:57:34,309 - visualization.report_generator - INFO - ✅ Hoàn thành báo cáo tổng hợp hàng ngày
2025-06-04 06:57:34,310 - visualization.report_generator - INFO - 🔄 Tạo dữ liệu tracking 24h cho web
2025-06-04 06:57:34,319 - visualization.report_generator - ERROR - ❌ Lỗi khi tạo dữ liệu tracking 24h: 'OptimizedReportGenerator' object has no attribute 'SYMBOLS'
2025-06-04 07:29:25,834 - visualization.report_generator - INFO - 🔧 Khởi tạo OptimizedReportGenerator - Focus OI & Volume
2025-06-04 07:29:25,834 - visualization.report_generator - INFO - 📊 Tạo báo cáo tổng hợp hàng ngày
2025-06-04 07:29:27,239 - visualization.report_generator - INFO - 💾 Đã lưu báo cáo: daily_summary.json
2025-06-04 07:29:27,239 - visualization.report_generator - INFO - ✅ Hoàn thành báo cáo tổng hợp hàng ngày
2025-06-04 07:29:27,240 - visualization.report_generator - INFO - 🔄 Tạo dữ liệu tracking 24h cho web
2025-06-04 07:29:27,249 - visualization.report_generator - ERROR - ❌ Lỗi khi tạo dữ liệu tracking 24h: 'OptimizedReportGenerator' object has no attribute 'SYMBOLS'
2025-06-04 08:01:19,115 - visualization.report_generator - INFO - 🔧 Khởi tạo OptimizedReportGenerator - Focus OI & Volume
2025-06-04 08:01:19,116 - visualization.report_generator - INFO - 📊 Tạo báo cáo tổng hợp hàng ngày
2025-06-04 08:01:20,591 - visualization.report_generator - INFO - 💾 Đã lưu báo cáo: daily_summary.json
2025-06-04 08:01:20,592 - visualization.report_generator - INFO - ✅ Hoàn thành báo cáo tổng hợp hàng ngày
2025-06-04 08:01:20,593 - visualization.report_generator - INFO - 🔄 Tạo dữ liệu tracking 24h cho web
2025-06-04 08:01:20,611 - visualization.report_generator - ERROR - ❌ Lỗi khi tạo dữ liệu tracking 24h: 'OptimizedReportGenerator' object has no attribute 'SYMBOLS'
2025-06-04 08:33:01,484 - visualization.report_generator - INFO - 🔧 Khởi tạo OptimizedReportGenerator - Focus OI & Volume
2025-06-04 08:33:01,485 - visualization.report_generator - INFO - 📊 Tạo báo cáo tổng hợp hàng ngày
2025-06-04 08:33:02,952 - visualization.report_generator - INFO - 💾 Đã lưu báo cáo: daily_summary.json
2025-06-04 08:33:02,953 - visualization.report_generator - INFO - ✅ Hoàn thành báo cáo tổng hợp hàng ngày
2025-06-04 08:33:02,954 - visualization.report_generator - INFO - 🔄 Tạo dữ liệu tracking 24h cho web
2025-06-04 08:33:02,963 - visualization.report_generator - ERROR - ❌ Lỗi khi tạo dữ liệu tracking 24h: 'OptimizedReportGenerator' object has no attribute 'SYMBOLS'
2025-06-04 09:04:44,989 - visualization.report_generator - INFO - 🔧 Khởi tạo OptimizedReportGenerator - Focus OI & Volume
2025-06-04 09:04:44,990 - visualization.report_generator - INFO - 📊 Tạo báo cáo tổng hợp hàng ngày
2025-06-04 09:04:46,397 - visualization.report_generator - INFO - 💾 Đã lưu báo cáo: daily_summary.json
2025-06-04 09:04:46,397 - visualization.report_generator - INFO - ✅ Hoàn thành báo cáo tổng hợp hàng ngày
2025-06-04 09:04:46,398 - visualization.report_generator - INFO - 🔄 Tạo dữ liệu tracking 24h cho web
2025-06-04 09:04:46,408 - visualization.report_generator - ERROR - ❌ Lỗi khi tạo dữ liệu tracking 24h: 'OptimizedReportGenerator' object has no attribute 'SYMBOLS'
2025-06-04 09:36:37,157 - visualization.report_generator - INFO - 🔧 Khởi tạo OptimizedReportGenerator - Focus OI & Volume
2025-06-04 09:36:37,158 - visualization.report_generator - INFO - 📊 Tạo báo cáo tổng hợp hàng ngày
2025-06-04 09:36:38,554 - visualization.report_generator - INFO - 💾 Đã lưu báo cáo: daily_summary.json
2025-06-04 09:36:38,555 - visualization.report_generator - INFO - ✅ Hoàn thành báo cáo tổng hợp hàng ngày
2025-06-04 09:36:38,556 - visualization.report_generator - INFO - 🔄 Tạo dữ liệu tracking 24h cho web
2025-06-04 09:36:38,565 - visualization.report_generator - ERROR - ❌ Lỗi khi tạo dữ liệu tracking 24h: 'OptimizedReportGenerator' object has no attribute 'SYMBOLS'
2025-06-04 10:08:31,741 - visualization.report_generator - INFO - 🔧 Khởi tạo OptimizedReportGenerator - Focus OI & Volume
2025-06-04 10:08:31,742 - visualization.report_generator - INFO - 📊 Tạo báo cáo tổng hợp hàng ngày
2025-06-04 10:08:33,152 - visualization.report_generator - INFO - 💾 Đã lưu báo cáo: daily_summary.json
2025-06-04 10:08:33,152 - visualization.report_generator - INFO - ✅ Hoàn thành báo cáo tổng hợp hàng ngày
2025-06-04 10:08:33,153 - visualization.report_generator - INFO - 🔄 Tạo dữ liệu tracking 24h cho web
2025-06-04 10:08:33,162 - visualization.report_generator - ERROR - ❌ Lỗi khi tạo dữ liệu tracking 24h: 'OptimizedReportGenerator' object has no attribute 'SYMBOLS'
2025-06-04 10:40:24,354 - visualization.report_generator - INFO - 🔧 Khởi tạo OptimizedReportGenerator - Focus OI & Volume
2025-06-04 10:40:24,354 - visualization.report_generator - INFO - 📊 Tạo báo cáo tổng hợp hàng ngày
2025-06-04 10:40:25,724 - visualization.report_generator - INFO - 💾 Đã lưu báo cáo: daily_summary.json
2025-06-04 10:40:25,725 - visualization.report_generator - INFO - ✅ Hoàn thành báo cáo tổng hợp hàng ngày
2025-06-04 10:40:25,726 - visualization.report_generator - INFO - 🔄 Tạo dữ liệu tracking 24h cho web
2025-06-04 10:40:25,735 - visualization.report_generator - ERROR - ❌ Lỗi khi tạo dữ liệu tracking 24h: 'OptimizedReportGenerator' object has no attribute 'SYMBOLS'
2025-06-04 11:12:19,371 - visualization.report_generator - INFO - 🔧 Khởi tạo OptimizedReportGenerator - Focus OI & Volume
2025-06-04 11:12:19,372 - visualization.report_generator - INFO - 📊 Tạo báo cáo tổng hợp hàng ngày
2025-06-04 11:12:20,739 - visualization.report_generator - INFO - 💾 Đã lưu báo cáo: daily_summary.json
2025-06-04 11:12:20,740 - visualization.report_generator - INFO - ✅ Hoàn thành báo cáo tổng hợp hàng ngày
2025-06-04 11:12:20,741 - visualization.report_generator - INFO - 🔄 Tạo dữ liệu tracking 24h cho web
2025-06-04 11:12:20,750 - visualization.report_generator - ERROR - ❌ Lỗi khi tạo dữ liệu tracking 24h: 'OptimizedReportGenerator' object has no attribute 'SYMBOLS'
2025-06-04 11:44:05,180 - visualization.report_generator - INFO - 🔧 Khởi tạo OptimizedReportGenerator - Focus OI & Volume
2025-06-04 11:44:05,181 - visualization.report_generator - INFO - 📊 Tạo báo cáo tổng hợp hàng ngày
2025-06-04 11:44:06,639 - visualization.report_generator - INFO - 💾 Đã lưu báo cáo: daily_summary.json
2025-06-04 11:44:06,640 - visualization.report_generator - INFO - ✅ Hoàn thành báo cáo tổng hợp hàng ngày
2025-06-04 11:44:06,641 - visualization.report_generator - INFO - 🔄 Tạo dữ liệu tracking 24h cho web
2025-06-04 11:44:06,652 - visualization.report_generator - ERROR - ❌ Lỗi khi tạo dữ liệu tracking 24h: 'OptimizedReportGenerator' object has no attribute 'SYMBOLS'
2025-06-04 12:15:57,681 - visualization.report_generator - INFO - 🔧 Khởi tạo OptimizedReportGenerator - Focus OI & Volume
2025-06-04 12:15:57,682 - visualization.report_generator - INFO - 📊 Tạo báo cáo tổng hợp hàng ngày
2025-06-04 12:15:59,152 - visualization.report_generator - INFO - 💾 Đã lưu báo cáo: daily_summary.json
2025-06-04 12:15:59,152 - visualization.report_generator - INFO - ✅ Hoàn thành báo cáo tổng hợp hàng ngày
2025-06-04 12:15:59,153 - visualization.report_generator - INFO - 🔄 Tạo dữ liệu tracking 24h cho web
2025-06-04 12:15:59,163 - visualization.report_generator - ERROR - ❌ Lỗi khi tạo dữ liệu tracking 24h: 'OptimizedReportGenerator' object has no attribute 'SYMBOLS'
2025-06-04 12:47:50,122 - visualization.report_generator - INFO - 🔧 Khởi tạo OptimizedReportGenerator - Focus OI & Volume
2025-06-04 12:47:50,122 - visualization.report_generator - INFO - 📊 Tạo báo cáo tổng hợp hàng ngày
2025-06-04 12:47:51,577 - visualization.report_generator - INFO - 💾 Đã lưu báo cáo: daily_summary.json
2025-06-04 12:47:51,577 - visualization.report_generator - INFO - ✅ Hoàn thành báo cáo tổng hợp hàng ngày
2025-06-04 12:47:51,579 - visualization.report_generator - INFO - 🔄 Tạo dữ liệu tracking 24h cho web
2025-06-04 12:47:51,588 - visualization.report_generator - ERROR - ❌ Lỗi khi tạo dữ liệu tracking 24h: 'OptimizedReportGenerator' object has no attribute 'SYMBOLS'
2025-06-04 13:19:57,501 - visualization.report_generator - INFO - 🔧 Khởi tạo OptimizedReportGenerator - Focus OI & Volume
2025-06-04 13:19:57,502 - visualization.report_generator - INFO - 📊 Tạo báo cáo tổng hợp hàng ngày
2025-06-04 13:19:58,989 - visualization.report_generator - INFO - 💾 Đã lưu báo cáo: daily_summary.json
2025-06-04 13:19:58,989 - visualization.report_generator - INFO - ✅ Hoàn thành báo cáo tổng hợp hàng ngày
2025-06-04 13:19:58,990 - visualization.report_generator - INFO - 🔄 Tạo dữ liệu tracking 24h cho web
2025-06-04 13:19:59,000 - visualization.report_generator - ERROR - ❌ Lỗi khi tạo dữ liệu tracking 24h: 'OptimizedReportGenerator' object has no attribute 'SYMBOLS'
2025-06-04 13:51:50,697 - visualization.report_generator - INFO - 🔧 Khởi tạo OptimizedReportGenerator - Focus OI & Volume
2025-06-04 13:51:50,698 - visualization.report_generator - INFO - 📊 Tạo báo cáo tổng hợp hàng ngày
2025-06-04 13:51:52,187 - visualization.report_generator - INFO - 💾 Đã lưu báo cáo: daily_summary.json
2025-06-04 13:51:52,188 - visualization.report_generator - INFO - ✅ Hoàn thành báo cáo tổng hợp hàng ngày
2025-06-04 13:51:52,189 - visualization.report_generator - INFO - 🔄 Tạo dữ liệu tracking 24h cho web
2025-06-04 13:51:52,200 - visualization.report_generator - ERROR - ❌ Lỗi khi tạo dữ liệu tracking 24h: 'OptimizedReportGenerator' object has no attribute 'SYMBOLS'
2025-06-04 14:23:42,843 - visualization.report_generator - INFO - 🔧 Khởi tạo OptimizedReportGenerator - Focus OI & Volume
2025-06-04 14:23:42,844 - visualization.report_generator - INFO - 📊 Tạo báo cáo tổng hợp hàng ngày
2025-06-04 14:23:44,235 - visualization.report_generator - INFO - 💾 Đã lưu báo cáo: daily_summary.json
2025-06-04 14:23:44,236 - visualization.report_generator - INFO - ✅ Hoàn thành báo cáo tổng hợp hàng ngày
2025-06-04 14:23:44,236 - visualization.report_generator - INFO - 🔄 Tạo dữ liệu tracking 24h cho web
2025-06-04 14:23:44,246 - visualization.report_generator - ERROR - ❌ Lỗi khi tạo dữ liệu tracking 24h: 'OptimizedReportGenerator' object has no attribute 'SYMBOLS'
2025-06-04 14:55:36,107 - visualization.report_generator - INFO - 🔧 Khởi tạo OptimizedReportGenerator - Focus OI & Volume
2025-06-04 14:55:36,108 - visualization.report_generator - INFO - 📊 Tạo báo cáo tổng hợp hàng ngày
2025-06-04 14:55:37,661 - visualization.report_generator - INFO - 💾 Đã lưu báo cáo: daily_summary.json
2025-06-04 14:55:37,662 - visualization.report_generator - INFO - ✅ Hoàn thành báo cáo tổng hợp hàng ngày
2025-06-04 14:55:37,663 - visualization.report_generator - INFO - 🔄 Tạo dữ liệu tracking 24h cho web
2025-06-04 14:55:37,674 - visualization.report_generator - ERROR - ❌ Lỗi khi tạo dữ liệu tracking 24h: 'OptimizedReportGenerator' object has no attribute 'SYMBOLS'
2025-06-04 15:27:28,919 - visualization.report_generator - INFO - 🔧 Khởi tạo OptimizedReportGenerator - Focus OI & Volume
2025-06-04 15:27:28,919 - visualization.report_generator - INFO - 📊 Tạo báo cáo tổng hợp hàng ngày
2025-06-04 15:27:30,388 - visualization.report_generator - INFO - 💾 Đã lưu báo cáo: daily_summary.json
2025-06-04 15:27:30,388 - visualization.report_generator - INFO - ✅ Hoàn thành báo cáo tổng hợp hàng ngày
2025-06-04 15:27:30,389 - visualization.report_generator - INFO - 🔄 Tạo dữ liệu tracking 24h cho web
2025-06-04 15:27:30,399 - visualization.report_generator - ERROR - ❌ Lỗi khi tạo dữ liệu tracking 24h: 'OptimizedReportGenerator' object has no attribute 'SYMBOLS'
2025-06-04 15:59:21,444 - visualization.report_generator - INFO - 🔧 Khởi tạo OptimizedReportGenerator - Focus OI & Volume
2025-06-04 15:59:21,444 - visualization.report_generator - INFO - 📊 Tạo báo cáo tổng hợp hàng ngày
2025-06-04 15:59:22,953 - visualization.report_generator - INFO - 💾 Đã lưu báo cáo: daily_summary.json
2025-06-04 15:59:22,953 - visualization.report_generator - INFO - ✅ Hoàn thành báo cáo tổng hợp hàng ngày
2025-06-04 15:59:22,954 - visualization.report_generator - INFO - 🔄 Tạo dữ liệu tracking 24h cho web
2025-06-04 15:59:22,964 - visualization.report_generator - ERROR - ❌ Lỗi khi tạo dữ liệu tracking 24h: 'OptimizedReportGenerator' object has no attribute 'SYMBOLS'
2025-06-04 16:31:13,825 - visualization.report_generator - INFO - 🔧 Khởi tạo OptimizedReportGenerator - Focus OI & Volume
2025-06-04 16:31:13,825 - visualization.report_generator - INFO - 📊 Tạo báo cáo tổng hợp hàng ngày
2025-06-04 16:31:15,304 - visualization.report_generator - INFO - 💾 Đã lưu báo cáo: daily_summary.json
2025-06-04 16:31:15,305 - visualization.report_generator - INFO - ✅ Hoàn thành báo cáo tổng hợp hàng ngày
2025-06-04 16:31:15,305 - visualization.report_generator - INFO - 🔄 Tạo dữ liệu tracking 24h cho web
2025-06-04 16:31:15,315 - visualization.report_generator - ERROR - ❌ Lỗi khi tạo dữ liệu tracking 24h: 'OptimizedReportGenerator' object has no attribute 'SYMBOLS'
2025-06-04 17:03:37,832 - visualization.report_generator - INFO - 🔧 Khởi tạo OptimizedReportGenerator - Focus OI & Volume
2025-06-04 17:03:37,833 - visualization.report_generator - INFO - 📊 Tạo báo cáo tổng hợp hàng ngày
2025-06-04 17:03:39,301 - visualization.report_generator - INFO - 💾 Đã lưu báo cáo: daily_summary.json
2025-06-04 17:03:39,302 - visualization.report_generator - INFO - ✅ Hoàn thành báo cáo tổng hợp hàng ngày
2025-06-04 17:03:39,303 - visualization.report_generator - INFO - 🔄 Tạo dữ liệu tracking 24h cho web
2025-06-04 17:03:39,313 - visualization.report_generator - ERROR - ❌ Lỗi khi tạo dữ liệu tracking 24h: 'OptimizedReportGenerator' object has no attribute 'SYMBOLS'
2025-06-04 17:35:30,054 - visualization.report_generator - INFO - 🔧 Khởi tạo OptimizedReportGenerator - Focus OI & Volume
2025-06-04 17:35:30,054 - visualization.report_generator - INFO - 📊 Tạo báo cáo tổng hợp hàng ngày
2025-06-04 17:35:31,510 - visualization.report_generator - INFO - 💾 Đã lưu báo cáo: daily_summary.json
2025-06-04 17:35:31,512 - visualization.report_generator - INFO - ✅ Hoàn thành báo cáo tổng hợp hàng ngày
2025-06-04 17:35:31,513 - visualization.report_generator - INFO - 🔄 Tạo dữ liệu tracking 24h cho web
2025-06-04 17:35:31,537 - visualization.report_generator - ERROR - ❌ Lỗi khi tạo dữ liệu tracking 24h: 'OptimizedReportGenerator' object has no attribute 'SYMBOLS'
2025-06-04 18:07:23,022 - visualization.report_generator - INFO - 🔧 Khởi tạo OptimizedReportGenerator - Focus OI & Volume
2025-06-04 18:07:23,023 - visualization.report_generator - INFO - 📊 Tạo báo cáo tổng hợp hàng ngày
2025-06-04 18:07:24,521 - visualization.report_generator - INFO - 💾 Đã lưu báo cáo: daily_summary.json
2025-06-04 18:07:24,521 - visualization.report_generator - INFO - ✅ Hoàn thành báo cáo tổng hợp hàng ngày
2025-06-04 18:07:24,522 - visualization.report_generator - INFO - 🔄 Tạo dữ liệu tracking 24h cho web
2025-06-04 18:07:24,532 - visualization.report_generator - ERROR - ❌ Lỗi khi tạo dữ liệu tracking 24h: 'OptimizedReportGenerator' object has no attribute 'SYMBOLS'
2025-06-04 18:39:15,356 - visualization.report_generator - INFO - 🔧 Khởi tạo OptimizedReportGenerator - Focus OI & Volume
2025-06-04 18:39:15,357 - visualization.report_generator - INFO - 📊 Tạo báo cáo tổng hợp hàng ngày
2025-06-04 18:39:16,813 - visualization.report_generator - INFO - 💾 Đã lưu báo cáo: daily_summary.json
2025-06-04 18:39:16,813 - visualization.report_generator - INFO - ✅ Hoàn thành báo cáo tổng hợp hàng ngày
2025-06-04 18:39:16,814 - visualization.report_generator - INFO - 🔄 Tạo dữ liệu tracking 24h cho web
2025-06-04 18:39:16,824 - visualization.report_generator - ERROR - ❌ Lỗi khi tạo dữ liệu tracking 24h: 'OptimizedReportGenerator' object has no attribute 'SYMBOLS'
2025-06-04 19:11:08,046 - visualization.report_generator - INFO - 🔧 Khởi tạo OptimizedReportGenerator - Focus OI & Volume
2025-06-04 19:11:08,046 - visualization.report_generator - INFO - 📊 Tạo báo cáo tổng hợp hàng ngày
2025-06-04 19:11:09,442 - visualization.report_generator - INFO - 💾 Đã lưu báo cáo: daily_summary.json
2025-06-04 19:11:09,442 - visualization.report_generator - INFO - ✅ Hoàn thành báo cáo tổng hợp hàng ngày
2025-06-04 19:11:09,443 - visualization.report_generator - INFO - 🔄 Tạo dữ liệu tracking 24h cho web
2025-06-04 19:11:09,453 - visualization.report_generator - ERROR - ❌ Lỗi khi tạo dữ liệu tracking 24h: 'OptimizedReportGenerator' object has no attribute 'SYMBOLS'
2025-06-04 19:42:50,610 - visualization.report_generator - INFO - 🔧 Khởi tạo OptimizedReportGenerator - Focus OI & Volume
2025-06-04 19:42:50,611 - visualization.report_generator - INFO - 📊 Tạo báo cáo tổng hợp hàng ngày
2025-06-04 19:42:52,140 - visualization.report_generator - INFO - 💾 Đã lưu báo cáo: daily_summary.json
2025-06-04 19:42:52,141 - visualization.report_generator - INFO - ✅ Hoàn thành báo cáo tổng hợp hàng ngày
2025-06-04 19:42:52,142 - visualization.report_generator - INFO - 🔄 Tạo dữ liệu tracking 24h cho web
2025-06-04 19:42:52,154 - visualization.report_generator - ERROR - ❌ Lỗi khi tạo dữ liệu tracking 24h: 'OptimizedReportGenerator' object has no attribute 'SYMBOLS'
2025-06-04 20:01:46,452 - visualization.report_generator - INFO - 🔧 Khởi tạo OptimizedReportGenerator - Focus OI & Volume
2025-06-04 20:01:46,453 - visualization.report_generator - INFO - 📊 Tạo báo cáo tổng hợp hàng ngày
2025-06-04 20:01:47,993 - visualization.report_generator - INFO - 💾 Đã lưu báo cáo: daily_summary.json
2025-06-04 20:01:47,994 - visualization.report_generator - INFO - ✅ Hoàn thành báo cáo tổng hợp hàng ngày
2025-06-05 14:28:45,169 - visualization.report_generator - INFO - 🔧 Khởi tạo OptimizedReportGenerator - Focus OI & Volume
2025-06-05 14:28:45,170 - visualization.report_generator - INFO - 📊 Tạo báo cáo tổng hợp hàng ngày
2025-06-05 14:28:46,585 - visualization.report_generator - INFO - 💾 Đã lưu báo cáo: daily_summary.json
2025-06-05 14:28:46,585 - visualization.report_generator - INFO - ✅ Hoàn thành báo cáo tổng hợp hàng ngày
2025-06-05 14:28:46,586 - visualization.report_generator - INFO - 🔄 Tạo dữ liệu tracking 24h cho web
2025-06-05 14:28:46,592 - visualization.report_generator - ERROR - ❌ Lỗi khi tạo dữ liệu tracking 24h: 'OptimizedReportGenerator' object has no attribute 'SYMBOLS'
2025-06-05 15:00:40,834 - visualization.report_generator - INFO - 🔧 Khởi tạo OptimizedReportGenerator - Focus OI & Volume
2025-06-05 15:00:40,835 - visualization.report_generator - INFO - 📊 Tạo báo cáo tổng hợp hàng ngày
2025-06-05 15:00:42,251 - visualization.report_generator - INFO - 💾 Đã lưu báo cáo: daily_summary.json
2025-06-05 15:00:42,252 - visualization.report_generator - INFO - ✅ Hoàn thành báo cáo tổng hợp hàng ngày
2025-06-05 15:00:42,253 - visualization.report_generator - INFO - 🔄 Tạo dữ liệu tracking 24h cho web
2025-06-05 15:00:42,259 - visualization.report_generator - ERROR - ❌ Lỗi khi tạo dữ liệu tracking 24h: 'OptimizedReportGenerator' object has no attribute 'SYMBOLS'
2025-06-05 15:32:34,686 - visualization.report_generator - INFO - 🔧 Khởi tạo OptimizedReportGenerator - Focus OI & Volume
2025-06-05 15:32:34,686 - visualization.report_generator - INFO - 📊 Tạo báo cáo tổng hợp hàng ngày
2025-06-05 15:32:36,064 - visualization.report_generator - INFO - 💾 Đã lưu báo cáo: daily_summary.json
2025-06-05 15:32:36,064 - visualization.report_generator - INFO - ✅ Hoàn thành báo cáo tổng hợp hàng ngày
2025-06-05 15:32:36,065 - visualization.report_generator - INFO - 🔄 Tạo dữ liệu tracking 24h cho web
2025-06-05 15:32:36,071 - visualization.report_generator - ERROR - ❌ Lỗi khi tạo dữ liệu tracking 24h: 'OptimizedReportGenerator' object has no attribute 'SYMBOLS'
2025-06-05 16:04:27,351 - visualization.report_generator - INFO - 🔧 Khởi tạo OptimizedReportGenerator - Focus OI & Volume
2025-06-05 16:04:27,351 - visualization.report_generator - INFO - 📊 Tạo báo cáo tổng hợp hàng ngày
2025-06-05 16:04:28,761 - visualization.report_generator - INFO - 💾 Đã lưu báo cáo: daily_summary.json
2025-06-05 16:04:28,761 - visualization.report_generator - INFO - ✅ Hoàn thành báo cáo tổng hợp hàng ngày
2025-06-05 16:04:28,762 - visualization.report_generator - INFO - 🔄 Tạo dữ liệu tracking 24h cho web
2025-06-05 16:04:28,768 - visualization.report_generator - ERROR - ❌ Lỗi khi tạo dữ liệu tracking 24h: 'OptimizedReportGenerator' object has no attribute 'SYMBOLS'
2025-06-05 16:36:21,416 - visualization.report_generator - INFO - 🔧 Khởi tạo OptimizedReportGenerator - Focus OI & Volume
2025-06-05 16:36:21,416 - visualization.report_generator - INFO - 📊 Tạo báo cáo tổng hợp hàng ngày
2025-06-05 16:36:22,885 - visualization.report_generator - INFO - 💾 Đã lưu báo cáo: daily_summary.json
2025-06-05 16:36:22,886 - visualization.report_generator - INFO - ✅ Hoàn thành báo cáo tổng hợp hàng ngày
2025-06-05 16:36:22,887 - visualization.report_generator - INFO - 🔄 Tạo dữ liệu tracking 24h cho web
2025-06-05 16:36:22,893 - visualization.report_generator - ERROR - ❌ Lỗi khi tạo dữ liệu tracking 24h: 'OptimizedReportGenerator' object has no attribute 'SYMBOLS'
2025-06-05 17:08:13,546 - visualization.report_generator - INFO - 🔧 Khởi tạo OptimizedReportGenerator - Focus OI & Volume
2025-06-05 17:08:13,546 - visualization.report_generator - INFO - 📊 Tạo báo cáo tổng hợp hàng ngày
2025-06-05 17:08:14,915 - visualization.report_generator - INFO - 💾 Đã lưu báo cáo: daily_summary.json
2025-06-05 17:08:14,915 - visualization.report_generator - INFO - ✅ Hoàn thành báo cáo tổng hợp hàng ngày
2025-06-05 17:08:14,916 - visualization.report_generator - INFO - 🔄 Tạo dữ liệu tracking 24h cho web
2025-06-05 17:08:14,922 - visualization.report_generator - ERROR - ❌ Lỗi khi tạo dữ liệu tracking 24h: 'OptimizedReportGenerator' object has no attribute 'SYMBOLS'
2025-06-05 17:40:06,059 - visualization.report_generator - INFO - 🔧 Khởi tạo OptimizedReportGenerator - Focus OI & Volume
2025-06-05 17:40:06,060 - visualization.report_generator - INFO - 📊 Tạo báo cáo tổng hợp hàng ngày
2025-06-05 17:40:07,482 - visualization.report_generator - INFO - 💾 Đã lưu báo cáo: daily_summary.json
2025-06-05 17:40:07,482 - visualization.report_generator - INFO - ✅ Hoàn thành báo cáo tổng hợp hàng ngày
2025-06-05 17:40:07,483 - visualization.report_generator - INFO - 🔄 Tạo dữ liệu tracking 24h cho web
2025-06-05 17:40:07,490 - visualization.report_generator - ERROR - ❌ Lỗi khi tạo dữ liệu tracking 24h: 'OptimizedReportGenerator' object has no attribute 'SYMBOLS'
2025-06-05 18:11:59,195 - visualization.report_generator - INFO - 🔧 Khởi tạo OptimizedReportGenerator - Focus OI & Volume
2025-06-05 18:11:59,195 - visualization.report_generator - INFO - 📊 Tạo báo cáo tổng hợp hàng ngày
2025-06-05 18:12:00,633 - visualization.report_generator - INFO - 💾 Đã lưu báo cáo: daily_summary.json
2025-06-05 18:12:00,633 - visualization.report_generator - INFO - ✅ Hoàn thành báo cáo tổng hợp hàng ngày
2025-06-05 18:12:00,635 - visualization.report_generator - INFO - 🔄 Tạo dữ liệu tracking 24h cho web
2025-06-05 18:12:00,641 - visualization.report_generator - ERROR - ❌ Lỗi khi tạo dữ liệu tracking 24h: 'OptimizedReportGenerator' object has no attribute 'SYMBOLS'
2025-06-05 18:43:54,890 - visualization.report_generator - INFO - 🔧 Khởi tạo OptimizedReportGenerator - Focus OI & Volume
2025-06-05 18:43:54,890 - visualization.report_generator - INFO - 📊 Tạo báo cáo tổng hợp hàng ngày
2025-06-05 18:43:56,275 - visualization.report_generator - INFO - 💾 Đã lưu báo cáo: daily_summary.json
2025-06-05 18:43:56,275 - visualization.report_generator - INFO - ✅ Hoàn thành báo cáo tổng hợp hàng ngày
2025-06-05 18:43:56,276 - visualization.report_generator - INFO - 🔄 Tạo dữ liệu tracking 24h cho web
2025-06-05 18:43:56,282 - visualization.report_generator - ERROR - ❌ Lỗi khi tạo dữ liệu tracking 24h: 'OptimizedReportGenerator' object has no attribute 'SYMBOLS'
2025-06-05 19:15:50,198 - visualization.report_generator - INFO - 🔧 Khởi tạo OptimizedReportGenerator - Focus OI & Volume
2025-06-05 19:15:50,199 - visualization.report_generator - INFO - 📊 Tạo báo cáo tổng hợp hàng ngày
2025-06-05 19:15:51,741 - visualization.report_generator - INFO - 💾 Đã lưu báo cáo: daily_summary.json
2025-06-05 19:15:51,741 - visualization.report_generator - INFO - ✅ Hoàn thành báo cáo tổng hợp hàng ngày
2025-06-05 19:15:51,742 - visualization.report_generator - INFO - 🔄 Tạo dữ liệu tracking 24h cho web
2025-06-05 19:15:51,749 - visualization.report_generator - ERROR - ❌ Lỗi khi tạo dữ liệu tracking 24h: 'OptimizedReportGenerator' object has no attribute 'SYMBOLS'
2025-06-05 19:47:45,612 - visualization.report_generator - INFO - 🔧 Khởi tạo OptimizedReportGenerator - Focus OI & Volume
2025-06-05 19:47:45,612 - visualization.report_generator - INFO - 📊 Tạo báo cáo tổng hợp hàng ngày
2025-06-05 19:47:46,966 - visualization.report_generator - INFO - 💾 Đã lưu báo cáo: daily_summary.json
2025-06-05 19:47:46,966 - visualization.report_generator - INFO - ✅ Hoàn thành báo cáo tổng hợp hàng ngày
2025-06-05 19:47:46,967 - visualization.report_generator - INFO - 🔄 Tạo dữ liệu tracking 24h cho web
2025-06-05 19:47:46,973 - visualization.report_generator - ERROR - ❌ Lỗi khi tạo dữ liệu tracking 24h: 'OptimizedReportGenerator' object has no attribute 'SYMBOLS'
2025-06-05 20:02:04,533 - visualization.report_generator - INFO - 🔧 Khởi tạo OptimizedReportGenerator - Focus OI & Volume
2025-06-05 20:02:04,534 - visualization.report_generator - INFO - 📊 Tạo báo cáo tổng hợp hàng ngày
2025-06-05 20:02:05,973 - visualization.report_generator - INFO - 💾 Đã lưu báo cáo: daily_summary.json
2025-06-05 20:02:05,974 - visualization.report_generator - INFO - ✅ Hoàn thành báo cáo tổng hợp hàng ngày
2025-06-05 20:19:37,683 - visualization.report_generator - INFO - 🔧 Khởi tạo OptimizedReportGenerator - Focus OI & Volume
2025-06-05 20:19:37,684 - visualization.report_generator - INFO - 📊 Tạo báo cáo tổng hợp hàng ngày
2025-06-05 20:19:39,080 - visualization.report_generator - INFO - 💾 Đã lưu báo cáo: daily_summary.json
2025-06-05 20:19:39,081 - visualization.report_generator - INFO - ✅ Hoàn thành báo cáo tổng hợp hàng ngày
2025-06-05 20:19:39,082 - visualization.report_generator - INFO - 🔄 Tạo dữ liệu tracking 24h cho web
2025-06-05 20:19:39,087 - visualization.report_generator - ERROR - ❌ Lỗi khi tạo dữ liệu tracking 24h: 'OptimizedReportGenerator' object has no attribute 'SYMBOLS'
2025-06-05 20:51:32,760 - visualization.report_generator - INFO - 🔧 Khởi tạo OptimizedReportGenerator - Focus OI & Volume
2025-06-05 20:51:32,760 - visualization.report_generator - INFO - 📊 Tạo báo cáo tổng hợp hàng ngày
2025-06-05 20:51:34,216 - visualization.report_generator - INFO - 💾 Đã lưu báo cáo: daily_summary.json
2025-06-05 20:51:34,217 - visualization.report_generator - INFO - ✅ Hoàn thành báo cáo tổng hợp hàng ngày
2025-06-05 20:51:34,218 - visualization.report_generator - INFO - 🔄 Tạo dữ liệu tracking 24h cho web
2025-06-05 20:51:34,224 - visualization.report_generator - ERROR - ❌ Lỗi khi tạo dữ liệu tracking 24h: 'OptimizedReportGenerator' object has no attribute 'SYMBOLS'
2025-06-05 21:23:28,022 - visualization.report_generator - INFO - 🔧 Khởi tạo OptimizedReportGenerator - Focus OI & Volume
2025-06-05 21:23:28,023 - visualization.report_generator - INFO - 📊 Tạo báo cáo tổng hợp hàng ngày
2025-06-05 21:23:29,543 - visualization.report_generator - INFO - 💾 Đã lưu báo cáo: daily_summary.json
2025-06-05 21:23:29,543 - visualization.report_generator - INFO - ✅ Hoàn thành báo cáo tổng hợp hàng ngày
2025-06-05 21:23:29,544 - visualization.report_generator - INFO - 🔄 Tạo dữ liệu tracking 24h cho web
2025-06-05 21:23:29,551 - visualization.report_generator - ERROR - ❌ Lỗi khi tạo dữ liệu tracking 24h: 'OptimizedReportGenerator' object has no attribute 'SYMBOLS'
2025-06-05 21:55:22,336 - visualization.report_generator - INFO - 🔧 Khởi tạo OptimizedReportGenerator - Focus OI & Volume
2025-06-05 21:55:22,337 - visualization.report_generator - INFO - 📊 Tạo báo cáo tổng hợp hàng ngày
2025-06-05 21:55:23,860 - visualization.report_generator - INFO - 💾 Đã lưu báo cáo: daily_summary.json
2025-06-05 21:55:23,860 - visualization.report_generator - INFO - ✅ Hoàn thành báo cáo tổng hợp hàng ngày
2025-06-05 21:55:23,861 - visualization.report_generator - INFO - 🔄 Tạo dữ liệu tracking 24h cho web
2025-06-05 21:55:23,867 - visualization.report_generator - ERROR - ❌ Lỗi khi tạo dữ liệu tracking 24h: 'OptimizedReportGenerator' object has no attribute 'SYMBOLS'
2025-06-05 22:27:15,989 - visualization.report_generator - INFO - 🔧 Khởi tạo OptimizedReportGenerator - Focus OI & Volume
2025-06-05 22:27:15,990 - visualization.report_generator - INFO - 📊 Tạo báo cáo tổng hợp hàng ngày
2025-06-05 22:27:17,524 - visualization.report_generator - INFO - 💾 Đã lưu báo cáo: daily_summary.json
2025-06-05 22:27:17,525 - visualization.report_generator - INFO - ✅ Hoàn thành báo cáo tổng hợp hàng ngày
2025-06-05 22:27:17,526 - visualization.report_generator - INFO - 🔄 Tạo dữ liệu tracking 24h cho web
2025-06-05 22:27:17,532 - visualization.report_generator - ERROR - ❌ Lỗi khi tạo dữ liệu tracking 24h: 'OptimizedReportGenerator' object has no attribute 'SYMBOLS'
2025-06-05 22:59:10,088 - visualization.report_generator - INFO - 🔧 Khởi tạo OptimizedReportGenerator - Focus OI & Volume
2025-06-05 22:59:10,088 - visualization.report_generator - INFO - 📊 Tạo báo cáo tổng hợp hàng ngày
2025-06-05 22:59:11,469 - visualization.report_generator - INFO - 💾 Đã lưu báo cáo: daily_summary.json
2025-06-05 22:59:11,469 - visualization.report_generator - INFO - ✅ Hoàn thành báo cáo tổng hợp hàng ngày
2025-06-05 22:59:11,470 - visualization.report_generator - INFO - 🔄 Tạo dữ liệu tracking 24h cho web
2025-06-05 22:59:11,476 - visualization.report_generator - ERROR - ❌ Lỗi khi tạo dữ liệu tracking 24h: 'OptimizedReportGenerator' object has no attribute 'SYMBOLS'
2025-06-05 23:31:05,343 - visualization.report_generator - INFO - 🔧 Khởi tạo OptimizedReportGenerator - Focus OI & Volume
2025-06-05 23:31:05,344 - visualization.report_generator - INFO - 📊 Tạo báo cáo tổng hợp hàng ngày
2025-06-05 23:31:06,739 - visualization.report_generator - INFO - 💾 Đã lưu báo cáo: daily_summary.json
2025-06-05 23:31:06,739 - visualization.report_generator - INFO - ✅ Hoàn thành báo cáo tổng hợp hàng ngày
2025-06-05 23:31:06,740 - visualization.report_generator - INFO - 🔄 Tạo dữ liệu tracking 24h cho web
2025-06-05 23:31:06,747 - visualization.report_generator - ERROR - ❌ Lỗi khi tạo dữ liệu tracking 24h: 'OptimizedReportGenerator' object has no attribute 'SYMBOLS'
2025-06-06 00:03:26,577 - visualization.report_generator - INFO - 🔧 Khởi tạo OptimizedReportGenerator - Focus OI & Volume
2025-06-06 00:03:26,577 - visualization.report_generator - INFO - 📊 Tạo báo cáo tổng hợp hàng ngày
2025-06-06 00:03:28,008 - visualization.report_generator - INFO - 💾 Đã lưu báo cáo: daily_summary.json
2025-06-06 00:03:28,008 - visualization.report_generator - INFO - ✅ Hoàn thành báo cáo tổng hợp hàng ngày
2025-06-06 00:03:28,009 - visualization.report_generator - INFO - 🔄 Tạo dữ liệu tracking 24h cho web
2025-06-06 00:03:28,016 - visualization.report_generator - ERROR - ❌ Lỗi khi tạo dữ liệu tracking 24h: 'OptimizedReportGenerator' object has no attribute 'SYMBOLS'
2025-06-06 00:35:19,502 - visualization.report_generator - INFO - 🔧 Khởi tạo OptimizedReportGenerator - Focus OI & Volume
2025-06-06 00:35:19,503 - visualization.report_generator - INFO - 📊 Tạo báo cáo tổng hợp hàng ngày
2025-06-06 00:35:21,114 - visualization.report_generator - INFO - 💾 Đã lưu báo cáo: daily_summary.json
2025-06-06 00:35:21,114 - visualization.report_generator - INFO - ✅ Hoàn thành báo cáo tổng hợp hàng ngày
2025-06-06 00:35:21,115 - visualization.report_generator - INFO - 🔄 Tạo dữ liệu tracking 24h cho web
2025-06-06 00:35:21,123 - visualization.report_generator - ERROR - ❌ Lỗi khi tạo dữ liệu tracking 24h: 'OptimizedReportGenerator' object has no attribute 'SYMBOLS'
2025-06-06 01:07:12,791 - visualization.report_generator - INFO - 🔧 Khởi tạo OptimizedReportGenerator - Focus OI & Volume
2025-06-06 01:07:12,792 - visualization.report_generator - INFO - 📊 Tạo báo cáo tổng hợp hàng ngày
2025-06-06 01:07:14,242 - visualization.report_generator - INFO - 💾 Đã lưu báo cáo: daily_summary.json
2025-06-06 01:07:14,242 - visualization.report_generator - INFO - ✅ Hoàn thành báo cáo tổng hợp hàng ngày
2025-06-06 01:07:14,243 - visualization.report_generator - INFO - 🔄 Tạo dữ liệu tracking 24h cho web
2025-06-06 01:07:14,251 - visualization.report_generator - ERROR - ❌ Lỗi khi tạo dữ liệu tracking 24h: 'OptimizedReportGenerator' object has no attribute 'SYMBOLS'
2025-06-06 01:39:05,892 - visualization.report_generator - INFO - 🔧 Khởi tạo OptimizedReportGenerator - Focus OI & Volume
2025-06-06 01:39:05,892 - visualization.report_generator - INFO - 📊 Tạo báo cáo tổng hợp hàng ngày
2025-06-06 01:39:07,375 - visualization.report_generator - INFO - 💾 Đã lưu báo cáo: daily_summary.json
2025-06-06 01:39:07,376 - visualization.report_generator - INFO - ✅ Hoàn thành báo cáo tổng hợp hàng ngày
2025-06-06 01:39:07,377 - visualization.report_generator - INFO - 🔄 Tạo dữ liệu tracking 24h cho web
2025-06-06 01:39:07,386 - visualization.report_generator - ERROR - ❌ Lỗi khi tạo dữ liệu tracking 24h: 'OptimizedReportGenerator' object has no attribute 'SYMBOLS'
2025-06-06 02:10:57,709 - visualization.report_generator - INFO - 🔧 Khởi tạo OptimizedReportGenerator - Focus OI & Volume
2025-06-06 02:10:57,710 - visualization.report_generator - INFO - 📊 Tạo báo cáo tổng hợp hàng ngày
2025-06-06 02:10:59,178 - visualization.report_generator - INFO - 💾 Đã lưu báo cáo: daily_summary.json
2025-06-06 02:10:59,178 - visualization.report_generator - INFO - ✅ Hoàn thành báo cáo tổng hợp hàng ngày
2025-06-06 02:10:59,179 - visualization.report_generator - INFO - 🔄 Tạo dữ liệu tracking 24h cho web
2025-06-06 02:10:59,187 - visualization.report_generator - ERROR - ❌ Lỗi khi tạo dữ liệu tracking 24h: 'OptimizedReportGenerator' object has no attribute 'SYMBOLS'
2025-06-06 02:42:50,717 - visualization.report_generator - INFO - 🔧 Khởi tạo OptimizedReportGenerator - Focus OI & Volume
2025-06-06 02:42:50,717 - visualization.report_generator - INFO - 📊 Tạo báo cáo tổng hợp hàng ngày
2025-06-06 02:42:52,235 - visualization.report_generator - INFO - 💾 Đã lưu báo cáo: daily_summary.json
2025-06-06 02:42:52,236 - visualization.report_generator - INFO - ✅ Hoàn thành báo cáo tổng hợp hàng ngày
2025-06-06 02:42:52,237 - visualization.report_generator - INFO - 🔄 Tạo dữ liệu tracking 24h cho web
2025-06-06 02:42:52,245 - visualization.report_generator - ERROR - ❌ Lỗi khi tạo dữ liệu tracking 24h: 'OptimizedReportGenerator' object has no attribute 'SYMBOLS'
2025-06-06 03:14:41,106 - visualization.report_generator - INFO - 🔧 Khởi tạo OptimizedReportGenerator - Focus OI & Volume
2025-06-06 03:14:41,106 - visualization.report_generator - INFO - 📊 Tạo báo cáo tổng hợp hàng ngày
2025-06-06 03:14:42,681 - visualization.report_generator - INFO - 💾 Đã lưu báo cáo: daily_summary.json
2025-06-06 03:14:42,682 - visualization.report_generator - INFO - ✅ Hoàn thành báo cáo tổng hợp hàng ngày
2025-06-06 03:14:42,683 - visualization.report_generator - INFO - 🔄 Tạo dữ liệu tracking 24h cho web
2025-06-06 03:14:42,690 - visualization.report_generator - ERROR - ❌ Lỗi khi tạo dữ liệu tracking 24h: 'OptimizedReportGenerator' object has no attribute 'SYMBOLS'
2025-06-06 03:46:34,524 - visualization.report_generator - INFO - 🔧 Khởi tạo OptimizedReportGenerator - Focus OI & Volume
2025-06-06 03:46:34,524 - visualization.report_generator - INFO - 📊 Tạo báo cáo tổng hợp hàng ngày
2025-06-06 03:46:35,965 - visualization.report_generator - INFO - 💾 Đã lưu báo cáo: daily_summary.json
2025-06-06 03:46:35,966 - visualization.report_generator - INFO - ✅ Hoàn thành báo cáo tổng hợp hàng ngày
2025-06-06 03:46:35,966 - visualization.report_generator - INFO - 🔄 Tạo dữ liệu tracking 24h cho web
2025-06-06 03:46:35,974 - visualization.report_generator - ERROR - ❌ Lỗi khi tạo dữ liệu tracking 24h: 'OptimizedReportGenerator' object has no attribute 'SYMBOLS'
2025-06-06 04:18:26,316 - visualization.report_generator - INFO - 🔧 Khởi tạo OptimizedReportGenerator - Focus OI & Volume
2025-06-06 04:18:26,317 - visualization.report_generator - INFO - 📊 Tạo báo cáo tổng hợp hàng ngày
2025-06-06 04:18:27,752 - visualization.report_generator - INFO - 💾 Đã lưu báo cáo: daily_summary.json
2025-06-06 04:18:27,752 - visualization.report_generator - INFO - ✅ Hoàn thành báo cáo tổng hợp hàng ngày
2025-06-06 04:18:27,753 - visualization.report_generator - INFO - 🔄 Tạo dữ liệu tracking 24h cho web
2025-06-06 04:18:27,761 - visualization.report_generator - ERROR - ❌ Lỗi khi tạo dữ liệu tracking 24h: 'OptimizedReportGenerator' object has no attribute 'SYMBOLS'
2025-06-06 04:50:18,553 - visualization.report_generator - INFO - 🔧 Khởi tạo OptimizedReportGenerator - Focus OI & Volume
2025-06-06 04:50:18,553 - visualization.report_generator - INFO - 📊 Tạo báo cáo tổng hợp hàng ngày
2025-06-06 04:50:20,022 - visualization.report_generator - INFO - 💾 Đã lưu báo cáo: daily_summary.json
2025-06-06 04:50:20,022 - visualization.report_generator - INFO - ✅ Hoàn thành báo cáo tổng hợp hàng ngày
2025-06-06 04:50:20,023 - visualization.report_generator - INFO - 🔄 Tạo dữ liệu tracking 24h cho web
2025-06-06 04:50:20,031 - visualization.report_generator - ERROR - ❌ Lỗi khi tạo dữ liệu tracking 24h: 'OptimizedReportGenerator' object has no attribute 'SYMBOLS'
2025-06-06 05:22:09,043 - visualization.report_generator - INFO - 🔧 Khởi tạo OptimizedReportGenerator - Focus OI & Volume
2025-06-06 05:22:09,043 - visualization.report_generator - INFO - 📊 Tạo báo cáo tổng hợp hàng ngày
2025-06-06 05:22:10,508 - visualization.report_generator - INFO - 💾 Đã lưu báo cáo: daily_summary.json
2025-06-06 05:22:10,509 - visualization.report_generator - INFO - ✅ Hoàn thành báo cáo tổng hợp hàng ngày
2025-06-06 05:22:10,510 - visualization.report_generator - INFO - 🔄 Tạo dữ liệu tracking 24h cho web
2025-06-06 05:22:10,518 - visualization.report_generator - ERROR - ❌ Lỗi khi tạo dữ liệu tracking 24h: 'OptimizedReportGenerator' object has no attribute 'SYMBOLS'
2025-06-06 05:54:04,067 - visualization.report_generator - INFO - 🔧 Khởi tạo OptimizedReportGenerator - Focus OI & Volume
2025-06-06 05:54:04,067 - visualization.report_generator - INFO - 📊 Tạo báo cáo tổng hợp hàng ngày
2025-06-06 05:54:05,512 - visualization.report_generator - INFO - 💾 Đã lưu báo cáo: daily_summary.json
2025-06-06 05:54:05,513 - visualization.report_generator - INFO - ✅ Hoàn thành báo cáo tổng hợp hàng ngày
2025-06-06 05:54:05,513 - visualization.report_generator - INFO - 🔄 Tạo dữ liệu tracking 24h cho web
2025-06-06 05:54:05,521 - visualization.report_generator - ERROR - ❌ Lỗi khi tạo dữ liệu tracking 24h: 'OptimizedReportGenerator' object has no attribute 'SYMBOLS'
2025-06-06 06:25:55,620 - visualization.report_generator - INFO - 🔧 Khởi tạo OptimizedReportGenerator - Focus OI & Volume
2025-06-06 06:25:55,620 - visualization.report_generator - INFO - 📊 Tạo báo cáo tổng hợp hàng ngày
2025-06-06 06:25:57,156 - visualization.report_generator - INFO - 💾 Đã lưu báo cáo: daily_summary.json
2025-06-06 06:25:57,157 - visualization.report_generator - INFO - ✅ Hoàn thành báo cáo tổng hợp hàng ngày
2025-06-06 06:25:57,158 - visualization.report_generator - INFO - 🔄 Tạo dữ liệu tracking 24h cho web
2025-06-06 06:25:57,167 - visualization.report_generator - ERROR - ❌ Lỗi khi tạo dữ liệu tracking 24h: 'OptimizedReportGenerator' object has no attribute 'SYMBOLS'
2025-06-06 06:57:48,279 - visualization.report_generator - INFO - 🔧 Khởi tạo OptimizedReportGenerator - Focus OI & Volume
2025-06-06 06:57:48,279 - visualization.report_generator - INFO - 📊 Tạo báo cáo tổng hợp hàng ngày
2025-06-06 06:57:49,849 - visualization.report_generator - INFO - 💾 Đã lưu báo cáo: daily_summary.json
2025-06-06 06:57:49,850 - visualization.report_generator - INFO - ✅ Hoàn thành báo cáo tổng hợp hàng ngày
2025-06-06 06:57:49,851 - visualization.report_generator - INFO - 🔄 Tạo dữ liệu tracking 24h cho web
2025-06-06 06:57:49,863 - visualization.report_generator - ERROR - ❌ Lỗi khi tạo dữ liệu tracking 24h: 'OptimizedReportGenerator' object has no attribute 'SYMBOLS'
2025-06-06 07:29:41,558 - visualization.report_generator - INFO - 🔧 Khởi tạo OptimizedReportGenerator - Focus OI & Volume
2025-06-06 07:29:41,558 - visualization.report_generator - INFO - 📊 Tạo báo cáo tổng hợp hàng ngày
2025-06-06 07:29:42,988 - visualization.report_generator - INFO - 💾 Đã lưu báo cáo: daily_summary.json
2025-06-06 07:29:42,988 - visualization.report_generator - INFO - ✅ Hoàn thành báo cáo tổng hợp hàng ngày
2025-06-06 07:29:42,989 - visualization.report_generator - INFO - 🔄 Tạo dữ liệu tracking 24h cho web
2025-06-06 07:29:42,998 - visualization.report_generator - ERROR - ❌ Lỗi khi tạo dữ liệu tracking 24h: 'OptimizedReportGenerator' object has no attribute 'SYMBOLS'
2025-06-06 08:01:36,724 - visualization.report_generator - INFO - 🔧 Khởi tạo OptimizedReportGenerator - Focus OI & Volume
2025-06-06 08:01:36,725 - visualization.report_generator - INFO - 📊 Tạo báo cáo tổng hợp hàng ngày
2025-06-06 08:01:38,213 - visualization.report_generator - INFO - 💾 Đã lưu báo cáo: daily_summary.json
2025-06-06 08:01:38,214 - visualization.report_generator - INFO - ✅ Hoàn thành báo cáo tổng hợp hàng ngày
2025-06-06 08:01:38,215 - visualization.report_generator - INFO - 🔄 Tạo dữ liệu tracking 24h cho web
2025-06-06 08:01:38,224 - visualization.report_generator - ERROR - ❌ Lỗi khi tạo dữ liệu tracking 24h: 'OptimizedReportGenerator' object has no attribute 'SYMBOLS'
2025-06-06 08:33:30,054 - visualization.report_generator - INFO - 🔧 Khởi tạo OptimizedReportGenerator - Focus OI & Volume
2025-06-06 08:33:30,055 - visualization.report_generator - INFO - 📊 Tạo báo cáo tổng hợp hàng ngày
2025-06-06 08:33:31,569 - visualization.report_generator - INFO - 💾 Đã lưu báo cáo: daily_summary.json
2025-06-06 08:33:31,569 - visualization.report_generator - INFO - ✅ Hoàn thành báo cáo tổng hợp hàng ngày
2025-06-06 08:33:31,571 - visualization.report_generator - INFO - 🔄 Tạo dữ liệu tracking 24h cho web
2025-06-06 08:33:31,580 - visualization.report_generator - ERROR - ❌ Lỗi khi tạo dữ liệu tracking 24h: 'OptimizedReportGenerator' object has no attribute 'SYMBOLS'
2025-06-06 09:06:03,584 - visualization.report_generator - INFO - 🔧 Khởi tạo OptimizedReportGenerator - Focus OI & Volume
2025-06-06 09:06:03,585 - visualization.report_generator - INFO - 📊 Tạo báo cáo tổng hợp hàng ngày
2025-06-06 09:06:05,051 - visualization.report_generator - INFO - 💾 Đã lưu báo cáo: daily_summary.json
2025-06-06 09:06:05,052 - visualization.report_generator - INFO - ✅ Hoàn thành báo cáo tổng hợp hàng ngày
2025-06-06 09:06:05,053 - visualization.report_generator - INFO - 🔄 Tạo dữ liệu tracking 24h cho web
2025-06-06 09:06:05,062 - visualization.report_generator - ERROR - ❌ Lỗi khi tạo dữ liệu tracking 24h: 'OptimizedReportGenerator' object has no attribute 'SYMBOLS'
2025-06-06 09:38:15,193 - visualization.report_generator - INFO - 🔧 Khởi tạo OptimizedReportGenerator - Focus OI & Volume
2025-06-06 09:38:15,194 - visualization.report_generator - INFO - 📊 Tạo báo cáo tổng hợp hàng ngày
2025-06-06 09:38:16,603 - visualization.report_generator - INFO - 💾 Đã lưu báo cáo: daily_summary.json
2025-06-06 09:38:16,604 - visualization.report_generator - INFO - ✅ Hoàn thành báo cáo tổng hợp hàng ngày
2025-06-06 09:38:16,605 - visualization.report_generator - INFO - 🔄 Tạo dữ liệu tracking 24h cho web
2025-06-06 09:38:16,614 - visualization.report_generator - ERROR - ❌ Lỗi khi tạo dữ liệu tracking 24h: 'OptimizedReportGenerator' object has no attribute 'SYMBOLS'
2025-06-06 10:10:22,306 - visualization.report_generator - INFO - 🔧 Khởi tạo OptimizedReportGenerator - Focus OI & Volume
2025-06-06 10:10:22,306 - visualization.report_generator - INFO - 📊 Tạo báo cáo tổng hợp hàng ngày
2025-06-06 10:10:23,768 - visualization.report_generator - INFO - 💾 Đã lưu báo cáo: daily_summary.json
2025-06-06 10:10:23,768 - visualization.report_generator - INFO - ✅ Hoàn thành báo cáo tổng hợp hàng ngày
2025-06-06 10:10:23,769 - visualization.report_generator - INFO - 🔄 Tạo dữ liệu tracking 24h cho web
2025-06-06 10:10:23,778 - visualization.report_generator - ERROR - ❌ Lỗi khi tạo dữ liệu tracking 24h: 'OptimizedReportGenerator' object has no attribute 'SYMBOLS'
2025-06-06 10:42:14,813 - visualization.report_generator - INFO - 🔧 Khởi tạo OptimizedReportGenerator - Focus OI & Volume
2025-06-06 10:42:14,813 - visualization.report_generator - INFO - 📊 Tạo báo cáo tổng hợp hàng ngày
2025-06-06 10:42:16,217 - visualization.report_generator - INFO - 💾 Đã lưu báo cáo: daily_summary.json
2025-06-06 10:42:16,218 - visualization.report_generator - INFO - ✅ Hoàn thành báo cáo tổng hợp hàng ngày
2025-06-06 10:42:16,219 - visualization.report_generator - INFO - 🔄 Tạo dữ liệu tracking 24h cho web
2025-06-06 10:42:16,228 - visualization.report_generator - ERROR - ❌ Lỗi khi tạo dữ liệu tracking 24h: 'OptimizedReportGenerator' object has no attribute 'SYMBOLS'
2025-06-06 11:14:25,157 - visualization.report_generator - INFO - 🔧 Khởi tạo OptimizedReportGenerator - Focus OI & Volume
2025-06-06 11:14:25,157 - visualization.report_generator - INFO - 📊 Tạo báo cáo tổng hợp hàng ngày
2025-06-06 11:14:26,560 - visualization.report_generator - INFO - 💾 Đã lưu báo cáo: daily_summary.json
2025-06-06 11:14:26,561 - visualization.report_generator - INFO - ✅ Hoàn thành báo cáo tổng hợp hàng ngày
2025-06-06 11:14:26,562 - visualization.report_generator - INFO - 🔄 Tạo dữ liệu tracking 24h cho web
2025-06-06 11:14:26,571 - visualization.report_generator - ERROR - ❌ Lỗi khi tạo dữ liệu tracking 24h: 'OptimizedReportGenerator' object has no attribute 'SYMBOLS'
2025-06-06 11:46:19,397 - visualization.report_generator - INFO - 🔧 Khởi tạo OptimizedReportGenerator - Focus OI & Volume
2025-06-06 11:46:19,397 - visualization.report_generator - INFO - 📊 Tạo báo cáo tổng hợp hàng ngày
2025-06-06 11:46:20,827 - visualization.report_generator - INFO - 💾 Đã lưu báo cáo: daily_summary.json
2025-06-06 11:46:20,827 - visualization.report_generator - INFO - ✅ Hoàn thành báo cáo tổng hợp hàng ngày
2025-06-06 11:46:20,828 - visualization.report_generator - INFO - 🔄 Tạo dữ liệu tracking 24h cho web
2025-06-06 11:46:20,838 - visualization.report_generator - ERROR - ❌ Lỗi khi tạo dữ liệu tracking 24h: 'OptimizedReportGenerator' object has no attribute 'SYMBOLS'
2025-06-06 12:20:12,939 - visualization.report_generator - INFO - 🔧 Khởi tạo OptimizedReportGenerator - Focus OI & Volume
2025-06-06 12:20:12,939 - visualization.report_generator - INFO - 📊 Tạo báo cáo tổng hợp hàng ngày
2025-06-06 12:20:14,477 - visualization.report_generator - INFO - 💾 Đã lưu báo cáo: daily_summary.json
2025-06-06 12:20:14,477 - visualization.report_generator - INFO - ✅ Hoàn thành báo cáo tổng hợp hàng ngày
2025-06-06 12:20:14,477 - visualization.report_generator - INFO - 🔄 Tạo dữ liệu tracking 24h cho web
2025-06-06 12:20:14,489 - visualization.report_generator - ERROR - ❌ Lỗi khi tạo dữ liệu tracking 24h: 'OptimizedReportGenerator' object has no attribute 'SYMBOLS'
2025-06-06 12:52:23,182 - visualization.report_generator - INFO - 🔧 Khởi tạo OptimizedReportGenerator - Focus OI & Volume
2025-06-06 12:52:23,183 - visualization.report_generator - INFO - 📊 Tạo báo cáo tổng hợp hàng ngày
2025-06-06 12:52:24,706 - visualization.report_generator - INFO - 💾 Đã lưu báo cáo: daily_summary.json
2025-06-06 12:52:24,706 - visualization.report_generator - INFO - ✅ Hoàn thành báo cáo tổng hợp hàng ngày
2025-06-06 12:52:24,708 - visualization.report_generator - INFO - 🔄 Tạo dữ liệu tracking 24h cho web
2025-06-06 12:52:24,732 - visualization.report_generator - ERROR - ❌ Lỗi khi tạo dữ liệu tracking 24h: 'OptimizedReportGenerator' object has no attribute 'SYMBOLS'
2025-06-06 13:24:17,504 - visualization.report_generator - INFO - 🔧 Khởi tạo OptimizedReportGenerator - Focus OI & Volume
2025-06-06 13:24:17,504 - visualization.report_generator - INFO - 📊 Tạo báo cáo tổng hợp hàng ngày
2025-06-06 13:24:18,935 - visualization.report_generator - INFO - 💾 Đã lưu báo cáo: daily_summary.json
2025-06-06 13:24:18,936 - visualization.report_generator - INFO - ✅ Hoàn thành báo cáo tổng hợp hàng ngày
2025-06-06 13:24:18,937 - visualization.report_generator - INFO - 🔄 Tạo dữ liệu tracking 24h cho web
2025-06-06 13:24:18,947 - visualization.report_generator - ERROR - ❌ Lỗi khi tạo dữ liệu tracking 24h: 'OptimizedReportGenerator' object has no attribute 'SYMBOLS'
2025-06-06 14:12:21,444 - visualization.report_generator - INFO - 🔧 Khởi tạo OptimizedReportGenerator - Focus OI & Volume
2025-06-06 14:12:21,444 - visualization.report_generator - INFO - 📊 Tạo báo cáo tổng hợp hàng ngày
2025-06-06 14:12:23,037 - visualization.report_generator - INFO - 💾 Đã lưu báo cáo: daily_summary.json
2025-06-06 14:12:23,038 - visualization.report_generator - INFO - ✅ Hoàn thành báo cáo tổng hợp hàng ngày
2025-06-06 14:12:23,039 - visualization.report_generator - INFO - 🔄 Tạo dữ liệu tracking 24h cho web
2025-06-06 14:12:23,049 - visualization.report_generator - ERROR - ❌ Lỗi khi tạo dữ liệu tracking 24h: 'OptimizedReportGenerator' object has no attribute 'SYMBOLS'
2025-06-06 14:44:16,166 - visualization.report_generator - INFO - 🔧 Khởi tạo OptimizedReportGenerator - Focus OI & Volume
2025-06-06 14:44:16,167 - visualization.report_generator - INFO - 📊 Tạo báo cáo tổng hợp hàng ngày
2025-06-06 14:44:17,643 - visualization.report_generator - INFO - 💾 Đã lưu báo cáo: daily_summary.json
2025-06-06 14:44:17,644 - visualization.report_generator - INFO - ✅ Hoàn thành báo cáo tổng hợp hàng ngày
2025-06-06 14:44:17,645 - visualization.report_generator - INFO - 🔄 Tạo dữ liệu tracking 24h cho web
2025-06-06 14:44:17,655 - visualization.report_generator - ERROR - ❌ Lỗi khi tạo dữ liệu tracking 24h: 'OptimizedReportGenerator' object has no attribute 'SYMBOLS'
2025-06-06 15:16:09,296 - visualization.report_generator - INFO - 🔧 Khởi tạo OptimizedReportGenerator - Focus OI & Volume
2025-06-06 15:16:09,296 - visualization.report_generator - INFO - 📊 Tạo báo cáo tổng hợp hàng ngày
2025-06-06 15:16:10,754 - visualization.report_generator - INFO - 💾 Đã lưu báo cáo: daily_summary.json
2025-06-06 15:16:10,754 - visualization.report_generator - INFO - ✅ Hoàn thành báo cáo tổng hợp hàng ngày
2025-06-06 15:16:10,755 - visualization.report_generator - INFO - 🔄 Tạo dữ liệu tracking 24h cho web
2025-06-06 15:16:10,765 - visualization.report_generator - ERROR - ❌ Lỗi khi tạo dữ liệu tracking 24h: 'OptimizedReportGenerator' object has no attribute 'SYMBOLS'
2025-06-06 15:48:02,614 - visualization.report_generator - INFO - 🔧 Khởi tạo OptimizedReportGenerator - Focus OI & Volume
2025-06-06 15:48:02,615 - visualization.report_generator - INFO - 📊 Tạo báo cáo tổng hợp hàng ngày
2025-06-06 15:48:04,064 - visualization.report_generator - INFO - 💾 Đã lưu báo cáo: daily_summary.json
2025-06-06 15:48:04,065 - visualization.report_generator - INFO - ✅ Hoàn thành báo cáo tổng hợp hàng ngày
2025-06-06 15:48:04,066 - visualization.report_generator - INFO - 🔄 Tạo dữ liệu tracking 24h cho web
2025-06-06 15:48:04,090 - visualization.report_generator - ERROR - ❌ Lỗi khi tạo dữ liệu tracking 24h: 'OptimizedReportGenerator' object has no attribute 'SYMBOLS'
2025-06-06 16:19:58,081 - visualization.report_generator - INFO - 🔧 Khởi tạo OptimizedReportGenerator - Focus OI & Volume
2025-06-06 16:19:58,082 - visualization.report_generator - INFO - 📊 Tạo báo cáo tổng hợp hàng ngày
2025-06-06 16:19:59,533 - visualization.report_generator - INFO - 💾 Đã lưu báo cáo: daily_summary.json
2025-06-06 16:19:59,534 - visualization.report_generator - INFO - ✅ Hoàn thành báo cáo tổng hợp hàng ngày
2025-06-06 16:19:59,535 - visualization.report_generator - INFO - 🔄 Tạo dữ liệu tracking 24h cho web
2025-06-06 16:19:59,544 - visualization.report_generator - ERROR - ❌ Lỗi khi tạo dữ liệu tracking 24h: 'OptimizedReportGenerator' object has no attribute 'SYMBOLS'
2025-06-06 16:51:58,687 - visualization.report_generator - INFO - 🔧 Khởi tạo OptimizedReportGenerator - Focus OI & Volume
2025-06-06 16:51:58,687 - visualization.report_generator - INFO - 📊 Tạo báo cáo tổng hợp hàng ngày
2025-06-06 16:52:00,116 - visualization.report_generator - INFO - 💾 Đã lưu báo cáo: daily_summary.json
2025-06-06 16:52:00,117 - visualization.report_generator - INFO - ✅ Hoàn thành báo cáo tổng hợp hàng ngày
2025-06-06 16:52:00,118 - visualization.report_generator - INFO - 🔄 Tạo dữ liệu tracking 24h cho web
2025-06-06 16:52:00,130 - visualization.report_generator - ERROR - ❌ Lỗi khi tạo dữ liệu tracking 24h: 'OptimizedReportGenerator' object has no attribute 'SYMBOLS'
2025-06-06 17:23:52,752 - visualization.report_generator - INFO - 🔧 Khởi tạo OptimizedReportGenerator - Focus OI & Volume
2025-06-06 17:23:52,752 - visualization.report_generator - INFO - 📊 Tạo báo cáo tổng hợp hàng ngày
2025-06-06 17:23:54,185 - visualization.report_generator - INFO - 💾 Đã lưu báo cáo: daily_summary.json
2025-06-06 17:23:54,186 - visualization.report_generator - INFO - ✅ Hoàn thành báo cáo tổng hợp hàng ngày
2025-06-06 17:23:54,187 - visualization.report_generator - INFO - 🔄 Tạo dữ liệu tracking 24h cho web
2025-06-06 17:23:54,197 - visualization.report_generator - ERROR - ❌ Lỗi khi tạo dữ liệu tracking 24h: 'OptimizedReportGenerator' object has no attribute 'SYMBOLS'
2025-06-06 17:55:46,734 - visualization.report_generator - INFO - 🔧 Khởi tạo OptimizedReportGenerator - Focus OI & Volume
2025-06-06 17:55:46,735 - visualization.report_generator - INFO - 📊 Tạo báo cáo tổng hợp hàng ngày
2025-06-06 17:55:48,207 - visualization.report_generator - INFO - 💾 Đã lưu báo cáo: daily_summary.json
2025-06-06 17:55:48,207 - visualization.report_generator - INFO - ✅ Hoàn thành báo cáo tổng hợp hàng ngày
2025-06-06 17:55:48,208 - visualization.report_generator - INFO - 🔄 Tạo dữ liệu tracking 24h cho web
2025-06-06 17:55:48,219 - visualization.report_generator - ERROR - ❌ Lỗi khi tạo dữ liệu tracking 24h: 'OptimizedReportGenerator' object has no attribute 'SYMBOLS'
2025-06-06 18:27:41,597 - visualization.report_generator - INFO - 🔧 Khởi tạo OptimizedReportGenerator - Focus OI & Volume
2025-06-06 18:27:41,597 - visualization.report_generator - INFO - 📊 Tạo báo cáo tổng hợp hàng ngày
2025-06-06 18:27:43,030 - visualization.report_generator - INFO - 💾 Đã lưu báo cáo: daily_summary.json
2025-06-06 18:27:43,031 - visualization.report_generator - INFO - ✅ Hoàn thành báo cáo tổng hợp hàng ngày
2025-06-06 18:27:43,031 - visualization.report_generator - INFO - 🔄 Tạo dữ liệu tracking 24h cho web
2025-06-06 18:27:43,041 - visualization.report_generator - ERROR - ❌ Lỗi khi tạo dữ liệu tracking 24h: 'OptimizedReportGenerator' object has no attribute 'SYMBOLS'
2025-06-06 18:59:38,298 - visualization.report_generator - INFO - 🔧 Khởi tạo OptimizedReportGenerator - Focus OI & Volume
2025-06-06 18:59:38,298 - visualization.report_generator - INFO - 📊 Tạo báo cáo tổng hợp hàng ngày
2025-06-06 18:59:39,801 - visualization.report_generator - INFO - 💾 Đã lưu báo cáo: daily_summary.json
2025-06-06 18:59:39,802 - visualization.report_generator - INFO - ✅ Hoàn thành báo cáo tổng hợp hàng ngày
2025-06-06 18:59:39,802 - visualization.report_generator - INFO - 🔄 Tạo dữ liệu tracking 24h cho web
2025-06-06 18:59:39,813 - visualization.report_generator - ERROR - ❌ Lỗi khi tạo dữ liệu tracking 24h: 'OptimizedReportGenerator' object has no attribute 'SYMBOLS'
2025-06-06 19:31:33,573 - visualization.report_generator - INFO - 🔧 Khởi tạo OptimizedReportGenerator - Focus OI & Volume
2025-06-06 19:31:33,573 - visualization.report_generator - INFO - 📊 Tạo báo cáo tổng hợp hàng ngày
2025-06-06 19:31:35,107 - visualization.report_generator - INFO - 💾 Đã lưu báo cáo: daily_summary.json
2025-06-06 19:31:35,108 - visualization.report_generator - INFO - ✅ Hoàn thành báo cáo tổng hợp hàng ngày
2025-06-06 19:31:35,109 - visualization.report_generator - INFO - 🔄 Tạo dữ liệu tracking 24h cho web
2025-06-06 19:31:35,119 - visualization.report_generator - ERROR - ❌ Lỗi khi tạo dữ liệu tracking 24h: 'OptimizedReportGenerator' object has no attribute 'SYMBOLS'
2025-06-06 20:01:45,160 - visualization.report_generator - INFO - 🔧 Khởi tạo OptimizedReportGenerator - Focus OI & Volume
2025-06-06 20:01:45,161 - visualization.report_generator - INFO - 📊 Tạo báo cáo tổng hợp hàng ngày
2025-06-06 20:01:46,769 - visualization.report_generator - INFO - 💾 Đã lưu báo cáo: daily_summary.json
2025-06-06 20:01:46,770 - visualization.report_generator - INFO - ✅ Hoàn thành báo cáo tổng hợp hàng ngày
2025-06-06 20:04:52,636 - visualization.report_generator - INFO - 🔧 Khởi tạo OptimizedReportGenerator - Focus OI & Volume
2025-06-06 20:04:52,637 - visualization.report_generator - INFO - 📊 Tạo báo cáo tổng hợp hàng ngày
2025-06-06 20:04:54,160 - visualization.report_generator - INFO - 💾 Đã lưu báo cáo: daily_summary.json
2025-06-06 20:04:54,160 - visualization.report_generator - INFO - ✅ Hoàn thành báo cáo tổng hợp hàng ngày
2025-06-06 20:04:54,161 - visualization.report_generator - INFO - 🔄 Tạo dữ liệu tracking 24h cho web
2025-06-06 20:04:54,172 - visualization.report_generator - ERROR - ❌ Lỗi khi tạo dữ liệu tracking 24h: 'OptimizedReportGenerator' object has no attribute 'SYMBOLS'
